;rank;population_name;population_size;sample_name;sample_size;sample_mean
0;0;population_1;100;sample_1;1;-0.599007998779877
1;1;population_1;100;sample_2;2;1.4444049125675162
2;2;population_1;100;sample_3;3;-0.4320369101163852
3;3;population_1;100;sample_4;4;0.6592933201301313
4;4;population_1;100;sample_5;5;-0.4590186727097195
5;5;population_1;100;sample_6;6;-0.9656974656910927
6;6;population_1;100;sample_7;7;-0.11388437709892807
7;7;population_1;100;sample_8;8;0.3947453706327688
8;8;population_1;100;sample_9;9;0.3027787584658562
9;9;population_1;100;sample_10;10;-0.0067140341177662766
10;10;population_1;100;sample_11;11;0.3104771423055385
11;11;population_1;100;sample_12;12;-0.2676361175542666
12;12;population_1;100;sample_13;13;-0.5390967065632292
13;13;population_1;100;sample_14;14;0.15419744588537046
14;14;population_1;100;sample_15;15;-0.072079930984408
15;15;population_1;100;sample_16;16;-0.11845876619366563
16;16;population_1;100;sample_17;17;0.1937285213707402
17;17;population_1;100;sample_18;18;0.027709966671175586
18;18;population_1;100;sample_19;19;0.16600272167036864
19;19;population_1;100;sample_20;20;-0.1530302519323668
20;20;population_1;100;sample_21;21;0.24537466522185591
21;21;population_1;100;sample_22;22;0.11391039381951806
22;22;population_1;100;sample_23;23;-0.17752090717476152
23;23;population_1;100;sample_24;24;-0.12126574584224968
24;24;population_1;100;sample_25;25;0.01375511006343459
25;25;population_1;100;sample_26;26;-0.09677249631587746
26;26;population_1;100;sample_27;27;-0.26731186547418445
27;27;population_1;100;sample_28;28;-0.035215418988793004
28;28;population_1;100;sample_29;29;-0.10683241904037352
29;29;population_1;100;sample_30;30;0.25632593901580414
30;30;population_1;100;sample_31;31;-0.0004664193734904242
31;31;population_1;100;sample_32;32;-0.12132175759958667
32;32;population_1;100;sample_33;33;0.14238015330550366
33;33;population_1;100;sample_34;34;-0.012629901509647393
34;34;population_1;100;sample_35;35;-0.06537788159253385
35;35;population_1;100;sample_36;36;0.13086750191778462
36;36;population_1;100;sample_37;37;-0.5863592676344301
37;37;population_1;100;sample_38;38;-0.005934334231040342
38;38;population_1;100;sample_39;39;-0.016399052867768778
39;39;population_1;100;sample_40;40;0.08510744132762262
40;40;population_1;100;sample_41;41;0.1233473117919468
41;41;population_1;100;sample_42;42;-0.3371210716734514
42;42;population_1;100;sample_43;43;0.18403890145105864
43;43;population_1;100;sample_44;44;-0.09594215856832147
44;44;population_1;100;sample_45;45;-0.25475933815943586
45;45;population_1;100;sample_46;46;-0.07558089396773882
46;46;population_1;100;sample_47;47;0.05010355622071097
47;47;population_1;100;sample_48;48;0.025602527854669543
48;48;population_1;100;sample_49;49;-0.044709005273713964
49;49;population_1;100;sample_50;50;0.07883222646832076
50;50;population_1;100;sample_51;51;0.046770389355950466
51;51;population_1;100;sample_52;52;0.1682002414934733
52;52;population_1;100;sample_53;53;-0.023078099676812944
53;53;population_1;100;sample_54;54;0.009773994138381014
54;54;population_1;100;sample_55;55;-0.02997858290963813
55;55;population_1;100;sample_56;56;0.004482536583373735
56;56;population_1;100;sample_57;57;0.058285919761667165
57;57;population_1;100;sample_58;58;-0.030973465650155196
58;58;population_1;100;sample_59;59;0.07544188457149666
59;59;population_1;100;sample_60;60;0.04000447352365733
60;60;population_1;100;sample_61;61;0.09251185717100027
61;61;population_1;100;sample_62;62;0.1367521640114549
62;62;population_1;100;sample_63;63;-0.09737569305987191
63;63;population_1;100;sample_64;64;0.020093928664739247
64;64;population_1;100;sample_65;65;-0.00014070670717716198
65;65;population_1;100;sample_66;66;0.13205884316265
66;66;population_1;100;sample_67;67;0.06928335328390423
67;67;population_1;100;sample_68;68;-0.005266240882700227
68;68;population_1;100;sample_69;69;0.02379116785286656
69;69;population_1;100;sample_70;70;0.08097924359121149
70;70;population_1;100;sample_71;71;0.012570362627089498
71;71;population_1;100;sample_72;72;-0.03761532159603601
72;72;population_1;100;sample_73;73;-0.07654704748773707
73;73;population_1;100;sample_74;74;-0.28160430663924935
74;74;population_1;100;sample_75;75;-0.0916665214169743
75;75;population_1;100;sample_76;76;-0.058110433466558545
76;76;population_1;100;sample_77;77;0.09158489629444089
77;77;population_1;100;sample_78;78;-0.09553745376476033
78;78;population_1;100;sample_79;79;0.021454168338640927
79;79;population_1;100;sample_80;80;0.17715646566375423
80;80;population_1;100;sample_81;81;0.03924288945420114
81;81;population_1;100;sample_82;82;-0.046825574995909655
82;82;population_1;100;sample_83;83;-0.13729298541237467
83;83;population_1;100;sample_84;84;0.04284439686189217
84;84;population_1;100;sample_85;85;0.04120638101943449
85;85;population_1;100;sample_86;86;-0.16471552027794858
86;86;population_1;100;sample_87;87;-0.05474254571656149
87;87;population_1;100;sample_88;88;-0.13792402252046312
88;88;population_1;100;sample_89;89;-0.26882785762496986
89;89;population_1;100;sample_90;90;-0.15655447901563935
90;90;population_1;100;sample_91;91;0.0517083280271465
91;91;population_1;100;sample_92;92;-0.043941052253047445
92;92;population_1;100;sample_93;93;-0.07067112432238443
93;93;population_1;100;sample_94;94;0.1217917027619886
94;94;population_1;100;sample_95;95;-0.09681456401852273
95;95;population_1;100;sample_96;96;-0.05425070982282155
96;96;population_1;100;sample_97;97;-0.038261050440054775
97;97;population_1;100;sample_98;98;0.09393857523526468
98;98;population_1;100;sample_99;99;0.06963127766923603
99;99;population_2;300;sample_100;1;-1.8712730458998335
100;100;population_2;300;sample_101;2;-0.6209454174568507
101;101;population_2;300;sample_102;3;-0.16578578029796337
102;102;population_2;300;sample_103;4;0.09533470466573346
103;103;population_2;300;sample_104;5;-0.09398762967718086
104;104;population_2;300;sample_105;6;-0.5968094022826899
105;105;population_2;300;sample_106;7;-0.6231531866285317
106;106;population_2;300;sample_107;8;-0.5655698975389772
107;107;population_2;300;sample_108;9;0.3599781187957778
108;108;population_2;300;sample_109;10;0.2886025706054179
109;109;population_2;300;sample_110;11;0.2608306682421929
110;110;population_2;300;sample_111;12;-0.023040751779925022
111;111;population_2;300;sample_112;13;-0.03243520208963579
112;112;population_2;300;sample_113;14;0.4618429421022106
113;113;population_2;300;sample_114;15;0.2918292746320654
114;114;population_2;300;sample_115;16;0.10711715898227908
115;115;population_2;300;sample_116;17;-0.08573258568087969
116;116;population_2;300;sample_117;18;0.5191631374096873
117;117;population_2;300;sample_118;19;0.05692857200924493
118;118;population_2;300;sample_119;20;-0.3533064278760343
119;119;population_2;300;sample_120;21;0.3186541739438561
120;120;population_2;300;sample_121;22;0.377762185058701
121;121;population_2;300;sample_122;23;-0.27705146400104386
122;122;population_2;300;sample_123;24;-0.41334506496395956
123;123;population_2;300;sample_124;25;0.2834663616258769
124;124;population_2;300;sample_125;26;0.05503004553170135
125;125;population_2;300;sample_126;27;-0.15531094164518555
126;126;population_2;300;sample_127;28;-0.05493936616123906
127;127;population_2;300;sample_128;29;0.23025222525071812
128;128;population_2;300;sample_129;30;-0.0692445923156614
129;129;population_2;300;sample_130;31;-0.07773396630116679
130;130;population_2;300;sample_131;32;0.2376199918803047
131;131;population_2;300;sample_132;33;-0.11005038126262806
132;132;population_2;300;sample_133;34;-0.10160252548943796
133;133;population_2;300;sample_134;35;-0.07118187303490804
134;134;population_2;300;sample_135;36;-0.08812555682554496
135;135;population_2;300;sample_136;37;0.0720510785918063
136;136;population_2;300;sample_137;38;0.14203690751635462
137;137;population_2;300;sample_138;39;-0.11041078423950054
138;138;population_2;300;sample_139;40;0.003951056909958728
139;139;population_2;300;sample_140;41;-0.05704605909879777
140;140;population_2;300;sample_141;42;-0.168255973583372
141;141;population_2;300;sample_142;43;0.1571396702972809
142;142;population_2;300;sample_143;44;-0.029971831992664257
143;143;population_2;300;sample_144;45;0.1807057587378868
144;144;population_2;300;sample_145;46;0.05188632117848068
145;145;population_2;300;sample_146;47;0.002244820352816805
146;146;population_2;300;sample_147;48;-0.01888424101804646
147;147;population_2;300;sample_148;49;-0.18522535738634927
148;148;population_2;300;sample_149;50;0.039202394224345266
149;149;population_2;300;sample_150;51;-0.24780483154869606
150;150;population_2;300;sample_151;52;0.012588000667252373
151;151;population_2;300;sample_152;53;-0.09607320072535962
152;152;population_2;300;sample_153;54;-0.053745510567758066
153;153;population_2;300;sample_154;55;-0.12336602257602326
154;154;population_2;300;sample_155;56;-0.2545285649603265
155;155;population_2;300;sample_156;57;0.04724466911237518
156;156;population_2;300;sample_157;58;-0.20543931278328365
157;157;population_2;300;sample_158;59;-0.03259956172931405
158;158;population_2;300;sample_159;60;-0.08086231364669609
159;159;population_2;300;sample_160;61;0.19825096439337986
160;160;population_2;300;sample_161;62;-0.024347021980916712
161;161;population_2;300;sample_162;63;0.019323988767829158
162;162;population_2;300;sample_163;64;-0.1519166502308625
163;163;population_2;300;sample_164;65;0.1720193330955136
164;164;population_2;300;sample_165;66;0.15521418985566243
165;165;population_2;300;sample_166;67;0.21962802126305628
166;166;population_2;300;sample_167;68;-0.20690913954825954
167;167;population_2;300;sample_168;69;0.008242811178742272
168;168;population_2;300;sample_169;70;0.06001622101602039
169;169;population_2;300;sample_170;71;-0.11279534109302242
170;170;population_2;300;sample_171;72;0.13779242400020192
171;171;population_2;300;sample_172;73;0.0636760688256286
172;172;population_2;300;sample_173;74;-0.1234729399821126
173;173;population_2;300;sample_174;75;0.06364178725736858
174;174;population_2;300;sample_175;76;-0.0887096838386668
175;175;population_2;300;sample_176;77;-0.08890682772027309
176;176;population_2;300;sample_177;78;0.09368368081998997
177;177;population_2;300;sample_178;79;-0.05171210858746031
178;178;population_2;300;sample_179;80;-0.13690675053702814
179;179;population_2;300;sample_180;81;0.0335712048778478
180;180;population_2;300;sample_181;82;-0.11429748699547754
181;181;population_2;300;sample_182;83;-0.05584552710244667
182;182;population_2;300;sample_183;84;0.100604013200088
183;183;population_2;300;sample_184;85;-0.13406031437997282
184;184;population_2;300;sample_185;86;-0.03424891185423684
185;185;population_2;300;sample_186;87;-0.07764288714313355
186;186;population_2;300;sample_187;88;-0.03859701899694179
187;187;population_2;300;sample_188;89;-0.02658695548234802
188;188;population_2;300;sample_189;90;-0.02545501210653182
189;189;population_2;300;sample_190;91;0.0802447878652469
190;190;population_2;300;sample_191;92;-0.054812320638327354
191;191;population_2;300;sample_192;93;0.013488901166726817
192;192;population_2;300;sample_193;94;-0.07652042535778575
193;193;population_2;300;sample_194;95;-0.10193309607147197
194;194;population_2;300;sample_195;96;-0.013841501058804218
195;195;population_2;300;sample_196;97;-0.17086250921277396
196;196;population_2;300;sample_197;98;0.08327944071630936
197;197;population_2;300;sample_198;99;-0.05514224273341372
198;198;population_2;300;sample_199;100;-0.03205594299215984
199;199;population_2;300;sample_200;101;-0.022064217043971775
200;200;population_2;300;sample_201;102;0.1551655962841906
201;201;population_2;300;sample_202;103;-0.01634314010285062
202;202;population_2;300;sample_203;104;0.05850211722453369
203;203;population_2;300;sample_204;105;-0.14863876749102659
204;204;population_2;300;sample_205;106;-0.07865505164534393
205;205;population_2;300;sample_206;107;0.08206516825654218
206;206;population_2;300;sample_207;108;0.12106534452535647
207;207;population_2;300;sample_208;109;-0.13725463819699718
208;208;population_2;300;sample_209;110;-0.053436400590793166
209;209;population_2;300;sample_210;111;0.013097578290537853
210;210;population_2;300;sample_211;112;0.06791813326082673
211;211;population_2;300;sample_212;113;-0.10570620186670811
212;212;population_2;300;sample_213;114;-0.07152278554854244
213;213;population_2;300;sample_214;115;0.03781868839105769
214;214;population_2;300;sample_215;116;0.11530946923059254
215;215;population_2;300;sample_216;117;-0.04986754554575222
216;216;population_2;300;sample_217;118;-0.08510674505243933
217;217;population_2;300;sample_218;119;-0.056747774030440394
218;218;population_2;300;sample_219;120;-0.14280218122591262
219;219;population_2;300;sample_220;121;0.07063020487015209
220;220;population_2;300;sample_221;122;0.04153188177204692
221;221;population_2;300;sample_222;123;-0.004806827329922359
222;222;population_2;300;sample_223;124;-0.02536240977007147
223;223;population_2;300;sample_224;125;-0.08481434242896221
224;224;population_2;300;sample_225;126;0.1659071032424221
225;225;population_2;300;sample_226;127;0.16448288621994045
226;226;population_2;300;sample_227;128;-0.059490131662510215
227;227;population_2;300;sample_228;129;-0.03917757971323966
228;228;population_2;300;sample_229;130;0.12359640780681327
229;229;population_2;300;sample_230;131;0.0075783357366168485
230;230;population_2;300;sample_231;132;-0.035809800526951874
231;231;population_2;300;sample_232;133;0.006200025191905087
232;232;population_2;300;sample_233;134;0.14774327755676667
233;233;population_2;300;sample_234;135;0.07462829696929757
234;234;population_2;300;sample_235;136;-0.03673311199939852
235;235;population_2;300;sample_236;137;-0.12484071364366786
236;236;population_2;300;sample_237;138;0.0341677794526478
237;237;population_2;300;sample_238;139;0.047103509128398065
238;238;population_2;300;sample_239;140;0.047922720155689234
239;239;population_2;300;sample_240;141;0.12560985958554674
240;240;population_2;300;sample_241;142;0.08457217230303749
241;241;population_2;300;sample_242;143;-0.07768861520415297
242;242;population_2;300;sample_243;144;0.05684780584417864
243;243;population_2;300;sample_244;145;0.04767696874680007
244;244;population_2;300;sample_245;146;-0.008783455038625678
245;245;population_2;300;sample_246;147;0.11867174815444617
246;246;population_2;300;sample_247;148;-0.12086111219327146
247;247;population_2;300;sample_248;149;-0.04778848079015324
248;248;population_2;300;sample_249;150;0.03364872992760523
249;249;population_2;300;sample_250;151;-0.03703578557456919
250;250;population_2;300;sample_251;152;0.028992678084315913
251;251;population_2;300;sample_252;153;-0.019228730959342348
252;252;population_2;300;sample_253;154;0.042856694210579985
253;253;population_2;300;sample_254;155;0.03775717041867219
254;254;population_2;300;sample_255;156;-0.019714617382499525
255;255;population_2;300;sample_256;157;0.03303636962031789
256;256;population_2;300;sample_257;158;0.012993948359749315
257;257;population_2;300;sample_258;159;-0.018344078028536746
258;258;population_2;300;sample_259;160;0.07918784059953381
259;259;population_2;300;sample_260;161;0.08123982508169103
260;260;population_2;300;sample_261;162;-0.04755281490894368
261;261;population_2;300;sample_262;163;-0.08233734467551818
262;262;population_2;300;sample_263;164;0.10143277670684799
263;263;population_2;300;sample_264;165;0.13092306063136683
264;264;population_2;300;sample_265;166;0.05581148837862067
265;265;population_2;300;sample_266;167;-0.008556955068376042
266;266;population_2;300;sample_267;168;0.03489469818418741
267;267;population_2;300;sample_268;169;-0.01738818425256373
268;268;population_2;300;sample_269;170;0.10533863792368878
269;269;population_2;300;sample_270;171;-0.029486166894926117
270;270;population_2;300;sample_271;172;0.05594838470249019
271;271;population_2;300;sample_272;173;0.07394673265598774
272;272;population_2;300;sample_273;174;-0.09245254662105261
273;273;population_2;300;sample_274;175;-0.08111229480283909
274;274;population_2;300;sample_275;176;0.005453474229461711
275;275;population_2;300;sample_276;177;0.07501538701070513
276;276;population_2;300;sample_277;178;0.11475647859671635
277;277;population_2;300;sample_278;179;-0.060481884592529546
278;278;population_2;300;sample_279;180;-0.10789135530768702
279;279;population_2;300;sample_280;181;0.07745756534812745
280;280;population_2;300;sample_281;182;0.07717676211116564
281;281;population_2;300;sample_282;183;0.04592920142974041
282;282;population_2;300;sample_283;184;-0.057030945379599976
283;283;population_2;300;sample_284;185;-0.0823705316279449
284;284;population_2;300;sample_285;186;-0.13026545298226616
285;285;population_2;300;sample_286;187;0.06705504894960733
286;286;population_2;300;sample_287;188;-0.004111221212617181
287;287;population_2;300;sample_288;189;0.013676809042947824
288;288;population_2;300;sample_289;190;-0.042206122343091186
289;289;population_2;300;sample_290;191;0.05483592239203456
290;290;population_2;300;sample_291;192;-0.07328901958745761
291;291;population_2;300;sample_292;193;0.05707103494845452
292;292;population_2;300;sample_293;194;0.03055226174343104
293;293;population_2;300;sample_294;195;-0.052327459430387024
294;294;population_2;300;sample_295;196;-0.01446124964860119
295;295;population_2;300;sample_296;197;-0.0645039817726193
296;296;population_2;300;sample_297;198;0.072069269364739
297;297;population_2;300;sample_298;199;0.05955857400580896
298;298;population_2;300;sample_299;200;-0.02157836999699373
299;299;population_2;300;sample_300;201;0.12547151816630184
300;300;population_2;300;sample_301;202;0.07996491526138243
301;301;population_2;300;sample_302;203;-0.004049231841184567
302;302;population_2;300;sample_303;204;0.013389066841358661
303;303;population_2;300;sample_304;205;-0.06017134231224235
304;304;population_2;300;sample_305;206;-0.008484169590061557
305;305;population_2;300;sample_306;207;-0.10964854962877255
306;306;population_2;300;sample_307;208;0.08415950664552593
307;307;population_2;300;sample_308;209;0.09103083044155881
308;308;population_2;300;sample_309;210;-0.020253432243706664
309;309;population_2;300;sample_310;211;-0.0915463021313182
310;310;population_2;300;sample_311;212;0.036558104523526314
311;311;population_2;300;sample_312;213;0.09554150019438502
312;312;population_2;300;sample_313;214;0.02690433361837622
313;313;population_2;300;sample_314;215;-0.08607811880026849
314;314;population_2;300;sample_315;216;-0.03261382946609298
315;315;population_2;300;sample_316;217;-0.04922095647628679
316;316;population_2;300;sample_317;218;-0.004993035546132615
317;317;population_2;300;sample_318;219;-0.013841758241778284
318;318;population_2;300;sample_319;220;0.030455984013581832
319;319;population_2;300;sample_320;221;-0.007497614622159901
320;320;population_2;300;sample_321;222;0.05897401347766795
321;321;population_2;300;sample_322;223;0.07955921304557603
322;322;population_2;300;sample_323;224;0.021095142191344934
323;323;population_2;300;sample_324;225;0.1549205342414796
324;324;population_2;300;sample_325;226;0.011459717472577726
325;325;population_2;300;sample_326;227;-0.0699386078512778
326;326;population_2;300;sample_327;228;-0.04954019763839357
327;327;population_2;300;sample_328;229;0.020740767964508276
328;328;population_2;300;sample_329;230;0.039206229741085355
329;329;population_2;300;sample_330;231;0.03107782690680504
330;330;population_2;300;sample_331;232;-0.04379836817285695
331;331;population_2;300;sample_332;233;-0.11144151468614306
332;332;population_2;300;sample_333;234;-0.028843135990781157
333;333;population_2;300;sample_334;235;0.04045469247778712
334;334;population_2;300;sample_335;236;-0.018392413879672918
335;335;population_2;300;sample_336;237;0.014714174743941991
336;336;population_2;300;sample_337;238;0.10784299115601843
337;337;population_2;300;sample_338;239;0.029448388387301915
338;338;population_2;300;sample_339;240;0.02585696178659729
339;339;population_2;300;sample_340;241;0.01660147248823975
340;340;population_2;300;sample_341;242;0.07865876764791536
341;341;population_2;300;sample_342;243;0.0025612448529010188
342;342;population_2;300;sample_343;244;0.015036051953579764
343;343;population_2;300;sample_344;245;0.0768583788615876
344;344;population_2;300;sample_345;246;0.08158553264517998
345;345;population_2;300;sample_346;247;-0.0043792897433889534
346;346;population_2;300;sample_347;248;0.09702221343680138
347;347;population_2;300;sample_348;249;0.05845175211130614
348;348;population_2;300;sample_349;250;0.07638089548140464
349;349;population_2;300;sample_350;251;0.023618271753329177
350;350;population_2;300;sample_351;252;0.032899677001145954
351;351;population_2;300;sample_352;253;0.014046008579717396
352;352;population_2;300;sample_353;254;0.01151639664025087
353;353;population_2;300;sample_354;255;-0.07073824212749487
354;354;population_2;300;sample_355;256;-0.030194732756829556
355;355;population_2;300;sample_356;257;0.018667830054517644
356;356;population_2;300;sample_357;258;0.06685532861367655
357;357;population_2;300;sample_358;259;-0.08130497392397641
358;358;population_2;300;sample_359;260;-0.02345511291218417
359;359;population_2;300;sample_360;261;0.08792123938612917
360;360;population_2;300;sample_361;262;0.06750378899437197
361;361;population_2;300;sample_362;263;0.048457945764876796
362;362;population_2;300;sample_363;264;-0.028207246763508543
363;363;population_2;300;sample_364;265;0.057513585244676806
364;364;population_2;300;sample_365;266;-0.027524513646868087
365;365;population_2;300;sample_366;267;-0.05282407337264631
366;366;population_2;300;sample_367;268;0.12099207108404954
367;367;population_2;300;sample_368;269;-0.05580551574903304
368;368;population_2;300;sample_369;270;-0.015778689488214332
369;369;population_2;300;sample_370;271;-0.08982256437375509
370;370;population_2;300;sample_371;272;0.013320919066605756
371;371;population_2;300;sample_372;273;0.04195236803447653
372;372;population_2;300;sample_373;274;-0.0059378914725084185
373;373;population_2;300;sample_374;275;-0.02917955297930266
374;374;population_2;300;sample_375;276;0.04508133556484549
375;375;population_2;300;sample_376;277;-0.145012904035224
376;376;population_2;300;sample_377;278;0.017769193859700723
377;377;population_2;300;sample_378;279;0.02106755547110843
378;378;population_2;300;sample_379;280;-0.009961348241282149
379;379;population_2;300;sample_380;281;-0.09948384797979308
380;380;population_2;300;sample_381;282;0.04414798569654526
381;381;population_2;300;sample_382;283;0.06956572415832155
382;382;population_2;300;sample_383;284;-0.027292706186077483
383;383;population_2;300;sample_384;285;-0.08204693663713647
384;384;population_2;300;sample_385;286;0.06563188256173501
385;385;population_2;300;sample_386;287;-0.0054852200149959965
386;386;population_2;300;sample_387;288;-0.04147184454151646
387;387;population_2;300;sample_388;289;-0.005143402069946679
388;388;population_2;300;sample_389;290;0.07866825203190837
389;389;population_2;300;sample_390;291;-0.0591360376984717
390;390;population_2;300;sample_391;292;-0.005340881133879143
391;391;population_2;300;sample_392;293;-0.03560508900764134
392;392;population_2;300;sample_393;294;0.01743675566155671
393;393;population_2;300;sample_394;295;-0.032629060998850316
394;394;population_2;300;sample_395;296;-0.07131442312272065
395;395;population_2;300;sample_396;297;0.07214858069066575
396;396;population_2;300;sample_397;298;-0.017565102156729795
397;397;population_2;300;sample_398;299;-0.07973974188439345
398;398;population_3;500;sample_399;1;1.2937589112084014
399;399;population_3;500;sample_400;2;2.0495330119214845
400;400;population_3;500;sample_401;3;0.07810614466872308
401;401;population_3;500;sample_402;4;-0.6401779723588145
402;402;population_3;500;sample_403;5;0.5043093742436697
403;403;population_3;500;sample_404;6;-0.15906689183734937
404;404;population_3;500;sample_405;7;-0.18426772401416835
405;405;population_3;500;sample_406;8;-0.12354637697184226
406;406;population_3;500;sample_407;9;0.2865817468988234
407;407;population_3;500;sample_408;10;-0.2703914389336015
408;408;population_3;500;sample_409;11;0.38160362241240675
409;409;population_3;500;sample_410;12;0.07420508174207378
410;410;population_3;500;sample_411;13;-0.12814468636577223
411;411;population_3;500;sample_412;14;0.333194751036737
412;412;population_3;500;sample_413;15;0.2842163230290381
413;413;population_3;500;sample_414;16;0.08712793376099341
414;414;population_3;500;sample_415;17;-0.016561755983915835
415;415;population_3;500;sample_416;18;-0.21540419022183452
416;416;population_3;500;sample_417;19;0.03562427846406906
417;417;population_3;500;sample_418;20;-0.2134740538006858
418;418;population_3;500;sample_419;21;0.002435523923654804
419;419;population_3;500;sample_420;22;0.14936281250584857
420;420;population_3;500;sample_421;23;-0.12273080849501071
421;421;population_3;500;sample_422;24;0.0503715601963014
422;422;population_3;500;sample_423;25;0.027746481425878305
423;423;population_3;500;sample_424;26;-0.249591718606049
424;424;population_3;500;sample_425;27;-0.090691495269079
425;425;population_3;500;sample_426;28;-0.2009750525339372
426;426;population_3;500;sample_427;29;0.3964756627964297
427;427;population_3;500;sample_428;30;-0.0735329839802554
428;428;population_3;500;sample_429;31;-0.27543835269522604
429;429;population_3;500;sample_430;32;0.0768395203721049
430;430;population_3;500;sample_431;33;0.18650883028485493
431;431;population_3;500;sample_432;34;-0.1411714867320533
432;432;population_3;500;sample_433;35;-0.0740540875058654
433;433;population_3;500;sample_434;36;-0.03735330917455745
434;434;population_3;500;sample_435;37;-0.07033442453259588
435;435;population_3;500;sample_436;38;0.11182048192303848
436;436;population_3;500;sample_437;39;-0.07071891592882673
437;437;population_3;500;sample_438;40;-0.251959551745326
438;438;population_3;500;sample_439;41;0.22352274880862139
439;439;population_3;500;sample_440;42;-0.03160950886041932
440;440;population_3;500;sample_441;43;-0.3959581720140915
441;441;population_3;500;sample_442;44;0.3351258168546071
442;442;population_3;500;sample_443;45;0.17230750276568654
443;443;population_3;500;sample_444;46;-0.003567045607628548
444;444;population_3;500;sample_445;47;0.25253168978759394
445;445;population_3;500;sample_446;48;-0.07034886822252247
446;446;population_3;500;sample_447;49;-0.1320163756845928
447;447;population_3;500;sample_448;50;0.2490757843548198
448;448;population_3;500;sample_449;51;-0.3882653332626214
449;449;population_3;500;sample_450;52;0.10662709062528333
450;450;population_3;500;sample_451;53;0.051371122366587946
451;451;population_3;500;sample_452;54;-0.09891312127353447
452;452;population_3;500;sample_453;55;0.11525250384535515
453;453;population_3;500;sample_454;56;-0.021736622705295187
454;454;population_3;500;sample_455;57;0.06411820252379337
455;455;population_3;500;sample_456;58;0.019859758414882276
456;456;population_3;500;sample_457;59;0.11210045074575348
457;457;population_3;500;sample_458;60;0.15505606042924544
458;458;population_3;500;sample_459;61;0.01833756631906223
459;459;population_3;500;sample_460;62;0.11894604564053168
460;460;population_3;500;sample_461;63;-0.2399229869236517
461;461;population_3;500;sample_462;64;0.004997573054382198
462;462;population_3;500;sample_463;65;-0.008235277765124388
463;463;population_3;500;sample_464;66;-0.20435448079303675
464;464;population_3;500;sample_465;67;0.06957105125743479
465;465;population_3;500;sample_466;68;-0.021365393554681533
466;466;population_3;500;sample_467;69;0.114083016601103
467;467;population_3;500;sample_468;70;0.057278490175539966
468;468;population_3;500;sample_469;71;-0.17659451798619474
469;469;population_3;500;sample_470;72;-0.15072256087436264
470;470;population_3;500;sample_471;73;0.10529838641156239
471;471;population_3;500;sample_472;74;0.1684974865152289
472;472;population_3;500;sample_473;75;-0.05621155826994748
473;473;population_3;500;sample_474;76;-0.23134764179158213
474;474;population_3;500;sample_475;77;-0.0762819979758875
475;475;population_3;500;sample_476;78;-0.1229356585864772
476;476;population_3;500;sample_477;79;0.10175520123103986
477;477;population_3;500;sample_478;80;0.23216238582105775
478;478;population_3;500;sample_479;81;-0.1723013456390964
479;479;population_3;500;sample_480;82;0.10011122304778672
480;480;population_3;500;sample_481;83;0.11092464061086743
481;481;population_3;500;sample_482;84;0.01359890967606553
482;482;population_3;500;sample_483;85;0.10130473463958405
483;483;population_3;500;sample_484;86;-0.01644904571675209
484;484;population_3;500;sample_485;87;-0.08058503041385735
485;485;population_3;500;sample_486;88;-0.1972037849993672
486;486;population_3;500;sample_487;89;-0.13485457813928528
487;487;population_3;500;sample_488;90;0.05178537070830389
488;488;population_3;500;sample_489;91;-0.033783101905699664
489;489;population_3;500;sample_490;92;0.10197853692786883
490;490;population_3;500;sample_491;93;0.06091317769043696
491;491;population_3;500;sample_492;94;-0.009981192930416714
492;492;population_3;500;sample_493;95;0.10613207437474075
493;493;population_3;500;sample_494;96;0.14275631763582042
494;494;population_3;500;sample_495;97;-0.06368366524177088
495;495;population_3;500;sample_496;98;0.031434363031638574
496;496;population_3;500;sample_497;99;-0.010970121043153779
497;497;population_3;500;sample_498;100;0.035170270666956195
498;498;population_3;500;sample_499;101;-0.07399240298783946
499;499;population_3;500;sample_500;102;0.037191119956993826
500;500;population_3;500;sample_501;103;-0.10809420198018367
501;501;population_3;500;sample_502;104;-0.0787009035608485
502;502;population_3;500;sample_503;105;-0.03822649149938229
503;503;population_3;500;sample_504;106;0.01563328920710776
504;504;population_3;500;sample_505;107;0.010426061513965633
505;505;population_3;500;sample_506;108;-0.06653422356779763
506;506;population_3;500;sample_507;109;-0.16884002814292978
507;507;population_3;500;sample_508;110;0.12718526564794871
508;508;population_3;500;sample_509;111;0.1314772724657254
509;509;population_3;500;sample_510;112;0.1122196918347329
510;510;population_3;500;sample_511;113;0.03672377338159227
511;511;population_3;500;sample_512;114;0.08453621351936681
512;512;population_3;500;sample_513;115;0.025605721654814145
513;513;population_3;500;sample_514;116;0.07916046159338709
514;514;population_3;500;sample_515;117;0.034507319032824633
515;515;population_3;500;sample_516;118;0.013220798834946276
516;516;population_3;500;sample_517;119;0.06444582903534916
517;517;population_3;500;sample_518;120;0.08679353284141184
518;518;population_3;500;sample_519;121;0.09658600235243472
519;519;population_3;500;sample_520;122;0.2940207246093679
520;520;population_3;500;sample_521;123;0.06883737312253159
521;521;population_3;500;sample_522;124;-0.03244725910775195
522;522;population_3;500;sample_523;125;-0.014829273688001484
523;523;population_3;500;sample_524;126;0.11842703996030403
524;524;population_3;500;sample_525;127;0.12273649837963427
525;525;population_3;500;sample_526;128;0.08043827779930482
526;526;population_3;500;sample_527;129;0.1449028151199024
527;527;population_3;500;sample_528;130;-0.05442774923082661
528;528;population_3;500;sample_529;131;-0.0021072346935133053
529;529;population_3;500;sample_530;132;0.025264052881397693
530;530;population_3;500;sample_531;133;0.049641450596325486
531;531;population_3;500;sample_532;134;0.08419868007738397
532;532;population_3;500;sample_533;135;-0.11504149855839982
533;533;population_3;500;sample_534;136;-0.024793003395877495
534;534;population_3;500;sample_535;137;-0.0953004934455249
535;535;population_3;500;sample_536;138;-0.071816732169478
536;536;population_3;500;sample_537;139;0.010467466120400953
537;537;population_3;500;sample_538;140;-0.10505623098946323
538;538;population_3;500;sample_539;141;0.04078604048053793
539;539;population_3;500;sample_540;142;-0.09664836969408369
540;540;population_3;500;sample_541;143;-0.1257784642174147
541;541;population_3;500;sample_542;144;0.006953884441271886
542;542;population_3;500;sample_543;145;-0.05547770333687828
543;543;population_3;500;sample_544;146;0.02627760638391809
544;544;population_3;500;sample_545;147;0.1732132403424542
545;545;population_3;500;sample_546;148;-0.09364497907122057
546;546;population_3;500;sample_547;149;-0.08505676997548631
547;547;population_3;500;sample_548;150;-0.09234302652183157
548;548;population_3;500;sample_549;151;-0.010235705249521805
549;549;population_3;500;sample_550;152;0.17730109238702255
550;550;population_3;500;sample_551;153;-0.11693786537655322
551;551;population_3;500;sample_552;154;0.12059426842353115
552;552;population_3;500;sample_553;155;-0.13856975765056642
553;553;population_3;500;sample_554;156;-0.012852882331486381
554;554;population_3;500;sample_555;157;-0.08251132607610037
555;555;population_3;500;sample_556;158;0.1479103731805053
556;556;population_3;500;sample_557;159;0.01793664896787501
557;557;population_3;500;sample_558;160;-0.053022838954368746
558;558;population_3;500;sample_559;161;0.02663550214499252
559;559;population_3;500;sample_560;162;-0.006263116581864538
560;560;population_3;500;sample_561;163;0.10754141038888287
561;561;population_3;500;sample_562;164;-0.08632448354834445
562;562;population_3;500;sample_563;165;0.06846975157994718
563;563;population_3;500;sample_564;166;-0.02027973872303375
564;564;population_3;500;sample_565;167;0.004050484760445348
565;565;population_3;500;sample_566;168;-0.03192311865377874
566;566;population_3;500;sample_567;169;-0.008996230602030867
567;567;population_3;500;sample_568;170;0.026741563688147743
568;568;population_3;500;sample_569;171;-0.04671059082347622
569;569;population_3;500;sample_570;172;0.14986093921624252
570;570;population_3;500;sample_571;173;0.12090045833680127
571;571;population_3;500;sample_572;174;-0.08716220112143724
572;572;population_3;500;sample_573;175;-0.009596538129908593
573;573;population_3;500;sample_574;176;0.04935800087009415
574;574;population_3;500;sample_575;177;-0.004820304743880123
575;575;population_3;500;sample_576;178;0.022802692481565107
576;576;population_3;500;sample_577;179;-0.029402051096237822
577;577;population_3;500;sample_578;180;-0.18045502129732627
578;578;population_3;500;sample_579;181;0.07989632986948199
579;579;population_3;500;sample_580;182;-0.058310827347567505
580;580;population_3;500;sample_581;183;0.004727916341990339
581;581;population_3;500;sample_582;184;0.09615034870894416
582;582;population_3;500;sample_583;185;0.11577273717000065
583;583;population_3;500;sample_584;186;-0.11444326360499936
584;584;population_3;500;sample_585;187;0.020341638574120365
585;585;population_3;500;sample_586;188;-0.05306411282306794
586;586;population_3;500;sample_587;189;0.10739590631904589
587;587;population_3;500;sample_588;190;-0.017222858199666628
588;588;population_3;500;sample_589;191;-0.09585055646499131
589;589;population_3;500;sample_590;192;0.045256844726963674
590;590;population_3;500;sample_591;193;0.0011458151236116469
591;591;population_3;500;sample_592;194;0.05148453232604711
592;592;population_3;500;sample_593;195;-0.03841765825628428
593;593;population_3;500;sample_594;196;-0.015615421697681235
594;594;population_3;500;sample_595;197;0.1350682548899886
595;595;population_3;500;sample_596;198;0.04394583769633356
596;596;population_3;500;sample_597;199;0.062325693067393
597;597;population_3;500;sample_598;200;-0.008551087706443155
598;598;population_3;500;sample_599;201;0.16119185682112488
599;599;population_3;500;sample_600;202;0.02498618158433583
600;600;population_3;500;sample_601;203;-0.02107029005340399
601;601;population_3;500;sample_602;204;-0.10755942892957068
602;602;population_3;500;sample_603;205;0.006299596991563639
603;603;population_3;500;sample_604;206;-0.009383861147120667
604;604;population_3;500;sample_605;207;-0.01899262861352248
605;605;population_3;500;sample_606;208;-0.0162451299649489
606;606;population_3;500;sample_607;209;0.044241431770863544
607;607;population_3;500;sample_608;210;-0.03293009799793845
608;608;population_3;500;sample_609;211;-0.014820737948559665
609;609;population_3;500;sample_610;212;0.04500346347972657
610;610;population_3;500;sample_611;213;0.08829517417347102
611;611;population_3;500;sample_612;214;-0.00782381567942844
612;612;population_3;500;sample_613;215;0.09956225947823406
613;613;population_3;500;sample_614;216;0.027560328942532148
614;614;population_3;500;sample_615;217;-0.02111912625220355
615;615;population_3;500;sample_616;218;0.0070704746539327545
616;616;population_3;500;sample_617;219;0.04853893721040135
617;617;population_3;500;sample_618;220;-0.029387408189732678
618;618;population_3;500;sample_619;221;-0.13418683565628906
619;619;population_3;500;sample_620;222;-0.10586176466245711
620;620;population_3;500;sample_621;223;0.021150258653688914
621;621;population_3;500;sample_622;224;0.08346004796538294
622;622;population_3;500;sample_623;225;0.025102653781265416
623;623;population_3;500;sample_624;226;0.09001843826640779
624;624;population_3;500;sample_625;227;-0.010164411948535526
625;625;population_3;500;sample_626;228;0.01861966327366267
626;626;population_3;500;sample_627;229;0.019253176426768274
627;627;population_3;500;sample_628;230;-0.0866408490725625
628;628;population_3;500;sample_629;231;-0.0572894010631284
629;629;population_3;500;sample_630;232;-0.06120924212532685
630;630;population_3;500;sample_631;233;-0.07497711990361591
631;631;population_3;500;sample_632;234;-0.06308756232784567
632;632;population_3;500;sample_633;235;-0.1270144760098192
633;633;population_3;500;sample_634;236;-0.001814265897944481
634;634;population_3;500;sample_635;237;0.002078676614977981
635;635;population_3;500;sample_636;238;0.011101620788370846
636;636;population_3;500;sample_637;239;-0.017371428529569417
637;637;population_3;500;sample_638;240;-0.041204866041408814
638;638;population_3;500;sample_639;241;-0.0710978766202895
639;639;population_3;500;sample_640;242;0.041123923819661914
640;640;population_3;500;sample_641;243;-0.04342981760763313
641;641;population_3;500;sample_642;244;0.008223579123788415
642;642;population_3;500;sample_643;245;0.04290396485447106
643;643;population_3;500;sample_644;246;-0.002116218973442926
644;644;population_3;500;sample_645;247;-0.021485129429460282
645;645;population_3;500;sample_646;248;0.014656274834041813
646;646;population_3;500;sample_647;249;0.06026283341894353
647;647;population_3;500;sample_648;250;0.03633023961334171
648;648;population_3;500;sample_649;251;-0.01990711740379429
649;649;population_3;500;sample_650;252;0.0937438732205215
650;650;population_3;500;sample_651;253;0.00974967663115125
651;651;population_3;500;sample_652;254;0.0035014084379173327
652;652;population_3;500;sample_653;255;0.0028216052319286066
653;653;population_3;500;sample_654;256;-0.03533989899166587
654;654;population_3;500;sample_655;257;-0.08363231728376712
655;655;population_3;500;sample_656;258;0.01756118869664001
656;656;population_3;500;sample_657;259;0.10208412851825759
657;657;population_3;500;sample_658;260;0.0017583543856510926
658;658;population_3;500;sample_659;261;-0.030690929550072955
659;659;population_3;500;sample_660;262;-0.051604617512967084
660;660;population_3;500;sample_661;263;0.051987807678121584
661;661;population_3;500;sample_662;264;-0.03289106576701354
662;662;population_3;500;sample_663;265;0.03009886194744484
663;663;population_3;500;sample_664;266;-0.032406760619934416
664;664;population_3;500;sample_665;267;0.06726360952736841
665;665;population_3;500;sample_666;268;0.009348361323467495
666;666;population_3;500;sample_667;269;-0.07020015500491908
667;667;population_3;500;sample_668;270;-0.042484271348551664
668;668;population_3;500;sample_669;271;0.05590621118475552
669;669;population_3;500;sample_670;272;0.00949267096302342
670;670;population_3;500;sample_671;273;0.05390994524981704
671;671;population_3;500;sample_672;274;0.01684716270131541
672;672;population_3;500;sample_673;275;-0.03610277957680704
673;673;population_3;500;sample_674;276;0.109625294235907
674;674;population_3;500;sample_675;277;-0.10500116646481455
675;675;population_3;500;sample_676;278;0.030582382964764697
676;676;population_3;500;sample_677;279;-0.049204983083251344
677;677;population_3;500;sample_678;280;0.03823240656306263
678;678;population_3;500;sample_679;281;-0.026228521791961112
679;679;population_3;500;sample_680;282;-0.008544496492613124
680;680;population_3;500;sample_681;283;0.019630924990067338
681;681;population_3;500;sample_682;284;-0.05554117917344243
682;682;population_3;500;sample_683;285;0.005720744355001048
683;683;population_3;500;sample_684;286;0.016990955739747345
684;684;population_3;500;sample_685;287;0.0026889671431182156
685;685;population_3;500;sample_686;288;0.03646262411430781
686;686;population_3;500;sample_687;289;0.004646773546260683
687;687;population_3;500;sample_688;290;-0.02299702160682171
688;688;population_3;500;sample_689;291;-0.02284480428964938
689;689;population_3;500;sample_690;292;-0.037029925826234704
690;690;population_3;500;sample_691;293;0.04765421385512888
691;691;population_3;500;sample_692;294;-0.04030467818942382
692;692;population_3;500;sample_693;295;-0.02482522656494166
693;693;population_3;500;sample_694;296;-0.01988048114305249
694;694;population_3;500;sample_695;297;-0.03516067988334801
695;695;population_3;500;sample_696;298;0.05572012666396453
696;696;population_3;500;sample_697;299;-0.030259333889880776
697;697;population_3;500;sample_698;300;-0.002949909914653771
698;698;population_3;500;sample_699;301;0.117083170573253
699;699;population_3;500;sample_700;302;0.025095177443789182
700;700;population_3;500;sample_701;303;-0.051292054291126814
701;701;population_3;500;sample_702;304;-0.031941335035501645
702;702;population_3;500;sample_703;305;-0.0005604610213296957
703;703;population_3;500;sample_704;306;-0.05262264795803473
704;704;population_3;500;sample_705;307;0.013276070186901297
705;705;population_3;500;sample_706;308;0.007668143149128761
706;706;population_3;500;sample_707;309;-0.008975529521454384
707;707;population_3;500;sample_708;310;-0.009963872989040404
708;708;population_3;500;sample_709;311;0.013344956264590604
709;709;population_3;500;sample_710;312;-0.018907590434183122
710;710;population_3;500;sample_711;313;-0.021374304627136315
711;711;population_3;500;sample_712;314;0.0939231738442721
712;712;population_3;500;sample_713;315;-0.05405212144217902
713;713;population_3;500;sample_714;316;-0.0208970296148303
714;714;population_3;500;sample_715;317;-0.06060392459655034
715;715;population_3;500;sample_716;318;0.004183901698733705
716;716;population_3;500;sample_717;319;0.06376406783770339
717;717;population_3;500;sample_718;320;-0.04266650143277705
718;718;population_3;500;sample_719;321;0.01484285785872211
719;719;population_3;500;sample_720;322;-0.018691198406009944
720;720;population_3;500;sample_721;323;0.020516499032400153
721;721;population_3;500;sample_722;324;-0.037846940800822224
722;722;population_3;500;sample_723;325;-0.03090245330934279
723;723;population_3;500;sample_724;326;-0.047729427562327224
724;724;population_3;500;sample_725;327;0.012406847717643032
725;725;population_3;500;sample_726;328;0.04629956079912127
726;726;population_3;500;sample_727;329;0.00764921954201854
727;727;population_3;500;sample_728;330;-0.013653699832155705
728;728;population_3;500;sample_729;331;0.021962665226721467
729;729;population_3;500;sample_730;332;0.05308961382424356
730;730;population_3;500;sample_731;333;0.03500523338951406
731;731;population_3;500;sample_732;334;0.026482475478269422
732;732;population_3;500;sample_733;335;0.0757645092219377
733;733;population_3;500;sample_734;336;-0.023672762968807732
734;734;population_3;500;sample_735;337;-0.011005190078064005
735;735;population_3;500;sample_736;338;0.011856957619101135
736;736;population_3;500;sample_737;339;0.011777244325556293
737;737;population_3;500;sample_738;340;0.01335923870759577
738;738;population_3;500;sample_739;341;-0.027849397957795216
739;739;population_3;500;sample_740;342;0.03140250195485517
740;740;population_3;500;sample_741;343;-0.05070227051247587
741;741;population_3;500;sample_742;344;0.014185263533510668
742;742;population_3;500;sample_743;345;0.007883795274927148
743;743;population_3;500;sample_744;346;-0.020257382376550913
744;744;population_3;500;sample_745;347;0.0051398675625260164
745;745;population_3;500;sample_746;348;-0.03479348780009144
746;746;population_3;500;sample_747;349;0.039798562914466123
747;747;population_3;500;sample_748;350;-0.025646891947218715
748;748;population_3;500;sample_749;351;0.01912406419597947
749;749;population_3;500;sample_750;352;0.030308302078762662
750;750;population_3;500;sample_751;353;0.03800249113105053
751;751;population_3;500;sample_752;354;0.006828739918156737
752;752;population_3;500;sample_753;355;0.03391165699663654
753;753;population_3;500;sample_754;356;0.04000344650517495
754;754;population_3;500;sample_755;357;0.06163915396476965
755;755;population_3;500;sample_756;358;-0.03310074188117297
756;756;population_3;500;sample_757;359;-0.0031259129344689495
757;757;population_3;500;sample_758;360;0.020507820695515953
758;758;population_3;500;sample_759;361;-0.042011198317018196
759;759;population_3;500;sample_760;362;-0.008778075207649286
760;760;population_3;500;sample_761;363;-0.0874086438630391
761;761;population_3;500;sample_762;364;-0.10721850622253698
762;762;population_3;500;sample_763;365;0.014977832606963986
763;763;population_3;500;sample_764;366;0.020845961458968137
764;764;population_3;500;sample_765;367;-0.003750534215786552
765;765;population_3;500;sample_766;368;0.09600155707189416
766;766;population_3;500;sample_767;369;-0.09381402101048074
767;767;population_3;500;sample_768;370;0.07032704469947323
768;768;population_3;500;sample_769;371;-0.013612206478857795
769;769;population_3;500;sample_770;372;-0.01462607852061568
770;770;population_3;500;sample_771;373;0.08863397303520229
771;771;population_3;500;sample_772;374;-0.0486871568660009
772;772;population_3;500;sample_773;375;-0.056324032074844
773;773;population_3;500;sample_774;376;-0.032131040879839874
774;774;population_3;500;sample_775;377;-0.06382450323566126
775;775;population_3;500;sample_776;378;0.018544400299244028
776;776;population_3;500;sample_777;379;-0.00033221242841774293
777;777;population_3;500;sample_778;380;0.00200640663883347
778;778;population_3;500;sample_779;381;-0.03300935414966282
779;779;population_3;500;sample_780;382;-0.016261083769718493
780;780;population_3;500;sample_781;383;0.03201628265341667
781;781;population_3;500;sample_782;384;-0.010812495541149278
782;782;population_3;500;sample_783;385;0.06665333318060943
783;783;population_3;500;sample_784;386;0.025188625083177884
784;784;population_3;500;sample_785;387;0.021351203001944558
785;785;population_3;500;sample_786;388;0.0014945157103541332
786;786;population_3;500;sample_787;389;0.09601549245850029
787;787;population_3;500;sample_788;390;-0.028618056958538286
788;788;population_3;500;sample_789;391;-0.04216910281999267
789;789;population_3;500;sample_790;392;-0.0616260224977592
790;790;population_3;500;sample_791;393;0.007558428010021929
791;791;population_3;500;sample_792;394;-0.058796928767269795
792;792;population_3;500;sample_793;395;-0.016241037895830077
793;793;population_3;500;sample_794;396;0.04174887094596351
794;794;population_3;500;sample_795;397;0.006488846607886828
795;795;population_3;500;sample_796;398;-0.0491214209361344
796;796;population_3;500;sample_797;399;-0.0010060315822208636
797;797;population_3;500;sample_798;400;-0.03373304892892822
798;798;population_3;500;sample_799;401;-0.030444341524839644
799;799;population_3;500;sample_800;402;0.02079043494316789
800;800;population_3;500;sample_801;403;0.01553773215603455
801;801;population_3;500;sample_802;404;0.10661142028149814
802;802;population_3;500;sample_803;405;-0.04848504029929065
803;803;population_3;500;sample_804;406;0.0030692289496980895
804;804;population_3;500;sample_805;407;-0.09754887545219396
805;805;population_3;500;sample_806;408;-0.021872492789544406
806;806;population_3;500;sample_807;409;-0.047714301562901455
807;807;population_3;500;sample_808;410;-0.013551986163962915
808;808;population_3;500;sample_809;411;-0.03917679039381938
809;809;population_3;500;sample_810;412;-0.03044859873039833
810;810;population_3;500;sample_811;413;0.019372099464971503
811;811;population_3;500;sample_812;414;-0.028555358106804166
812;812;population_3;500;sample_813;415;0.039879721555873056
813;813;population_3;500;sample_814;416;-0.062222159396488466
814;814;population_3;500;sample_815;417;0.01805798830907831
815;815;population_3;500;sample_816;418;0.03905499847936034
816;816;population_3;500;sample_817;419;0.06103712947063407
817;817;population_3;500;sample_818;420;-0.09153783776417386
818;818;population_3;500;sample_819;421;0.014999899361103984
819;819;population_3;500;sample_820;422;-0.004089838357360682
820;820;population_3;500;sample_821;423;0.018194414125828614
821;821;population_3;500;sample_822;424;0.011411131702152997
822;822;population_3;500;sample_823;425;-0.01803264915720494
823;823;population_3;500;sample_824;426;-0.0020104295295758066
824;824;population_3;500;sample_825;427;-0.05133969213419141
825;825;population_3;500;sample_826;428;0.024063194853625368
826;826;population_3;500;sample_827;429;-0.04748798080672174
827;827;population_3;500;sample_828;430;0.010416615164298888
828;828;population_3;500;sample_829;431;-0.032388069057112376
829;829;population_3;500;sample_830;432;-0.053602350214877595
830;830;population_3;500;sample_831;433;-0.03373244342482295
831;831;population_3;500;sample_832;434;-0.061217269167229776
832;832;population_3;500;sample_833;435;-0.008417271700898288
833;833;population_3;500;sample_834;436;-0.06241010226903726
834;834;population_3;500;sample_835;437;0.01484324550705586
835;835;population_3;500;sample_836;438;0.0052686288364643145
836;836;population_3;500;sample_837;439;-0.0015801160178379409
837;837;population_3;500;sample_838;440;-0.017653483176738462
838;838;population_3;500;sample_839;441;0.027854587862256922
839;839;population_3;500;sample_840;442;-0.04828196199658242
840;840;population_3;500;sample_841;443;-0.04579060872563716
841;841;population_3;500;sample_842;444;-0.022408794832044217
842;842;population_3;500;sample_843;445;0.02118372249944447
843;843;population_3;500;sample_844;446;-0.033526437246430965
844;844;population_3;500;sample_845;447;-0.08890973970515718
845;845;population_3;500;sample_846;448;0.0024017353315056683
846;846;population_3;500;sample_847;449;-0.08110950019500357
847;847;population_3;500;sample_848;450;-0.05591111634234865
848;848;population_3;500;sample_849;451;0.03284757359817478
849;849;population_3;500;sample_850;452;0.07024613151249881
850;850;population_3;500;sample_851;453;0.03523742502620408
851;851;population_3;500;sample_852;454;0.013251763429561
852;852;population_3;500;sample_853;455;-0.04271092623779063
853;853;population_3;500;sample_854;456;0.014147021574814702
854;854;population_3;500;sample_855;457;-0.001697928771895369
855;855;population_3;500;sample_856;458;0.0008061218799854249
856;856;population_3;500;sample_857;459;-0.004276258345523411
857;857;population_3;500;sample_858;460;0.00648125235363401
858;858;population_3;500;sample_859;461;-0.007734052095903755
859;859;population_3;500;sample_860;462;0.01701631713301468
860;860;population_3;500;sample_861;463;-0.03904706694512886
861;861;population_3;500;sample_862;464;0.04529639760605598
862;862;population_3;500;sample_863;465;-0.029547813960206636
863;863;population_3;500;sample_864;466;-0.01365338821621689
864;864;population_3;500;sample_865;467;-0.007978724127607011
865;865;population_3;500;sample_866;468;0.044042132690394566
866;866;population_3;500;sample_867;469;-0.00507122889398076
867;867;population_3;500;sample_868;470;-0.09556189117207015
868;868;population_3;500;sample_869;471;-0.03416714681363175
869;869;population_3;500;sample_870;472;-0.04332059726428712
870;870;population_3;500;sample_871;473;-0.00857049607329838
871;871;population_3;500;sample_872;474;0.04560172850516966
872;872;population_3;500;sample_873;475;0.06667979354693933
873;873;population_3;500;sample_874;476;0.003623974729120804
874;874;population_3;500;sample_875;477;-0.0012013358437412375
875;875;population_3;500;sample_876;478;-0.039424142156593706
876;876;population_3;500;sample_877;479;-0.055920921841268886
877;877;population_3;500;sample_878;480;-0.01572839417081634
878;878;population_3;500;sample_879;481;0.022996944737535545
879;879;population_3;500;sample_880;482;0.010436719826087801
880;880;population_3;500;sample_881;483;0.014875593745283756
881;881;population_3;500;sample_882;484;0.027396827085129936
882;882;population_3;500;sample_883;485;0.006366067169879834
883;883;population_3;500;sample_884;486;-0.005800306829196566
884;884;population_3;500;sample_885;487;-0.023389159498405185
885;885;population_3;500;sample_886;488;-0.02226582122857772
886;886;population_3;500;sample_887;489;-0.013569752984152127
887;887;population_3;500;sample_888;490;0.019329838778656145
888;888;population_3;500;sample_889;491;0.07296181232397754
889;889;population_3;500;sample_890;492;-0.0064072251501331055
890;890;population_3;500;sample_891;493;0.04387841949401107
891;891;population_3;500;sample_892;494;0.058448116652914904
892;892;population_3;500;sample_893;495;0.01898729833241067
893;893;population_3;500;sample_894;496;0.0221140799128055
894;894;population_3;500;sample_895;497;-0.05019590610003425
895;895;population_3;500;sample_896;498;0.01261813878495137
896;896;population_3;500;sample_897;499;-0.0010796724681969812
897;897;population_4;700;sample_898;1;-1.1543116383305814
898;898;population_4;700;sample_899;2;1.285036044964765
899;899;population_4;700;sample_900;3;-0.29717523064689655
900;900;population_4;700;sample_901;4;0.28314884744327234
901;901;population_4;700;sample_902;5;-0.503341017362139
902;902;population_4;700;sample_903;6;0.3000237090101769
903;903;population_4;700;sample_904;7;-0.33912941625431453
904;904;population_4;700;sample_905;8;-0.4336322755973044
905;905;population_4;700;sample_906;9;-0.5783669025626443
906;906;population_4;700;sample_907;10;-0.01414635356481837
907;907;population_4;700;sample_908;11;0.5302567598264192
908;908;population_4;700;sample_909;12;0.5659279737287147
909;909;population_4;700;sample_910;13;-0.18578291976953723
910;910;population_4;700;sample_911;14;-0.07402290703697902
911;911;population_4;700;sample_912;15;0.46642227223694094
912;912;population_4;700;sample_913;16;-0.09803699099081893
913;913;population_4;700;sample_914;17;-0.06238593930651755
914;914;population_4;700;sample_915;18;0.023815213408452007
915;915;population_4;700;sample_916;19;-0.08614961437143742
916;916;population_4;700;sample_917;20;0.10514817607677325
917;917;population_4;700;sample_918;21;-0.12996217632573734
918;918;population_4;700;sample_919;22;-0.011023886257550474
919;919;population_4;700;sample_920;23;-0.10710049194597993
920;920;population_4;700;sample_921;24;-0.18241074316460615
921;921;population_4;700;sample_922;25;-0.32851258137100076
922;922;population_4;700;sample_923;26;-0.2107190434935945
923;923;population_4;700;sample_924;27;0.18377995863890056
924;924;population_4;700;sample_925;28;0.26277914325310625
925;925;population_4;700;sample_926;29;-0.21496225257441606
926;926;population_4;700;sample_927;30;-0.09221566643133042
927;927;population_4;700;sample_928;31;-0.046221722038322116
928;928;population_4;700;sample_929;32;-0.07584907495019638
929;929;population_4;700;sample_930;33;-0.05962959312089965
930;930;population_4;700;sample_931;34;-0.043639244087570625
931;931;population_4;700;sample_932;35;0.24023895721536667
932;932;population_4;700;sample_933;36;-0.062305108316269786
933;933;population_4;700;sample_934;37;0.05979203774573863
934;934;population_4;700;sample_935;38;-0.28493964825151596
935;935;population_4;700;sample_936;39;-0.17482965197290493
936;936;population_4;700;sample_937;40;-0.04085900435169552
937;937;population_4;700;sample_938;41;0.12708399130509743
938;938;population_4;700;sample_939;42;0.14827871804885792
939;939;population_4;700;sample_940;43;-0.08350655709546372
940;940;population_4;700;sample_941;44;-0.02000277369053849
941;941;population_4;700;sample_942;45;0.1614869181735767
942;942;population_4;700;sample_943;46;0.053035926696422785
943;943;population_4;700;sample_944;47;0.05013791903284575
944;944;population_4;700;sample_945;48;0.36425398565792094
945;945;population_4;700;sample_946;49;0.1085888163199532
946;946;population_4;700;sample_947;50;0.19635952931874898
947;947;population_4;700;sample_948;51;0.172219036801618
948;948;population_4;700;sample_949;52;0.06674573001948746
949;949;population_4;700;sample_950;53;-0.044113040524203624
950;950;population_4;700;sample_951;54;-0.19374215503965797
951;951;population_4;700;sample_952;55;0.1819539808620107
952;952;population_4;700;sample_953;56;-0.045259402962293485
953;953;population_4;700;sample_954;57;0.02092472223378831
954;954;population_4;700;sample_955;58;0.16040367538989275
955;955;population_4;700;sample_956;59;0.16469837785728625
956;956;population_4;700;sample_957;60;-0.09190805388071989
957;957;population_4;700;sample_958;61;0.02857100383865959
958;958;population_4;700;sample_959;62;0.21735036230496133
959;959;population_4;700;sample_960;63;0.030582507953217323
960;960;population_4;700;sample_961;64;-0.2727373198926654
961;961;population_4;700;sample_962;65;0.21581417544391054
962;962;population_4;700;sample_963;66;0.02156022355807503
963;963;population_4;700;sample_964;67;-0.05069566983222121
964;964;population_4;700;sample_965;68;0.14154872307341235
965;965;population_4;700;sample_966;69;0.0283935746349769
966;966;population_4;700;sample_967;70;-0.09449012204778844
967;967;population_4;700;sample_968;71;0.14897939225947418
968;968;population_4;700;sample_969;72;0.004708861953738973
969;969;population_4;700;sample_970;73;0.038464044071800485
970;970;population_4;700;sample_971;74;-0.09605520456914318
971;971;population_4;700;sample_972;75;0.03194481666460818
972;972;population_4;700;sample_973;76;0.1193964493057818
973;973;population_4;700;sample_974;77;0.25784086620507485
974;974;population_4;700;sample_975;78;0.013988818092694002
975;975;population_4;700;sample_976;79;-0.01351933028412429
976;976;population_4;700;sample_977;80;0.027028651163358352
977;977;population_4;700;sample_978;81;0.03114441218566363
978;978;population_4;700;sample_979;82;0.19948802238408594
979;979;population_4;700;sample_980;83;-0.17227777179482096
980;980;population_4;700;sample_981;84;0.14970591011283538
981;981;population_4;700;sample_982;85;0.009605740635841062
982;982;population_4;700;sample_983;86;0.1725149966538096
983;983;population_4;700;sample_984;87;0.08096052392594744
984;984;population_4;700;sample_985;88;-0.014314716837451795
985;985;population_4;700;sample_986;89;-0.021100444867270522
986;986;population_4;700;sample_987;90;-0.013133536473101639
987;987;population_4;700;sample_988;91;-0.06557618519946676
988;988;population_4;700;sample_989;92;-0.010620299403770586
989;989;population_4;700;sample_990;93;-0.033416194574463605
990;990;population_4;700;sample_991;94;0.0706232376301166
991;991;population_4;700;sample_992;95;-0.004135848773144697
992;992;population_4;700;sample_993;96;-0.12264927358912918
993;993;population_4;700;sample_994;97;-0.08651981783270762
994;994;population_4;700;sample_995;98;0.18130995251634957
995;995;population_4;700;sample_996;99;-0.20624483238877267
996;996;population_4;700;sample_997;100;0.14512498184421668
997;997;population_4;700;sample_998;101;0.11888210917810338
998;998;population_4;700;sample_999;102;-0.08060796797269176
999;999;population_4;700;sample_1000;103;0.1227743540238069
1000;1000;population_4;700;sample_1001;104;-0.1589291062817179
1001;1001;population_4;700;sample_1002;105;-0.0512709028107846
1002;1002;population_4;700;sample_1003;106;0.0849081542173736
1003;1003;population_4;700;sample_1004;107;0.06521741157257685
1004;1004;population_4;700;sample_1005;108;0.1191846109502247
1005;1005;population_4;700;sample_1006;109;0.05999036042676747
1006;1006;population_4;700;sample_1007;110;-0.06729482230560116
1007;1007;population_4;700;sample_1008;111;0.08214533974787931
1008;1008;population_4;700;sample_1009;112;-0.10784919563282222
1009;1009;population_4;700;sample_1010;113;-0.10606671969909494
1010;1010;population_4;700;sample_1011;114;-0.06890079533164163
1011;1011;population_4;700;sample_1012;115;0.04792286558879825
1012;1012;population_4;700;sample_1013;116;0.20035706923616772
1013;1013;population_4;700;sample_1014;117;-0.16981647504468764
1014;1014;population_4;700;sample_1015;118;-0.15105066045786225
1015;1015;population_4;700;sample_1016;119;-0.13640389904894756
1016;1016;population_4;700;sample_1017;120;0.2308059905610347
1017;1017;population_4;700;sample_1018;121;0.09134167037923112
1018;1018;population_4;700;sample_1019;122;-0.1693071770111087
1019;1019;population_4;700;sample_1020;123;0.0602339391686268
1020;1020;population_4;700;sample_1021;124;0.16785285823253457
1021;1021;population_4;700;sample_1022;125;-0.12998056348671724
1022;1022;population_4;700;sample_1023;126;0.09932536167282477
1023;1023;population_4;700;sample_1024;127;0.029409587333067023
1024;1024;population_4;700;sample_1025;128;-0.08950132302507754
1025;1025;population_4;700;sample_1026;129;-0.1712639430133608
1026;1026;population_4;700;sample_1027;130;-0.01971413636332921
1027;1027;population_4;700;sample_1028;131;-0.06865303006029634
1028;1028;population_4;700;sample_1029;132;-0.10922602470682369
1029;1029;population_4;700;sample_1030;133;0.019439325282472993
1030;1030;population_4;700;sample_1031;134;0.025535898587012978
1031;1031;population_4;700;sample_1032;135;-0.07657081385301265
1032;1032;population_4;700;sample_1033;136;-0.03379466568036269
1033;1033;population_4;700;sample_1034;137;0.10866410588562256
1034;1034;population_4;700;sample_1035;138;0.01591482808303902
1035;1035;population_4;700;sample_1036;139;0.014978913784334637
1036;1036;population_4;700;sample_1037;140;0.020905740810952297
1037;1037;population_4;700;sample_1038;141;0.0546191206249524
1038;1038;population_4;700;sample_1039;142;0.016015043352060547
1039;1039;population_4;700;sample_1040;143;-0.08440423956780119
1040;1040;population_4;700;sample_1041;144;-0.04361959081902983
1041;1041;population_4;700;sample_1042;145;-0.021296667534833048
1042;1042;population_4;700;sample_1043;146;0.07222232137060813
1043;1043;population_4;700;sample_1044;147;0.06133385589353717
1044;1044;population_4;700;sample_1045;148;-0.12458923034453809
1045;1045;population_4;700;sample_1046;149;0.12652578541524517
1046;1046;population_4;700;sample_1047;150;-0.10138290676802836
1047;1047;population_4;700;sample_1048;151;0.09123041670277125
1048;1048;population_4;700;sample_1049;152;0.012406575466773229
1049;1049;population_4;700;sample_1050;153;-0.17848284578373724
1050;1050;population_4;700;sample_1051;154;0.009296811635444933
1051;1051;population_4;700;sample_1052;155;0.047163543987610454
1052;1052;population_4;700;sample_1053;156;-0.03826322540281911
1053;1053;population_4;700;sample_1054;157;-0.003955668323598349
1054;1054;population_4;700;sample_1055;158;0.06192312869863842
1055;1055;population_4;700;sample_1056;159;-0.026540196660095754
1056;1056;population_4;700;sample_1057;160;-0.04686835602152084
1057;1057;population_4;700;sample_1058;161;-0.21119658602332847
1058;1058;population_4;700;sample_1059;162;0.026152751899351796
1059;1059;population_4;700;sample_1060;163;0.1339749725430476
1060;1060;population_4;700;sample_1061;164;0.07768975909437634
1061;1061;population_4;700;sample_1062;165;0.13223708121244687
1062;1062;population_4;700;sample_1063;166;-0.06969338866970455
1063;1063;population_4;700;sample_1064;167;0.0666735429844784
1064;1064;population_4;700;sample_1065;168;0.0017429637749550651
1065;1065;population_4;700;sample_1066;169;-0.06513159507234241
1066;1066;population_4;700;sample_1067;170;-0.11891688771734414
1067;1067;population_4;700;sample_1068;171;0.07653298257728128
1068;1068;population_4;700;sample_1069;172;0.02242728327547978
1069;1069;population_4;700;sample_1070;173;-0.0017648534813098507
1070;1070;population_4;700;sample_1071;174;-0.04452227934195738
1071;1071;population_4;700;sample_1072;175;-0.0005391936621033569
1072;1072;population_4;700;sample_1073;176;0.07901594131052106
1073;1073;population_4;700;sample_1074;177;-0.042547470378054626
1074;1074;population_4;700;sample_1075;178;0.02686428298324893
1075;1075;population_4;700;sample_1076;179;-0.016355795334883665
1076;1076;population_4;700;sample_1077;180;0.04109599140715567
1077;1077;population_4;700;sample_1078;181;0.016643135108183715
1078;1078;population_4;700;sample_1079;182;-0.02644022104188641
1079;1079;population_4;700;sample_1080;183;0.035457609801853036
1080;1080;population_4;700;sample_1081;184;-0.07142857599950114
1081;1081;population_4;700;sample_1082;185;-0.0406740889053267
1082;1082;population_4;700;sample_1083;186;-0.06305503953176839
1083;1083;population_4;700;sample_1084;187;-0.04691930109424638
1084;1084;population_4;700;sample_1085;188;0.054803688166536066
1085;1085;population_4;700;sample_1086;189;0.045920561075712504
1086;1086;population_4;700;sample_1087;190;-0.022143849525239016
1087;1087;population_4;700;sample_1088;191;-0.015573390450092534
1088;1088;population_4;700;sample_1089;192;0.10157296300239671
1089;1089;population_4;700;sample_1090;193;0.023438903476144416
1090;1090;population_4;700;sample_1091;194;0.022362680379044198
1091;1091;population_4;700;sample_1092;195;0.015889872488477993
1092;1092;population_4;700;sample_1093;196;0.017115901437639882
1093;1093;population_4;700;sample_1094;197;0.011421849399049448
1094;1094;population_4;700;sample_1095;198;0.04659170833031817
1095;1095;population_4;700;sample_1096;199;0.008200280816013174
1096;1096;population_4;700;sample_1097;200;0.0027349473936993164
1097;1097;population_4;700;sample_1098;201;0.06671053730039211
1098;1098;population_4;700;sample_1099;202;0.09405710862055437
1099;1099;population_4;700;sample_1100;203;0.025357712445137313
1100;1100;population_4;700;sample_1101;204;-0.04327549647719053
1101;1101;population_4;700;sample_1102;205;-0.0036378189168308856
1102;1102;population_4;700;sample_1103;206;0.004607250614239534
1103;1103;population_4;700;sample_1104;207;-0.0002792527085708484
1104;1104;population_4;700;sample_1105;208;0.029672866285742932
1105;1105;population_4;700;sample_1106;209;-0.00648546782115785
1106;1106;population_4;700;sample_1107;210;0.04848413604495285
1107;1107;population_4;700;sample_1108;211;0.0761094139621701
1108;1108;population_4;700;sample_1109;212;-0.11570064322411718
1109;1109;population_4;700;sample_1110;213;-0.12869738295166683
1110;1110;population_4;700;sample_1111;214;0.06608597192070255
1111;1111;population_4;700;sample_1112;215;-0.004247467107860607
1112;1112;population_4;700;sample_1113;216;-0.11906086881830114
1113;1113;population_4;700;sample_1114;217;-0.018622030499707592
1114;1114;population_4;700;sample_1115;218;-0.0672023469326636
1115;1115;population_4;700;sample_1116;219;0.10146421373088119
1116;1116;population_4;700;sample_1117;220;-0.009479058443587185
1117;1117;population_4;700;sample_1118;221;0.0018648734496384933
1118;1118;population_4;700;sample_1119;222;-0.05219872391927548
1119;1119;population_4;700;sample_1120;223;0.02807180375216006
1120;1120;population_4;700;sample_1121;224;0.09926539751149345
1121;1121;population_4;700;sample_1122;225;0.04001021913102698
1122;1122;population_4;700;sample_1123;226;0.051067353311821245
1123;1123;population_4;700;sample_1124;227;0.08317777822017812
1124;1124;population_4;700;sample_1125;228;0.06359391434061953
1125;1125;population_4;700;sample_1126;229;-0.10047287299627794
1126;1126;population_4;700;sample_1127;230;0.01822512608092324
1127;1127;population_4;700;sample_1128;231;-0.048954607933279694
1128;1128;population_4;700;sample_1129;232;-0.022781194817878814
1129;1129;population_4;700;sample_1130;233;-0.023233137933991694
1130;1130;population_4;700;sample_1131;234;-0.07919131268232732
1131;1131;population_4;700;sample_1132;235;-0.021629431404188323
1132;1132;population_4;700;sample_1133;236;0.11378469958650865
1133;1133;population_4;700;sample_1134;237;0.06001654431296831
1134;1134;population_4;700;sample_1135;238;-0.0903941264760441
1135;1135;population_4;700;sample_1136;239;-0.05816260303830891
1136;1136;population_4;700;sample_1137;240;-0.10059189125146632
1137;1137;population_4;700;sample_1138;241;-0.03242128068155532
1138;1138;population_4;700;sample_1139;242;-0.03032712872203979
1139;1139;population_4;700;sample_1140;243;0.07407575924603857
1140;1140;population_4;700;sample_1141;244;-0.05674259482378009
1141;1141;population_4;700;sample_1142;245;-0.04917155208853155
1142;1142;population_4;700;sample_1143;246;0.013703081882710808
1143;1143;population_4;700;sample_1144;247;0.03851172811394723
1144;1144;population_4;700;sample_1145;248;-0.05412591940533683
1145;1145;population_4;700;sample_1146;249;0.018546427678252025
1146;1146;population_4;700;sample_1147;250;0.005946833219082922
1147;1147;population_4;700;sample_1148;251;-0.012818425701751087
1148;1148;population_4;700;sample_1149;252;-0.07560550235649625
1149;1149;population_4;700;sample_1150;253;0.06679764742345164
1150;1150;population_4;700;sample_1151;254;0.034221355983738176
1151;1151;population_4;700;sample_1152;255;-0.003469353011845195
1152;1152;population_4;700;sample_1153;256;-0.04492867540432639
1153;1153;population_4;700;sample_1154;257;0.02377320970375768
1154;1154;population_4;700;sample_1155;258;0.020826613262396505
1155;1155;population_4;700;sample_1156;259;-0.040726646196839994
1156;1156;population_4;700;sample_1157;260;-0.04071198894597573
1157;1157;population_4;700;sample_1158;261;0.06188813165444319
1158;1158;population_4;700;sample_1159;262;-0.028479252388167373
1159;1159;population_4;700;sample_1160;263;-0.08259189527319476
1160;1160;population_4;700;sample_1161;264;0.10859255916551887
1161;1161;population_4;700;sample_1162;265;-0.008426246822433623
1162;1162;population_4;700;sample_1163;266;0.021652333254326913
1163;1163;population_4;700;sample_1164;267;-0.014140464174809818
1164;1164;population_4;700;sample_1165;268;-0.006169219918951887
1165;1165;population_4;700;sample_1166;269;0.08517080079446211
1166;1166;population_4;700;sample_1167;270;0.027075410964054893
1167;1167;population_4;700;sample_1168;271;-0.06166233987155171
1168;1168;population_4;700;sample_1169;272;0.007391626296828435
1169;1169;population_4;700;sample_1170;273;-0.009928120097054148
1170;1170;population_4;700;sample_1171;274;0.004454936055660125
1171;1171;population_4;700;sample_1172;275;0.013263322411374536
1172;1172;population_4;700;sample_1173;276;0.007453181838410814
1173;1173;population_4;700;sample_1174;277;0.05314262431407146
1174;1174;population_4;700;sample_1175;278;-0.005916253087750077
1175;1175;population_4;700;sample_1176;279;0.07898510346008909
1176;1176;population_4;700;sample_1177;280;0.024399356312527307
1177;1177;population_4;700;sample_1178;281;0.08211006374569292
1178;1178;population_4;700;sample_1179;282;0.00404458676682989
1179;1179;population_4;700;sample_1180;283;-0.018298649583117905
1180;1180;population_4;700;sample_1181;284;-0.05604355342718537
1181;1181;population_4;700;sample_1182;285;0.04018477892745136
1182;1182;population_4;700;sample_1183;286;-0.06459724985929946
1183;1183;population_4;700;sample_1184;287;0.05672575770927349
1184;1184;population_4;700;sample_1185;288;0.08100263291651683
1185;1185;population_4;700;sample_1186;289;0.05558601286880629
1186;1186;population_4;700;sample_1187;290;-0.006029605835390427
1187;1187;population_4;700;sample_1188;291;0.005477474411802058
1188;1188;population_4;700;sample_1189;292;-0.0903980275525442
1189;1189;population_4;700;sample_1190;293;-0.0022465125895527395
1190;1190;population_4;700;sample_1191;294;-0.06815889044030576
1191;1191;population_4;700;sample_1192;295;0.030133919540526174
1192;1192;population_4;700;sample_1193;296;-0.017060414656138733
1193;1193;population_4;700;sample_1194;297;0.05045493978126105
1194;1194;population_4;700;sample_1195;298;-0.00851648908887546
1195;1195;population_4;700;sample_1196;299;-0.030267487239286146
1196;1196;population_4;700;sample_1197;300;-0.028263106667713908
1197;1197;population_4;700;sample_1198;301;0.007587847475258007
1198;1198;population_4;700;sample_1199;302;0.07146193821809384
1199;1199;population_4;700;sample_1200;303;0.05251442080249754
1200;1200;population_4;700;sample_1201;304;-0.028646839472544882
1201;1201;population_4;700;sample_1202;305;-0.07188596525586465
1202;1202;population_4;700;sample_1203;306;0.018510522847412055
1203;1203;population_4;700;sample_1204;307;-0.009558168064507258
1204;1204;population_4;700;sample_1205;308;0.010830574162636315
1205;1205;population_4;700;sample_1206;309;-0.03806236273781554
1206;1206;population_4;700;sample_1207;310;-0.035804274927761295
1207;1207;population_4;700;sample_1208;311;-0.06157264362746628
1208;1208;population_4;700;sample_1209;312;-0.061014702342635875
1209;1209;population_4;700;sample_1210;313;0.028886279647935418
1210;1210;population_4;700;sample_1211;314;-0.02040382432531989
1211;1211;population_4;700;sample_1212;315;-0.059819064964142826
1212;1212;population_4;700;sample_1213;316;0.02399729909969428
1213;1213;population_4;700;sample_1214;317;-0.02247011409077938
1214;1214;population_4;700;sample_1215;318;0.013839342261704508
1215;1215;population_4;700;sample_1216;319;-0.02322091890976046
1216;1216;population_4;700;sample_1217;320;-0.020607092720831468
1217;1217;population_4;700;sample_1218;321;0.03489345177960796
1218;1218;population_4;700;sample_1219;322;-0.02193514166264966
1219;1219;population_4;700;sample_1220;323;-0.024228512448674036
1220;1220;population_4;700;sample_1221;324;-0.011207388482748656
1221;1221;population_4;700;sample_1222;325;-0.08494451125798057
1222;1222;population_4;700;sample_1223;326;-0.047102804874979684
1223;1223;population_4;700;sample_1224;327;0.013896192286940685
1224;1224;population_4;700;sample_1225;328;0.06953807233571975
1225;1225;population_4;700;sample_1226;329;0.01343319792702671
1226;1226;population_4;700;sample_1227;330;0.055362589309357446
1227;1227;population_4;700;sample_1228;331;0.0009496343385357875
1228;1228;population_4;700;sample_1229;332;-0.06486415309233859
1229;1229;population_4;700;sample_1230;333;-0.07182202869616013
1230;1230;population_4;700;sample_1231;334;-0.05543059104225383
1231;1231;population_4;700;sample_1232;335;-0.07760441644725287
1232;1232;population_4;700;sample_1233;336;-0.0025370059217785183
1233;1233;population_4;700;sample_1234;337;0.02618576964374657
1234;1234;population_4;700;sample_1235;338;-0.006166326710851752
1235;1235;population_4;700;sample_1236;339;0.014244205959604017
1236;1236;population_4;700;sample_1237;340;-0.0056213938488378565
1237;1237;population_4;700;sample_1238;341;0.02339862479310458
1238;1238;population_4;700;sample_1239;342;0.06944242547678343
1239;1239;population_4;700;sample_1240;343;-0.11311988227813281
1240;1240;population_4;700;sample_1241;344;-0.04730687828859506
1241;1241;population_4;700;sample_1242;345;-0.07863456540862916
1242;1242;population_4;700;sample_1243;346;0.04907613082599855
1243;1243;population_4;700;sample_1244;347;0.023200416443167837
1244;1244;population_4;700;sample_1245;348;0.008873774544310962
1245;1245;population_4;700;sample_1246;349;-0.028708041103031115
1246;1246;population_4;700;sample_1247;350;-0.02522868471775334
1247;1247;population_4;700;sample_1248;351;0.030154003558344696
1248;1248;population_4;700;sample_1249;352;-0.08134407125412176
1249;1249;population_4;700;sample_1250;353;-0.04794529207249758
1250;1250;population_4;700;sample_1251;354;-0.0015574594673861322
1251;1251;population_4;700;sample_1252;355;-0.008990154672517195
1252;1252;population_4;700;sample_1253;356;-0.01984475459964529
1253;1253;population_4;700;sample_1254;357;0.07531325094081365
1254;1254;population_4;700;sample_1255;358;0.026425612074708685
1255;1255;population_4;700;sample_1256;359;0.00359421846437646
1256;1256;population_4;700;sample_1257;360;0.045114088113326165
1257;1257;population_4;700;sample_1258;361;0.028223998431789438
1258;1258;population_4;700;sample_1259;362;-0.005712458240745936
1259;1259;population_4;700;sample_1260;363;0.022387926027193684
1260;1260;population_4;700;sample_1261;364;-0.0039554222542684
1261;1261;population_4;700;sample_1262;365;-0.11333436508730652
1262;1262;population_4;700;sample_1263;366;-0.0260062711525182
1263;1263;population_4;700;sample_1264;367;-0.03514299863883801
1264;1264;population_4;700;sample_1265;368;-0.04829328704855671
1265;1265;population_4;700;sample_1266;369;-0.010219403764912737
1266;1266;population_4;700;sample_1267;370;0.05230091014705336
1267;1267;population_4;700;sample_1268;371;-0.02572268256159111
1268;1268;population_4;700;sample_1269;372;0.04570591327787644
1269;1269;population_4;700;sample_1270;373;0.008174492218663816
1270;1270;population_4;700;sample_1271;374;0.03393888588111699
1271;1271;population_4;700;sample_1272;375;0.021489225900989076
1272;1272;population_4;700;sample_1273;376;-0.01915567236777533
1273;1273;population_4;700;sample_1274;377;-0.01658327141179005
1274;1274;population_4;700;sample_1275;378;0.02495658704423702
1275;1275;population_4;700;sample_1276;379;0.012893783504266306
1276;1276;population_4;700;sample_1277;380;0.024913227478808316
1277;1277;population_4;700;sample_1278;381;0.028460853705774808
1278;1278;population_4;700;sample_1279;382;-0.06800184663724157
1279;1279;population_4;700;sample_1280;383;0.028457422427858415
1280;1280;population_4;700;sample_1281;384;-0.06316711992812239
1281;1281;population_4;700;sample_1282;385;0.040038631455908934
1282;1282;population_4;700;sample_1283;386;-0.0009664166551463197
1283;1283;population_4;700;sample_1284;387;-0.020489928172023355
1284;1284;population_4;700;sample_1285;388;0.026426340209583912
1285;1285;population_4;700;sample_1286;389;-0.007127088185253409
1286;1286;population_4;700;sample_1287;390;-0.04846206793303261
1287;1287;population_4;700;sample_1288;391;0.04253827648995402
1288;1288;population_4;700;sample_1289;392;-0.09219822921540653
1289;1289;population_4;700;sample_1290;393;-0.01701949223435142
1290;1290;population_4;700;sample_1291;394;0.019606118138896275
1291;1291;population_4;700;sample_1292;395;-0.08866935547197592
1292;1292;population_4;700;sample_1293;396;0.08481544958199949
1293;1293;population_4;700;sample_1294;397;-0.012215445135922215
1294;1294;population_4;700;sample_1295;398;-0.031265372261908175
1295;1295;population_4;700;sample_1296;399;-0.017918452220447627
1296;1296;population_4;700;sample_1297;400;0.007431736122203716
1297;1297;population_4;700;sample_1298;401;0.06995939637289068
1298;1298;population_4;700;sample_1299;402;0.03158411299616071
1299;1299;population_4;700;sample_1300;403;0.0021281667224561686
1300;1300;population_4;700;sample_1301;404;0.057806301426747704
1301;1301;population_4;700;sample_1302;405;-0.0606538129303787
1302;1302;population_4;700;sample_1303;406;0.06761047884854374
1303;1303;population_4;700;sample_1304;407;0.01749017813860063
1304;1304;population_4;700;sample_1305;408;0.02922726365206985
1305;1305;population_4;700;sample_1306;409;0.014999816495338266
1306;1306;population_4;700;sample_1307;410;-0.0028317242283898507
1307;1307;population_4;700;sample_1308;411;-0.004001957087128378
1308;1308;population_4;700;sample_1309;412;-0.09491864631560011
1309;1309;population_4;700;sample_1310;413;0.035008511873452865
1310;1310;population_4;700;sample_1311;414;-0.0063481593950901905
1311;1311;population_4;700;sample_1312;415;-0.0172704224160714
1312;1312;population_4;700;sample_1313;416;0.02693786235842821
1313;1313;population_4;700;sample_1314;417;0.022552442460230235
1314;1314;population_4;700;sample_1315;418;0.03677849311406469
1315;1315;population_4;700;sample_1316;419;-0.004798894166801476
1316;1316;population_4;700;sample_1317;420;0.0068010456078253
1317;1317;population_4;700;sample_1318;421;0.008287099561245664
1318;1318;population_4;700;sample_1319;422;0.004418452593330714
1319;1319;population_4;700;sample_1320;423;-0.04734754434933328
1320;1320;population_4;700;sample_1321;424;-0.07857256312148964
1321;1321;population_4;700;sample_1322;425;0.05435978792961824
1322;1322;population_4;700;sample_1323;426;0.01956914718176257
1323;1323;population_4;700;sample_1324;427;0.028501141555805236
1324;1324;population_4;700;sample_1325;428;-0.014386574866165989
1325;1325;population_4;700;sample_1326;429;-0.05289453712737447
1326;1326;population_4;700;sample_1327;430;0.0333937529248867
1327;1327;population_4;700;sample_1328;431;0.04382630284258416
1328;1328;population_4;700;sample_1329;432;-0.0041699590569176095
1329;1329;population_4;700;sample_1330;433;0.017740581978077184
1330;1330;population_4;700;sample_1331;434;0.036902458541031254
1331;1331;population_4;700;sample_1332;435;-0.026551155751059315
1332;1332;population_4;700;sample_1333;436;0.0320803721187059
1333;1333;population_4;700;sample_1334;437;0.056467417142316324
1334;1334;population_4;700;sample_1335;438;0.03692142785857034
1335;1335;population_4;700;sample_1336;439;-0.010794565454984527
1336;1336;population_4;700;sample_1337;440;-0.024671598807570076
1337;1337;population_4;700;sample_1338;441;0.008122636741123583
1338;1338;population_4;700;sample_1339;442;-0.03575370333997752
1339;1339;population_4;700;sample_1340;443;0.005650723174141537
1340;1340;population_4;700;sample_1341;444;0.018850960191708836
1341;1341;population_4;700;sample_1342;445;-0.025028041267628115
1342;1342;population_4;700;sample_1343;446;-0.011922683315265177
1343;1343;population_4;700;sample_1344;447;0.040373623792548025
1344;1344;population_4;700;sample_1345;448;-0.06938702186542307
1345;1345;population_4;700;sample_1346;449;0.012696313795468936
1346;1346;population_4;700;sample_1347;450;-0.03896033717921344
1347;1347;population_4;700;sample_1348;451;-0.01982781971262208
1348;1348;population_4;700;sample_1349;452;-0.012478340862364143
1349;1349;population_4;700;sample_1350;453;0.07383888950929003
1350;1350;population_4;700;sample_1351;454;0.03958246815691809
1351;1351;population_4;700;sample_1352;455;-0.014551682174139229
1352;1352;population_4;700;sample_1353;456;-0.011232008025182596
1353;1353;population_4;700;sample_1354;457;-0.031313006675887
1354;1354;population_4;700;sample_1355;458;0.003920637342940281
1355;1355;population_4;700;sample_1356;459;-0.04376255799980877
1356;1356;population_4;700;sample_1357;460;-0.010354068629600373
1357;1357;population_4;700;sample_1358;461;0.02078497801718249
1358;1358;population_4;700;sample_1359;462;-0.06883734797166328
1359;1359;population_4;700;sample_1360;463;-0.020718986014083295
1360;1360;population_4;700;sample_1361;464;-0.001732110120484078
1361;1361;population_4;700;sample_1362;465;0.013957514276751393
1362;1362;population_4;700;sample_1363;466;0.010392919367642698
1363;1363;population_4;700;sample_1364;467;0.06287457657806828
1364;1364;population_4;700;sample_1365;468;0.08758183924021892
1365;1365;population_4;700;sample_1366;469;-0.07183586047388343
1366;1366;population_4;700;sample_1367;470;0.012379676981604531
1367;1367;population_4;700;sample_1368;471;0.0058075820138496406
1368;1368;population_4;700;sample_1369;472;0.03296471418285978
1369;1369;population_4;700;sample_1370;473;-0.04109035700929721
1370;1370;population_4;700;sample_1371;474;-0.020345624109209308
1371;1371;population_4;700;sample_1372;475;-0.0013908367103810271
1372;1372;population_4;700;sample_1373;476;0.03970962554026056
1373;1373;population_4;700;sample_1374;477;0.019881536765372833
1374;1374;population_4;700;sample_1375;478;-0.024765830640665478
1375;1375;population_4;700;sample_1376;479;0.011127403676030984
1376;1376;population_4;700;sample_1377;480;-0.0066732961053756
1377;1377;population_4;700;sample_1378;481;-0.02470763862316196
1378;1378;population_4;700;sample_1379;482;-6.68125849922902e-05
1379;1379;population_4;700;sample_1380;483;0.037058378694223924
1380;1380;population_4;700;sample_1381;484;0.021033757716938474
1381;1381;population_4;700;sample_1382;485;0.03161591489035431
1382;1382;population_4;700;sample_1383;486;0.0023624746184853543
1383;1383;population_4;700;sample_1384;487;0.04450459221547507
1384;1384;population_4;700;sample_1385;488;-0.0061540627342329965
1385;1385;population_4;700;sample_1386;489;-0.01547158982249694
1386;1386;population_4;700;sample_1387;490;-0.011196678830832111
1387;1387;population_4;700;sample_1388;491;0.08044885721928174
1388;1388;population_4;700;sample_1389;492;0.0012615535961639725
1389;1389;population_4;700;sample_1390;493;0.02386067555134952
1390;1390;population_4;700;sample_1391;494;-0.07598101808549654
1391;1391;population_4;700;sample_1392;495;-0.08129537722857864
1392;1392;population_4;700;sample_1393;496;-0.027209530615722347
1393;1393;population_4;700;sample_1394;497;0.02896570428382138
1394;1394;population_4;700;sample_1395;498;-0.023568308589260574
1395;1395;population_4;700;sample_1396;499;-0.0030164081421101712
1396;1396;population_4;700;sample_1397;500;0.002036474921826169
1397;1397;population_4;700;sample_1398;501;0.003056472681194191
1398;1398;population_4;700;sample_1399;502;0.009835276472617347
1399;1399;population_4;700;sample_1400;503;-0.03774777675999059
1400;1400;population_4;700;sample_1401;504;-0.01211615102151282
1401;1401;population_4;700;sample_1402;505;0.01646339782787428
1402;1402;population_4;700;sample_1403;506;0.00419812672894081
1403;1403;population_4;700;sample_1404;507;-0.024992778809401178
1404;1404;population_4;700;sample_1405;508;-0.023821315713096113
1405;1405;population_4;700;sample_1406;509;0.06328506883229429
1406;1406;population_4;700;sample_1407;510;-0.010759693434204857
1407;1407;population_4;700;sample_1408;511;-0.042228818960661905
1408;1408;population_4;700;sample_1409;512;0.056840644236618096
1409;1409;population_4;700;sample_1410;513;0.019990380964959677
1410;1410;population_4;700;sample_1411;514;0.01599364527853547
1411;1411;population_4;700;sample_1412;515;0.03575515550165718
1412;1412;population_4;700;sample_1413;516;-0.04009339387534105
1413;1413;population_4;700;sample_1414;517;0.00546285701740827
1414;1414;population_4;700;sample_1415;518;0.03798136981827529
1415;1415;population_4;700;sample_1416;519;-0.03914520937718353
1416;1416;population_4;700;sample_1417;520;0.058465493318681526
1417;1417;population_4;700;sample_1418;521;0.027949919895752715
1418;1418;population_4;700;sample_1419;522;0.002673533460760755
1419;1419;population_4;700;sample_1420;523;-0.02424647694754024
1420;1420;population_4;700;sample_1421;524;0.011778935119894298
1421;1421;population_4;700;sample_1422;525;0.03044029497372283
1422;1422;population_4;700;sample_1423;526;-0.02331432901012448
1423;1423;population_4;700;sample_1424;527;-0.013584110621937684
1424;1424;population_4;700;sample_1425;528;0.041856375134257044
1425;1425;population_4;700;sample_1426;529;0.002689420829071279
1426;1426;population_4;700;sample_1427;530;0.029789169727926116
1427;1427;population_4;700;sample_1428;531;0.009411176509915912
1428;1428;population_4;700;sample_1429;532;-0.007181119151919499
1429;1429;population_4;700;sample_1430;533;-0.000494977150696793
1430;1430;population_4;700;sample_1431;534;-0.02744017167547193
1431;1431;population_4;700;sample_1432;535;-0.04828942376412799
1432;1432;population_4;700;sample_1433;536;0.026071343716566858
1433;1433;population_4;700;sample_1434;537;-0.0338175401411622
1434;1434;population_4;700;sample_1435;538;-0.03524336712557939
1435;1435;population_4;700;sample_1436;539;0.0023175899063987704
1436;1436;population_4;700;sample_1437;540;0.059978205558739325
1437;1437;population_4;700;sample_1438;541;-0.08568637255344219
1438;1438;population_4;700;sample_1439;542;0.014793546906034393
1439;1439;population_4;700;sample_1440;543;0.02716080871528339
1440;1440;population_4;700;sample_1441;544;-0.011654701606889457
1441;1441;population_4;700;sample_1442;545;-0.01959379748620856
1442;1442;population_4;700;sample_1443;546;0.06506066209608344
1443;1443;population_4;700;sample_1444;547;0.02491929884092251
1444;1444;population_4;700;sample_1445;548;-0.023563572252934144
1445;1445;population_4;700;sample_1446;549;-0.022558546772123815
1446;1446;population_4;700;sample_1447;550;0.02156343733962866
1447;1447;population_4;700;sample_1448;551;-0.030008504955564935
1448;1448;population_4;700;sample_1449;552;-0.003876715966867628
1449;1449;population_4;700;sample_1450;553;-0.008418971999305655
1450;1450;population_4;700;sample_1451;554;0.036308609049692506
1451;1451;population_4;700;sample_1452;555;0.011176504941177497
1452;1452;population_4;700;sample_1453;556;0.05151055028045429
1453;1453;population_4;700;sample_1454;557;-0.032237776752524344
1454;1454;population_4;700;sample_1455;558;-0.02193924692351485
1455;1455;population_4;700;sample_1456;559;0.0373660183932293
1456;1456;population_4;700;sample_1457;560;-0.023816124170924234
1457;1457;population_4;700;sample_1458;561;-0.011111987648440737
1458;1458;population_4;700;sample_1459;562;0.019173119661659202
1459;1459;population_4;700;sample_1460;563;0.002617111672064342
1460;1460;population_4;700;sample_1461;564;0.02623233893220011
1461;1461;population_4;700;sample_1462;565;0.0027948884283506134
1462;1462;population_4;700;sample_1463;566;0.00033836225895298073
1463;1463;population_4;700;sample_1464;567;-0.03557450817580213
1464;1464;population_4;700;sample_1465;568;0.02902280925114275
1465;1465;population_4;700;sample_1466;569;-0.0030717773783154093
1466;1466;population_4;700;sample_1467;570;-0.03273144744171696
1467;1467;population_4;700;sample_1468;571;-0.0035048434926647004
1468;1468;population_4;700;sample_1469;572;0.013160273527720956
1469;1469;population_4;700;sample_1470;573;-0.06894549902722442
1470;1470;population_4;700;sample_1471;574;0.060822632056476165
1471;1471;population_4;700;sample_1472;575;0.014774784489416208
1472;1472;population_4;700;sample_1473;576;-0.014873541809332294
1473;1473;population_4;700;sample_1474;577;-0.023750191192033095
1474;1474;population_4;700;sample_1475;578;0.019137744610879685
1475;1475;population_4;700;sample_1476;579;-0.012742391829438376
1476;1476;population_4;700;sample_1477;580;-0.008414367702417328
1477;1477;population_4;700;sample_1478;581;0.07014317936972564
1478;1478;population_4;700;sample_1479;582;-0.003240862830267838
1479;1479;population_4;700;sample_1480;583;-0.006081988708767316
1480;1480;population_4;700;sample_1481;584;-0.03598168986928494
1481;1481;population_4;700;sample_1482;585;0.009688528573561705
1482;1482;population_4;700;sample_1483;586;0.03272836403367489
1483;1483;population_4;700;sample_1484;587;0.02716552486424098
1484;1484;population_4;700;sample_1485;588;-0.02671717793766566
1485;1485;population_4;700;sample_1486;589;-0.00777430800015057
1486;1486;population_4;700;sample_1487;590;0.011243425955105793
1487;1487;population_4;700;sample_1488;591;0.02484964377950684
1488;1488;population_4;700;sample_1489;592;0.004608840574105511
1489;1489;population_4;700;sample_1490;593;0.0193416773367654
1490;1490;population_4;700;sample_1491;594;-0.029844000608850663
1491;1491;population_4;700;sample_1492;595;-0.018469030692813172
1492;1492;population_4;700;sample_1493;596;0.013798227939469665
1493;1493;population_4;700;sample_1494;597;0.013012897698306993
1494;1494;population_4;700;sample_1495;598;-0.024548652970769372
1495;1495;population_4;700;sample_1496;599;0.01436787995437385
1496;1496;population_4;700;sample_1497;600;-0.002924273564073481
1497;1497;population_4;700;sample_1498;601;0.028627596070066208
1498;1498;population_4;700;sample_1499;602;0.014469899957887276
1499;1499;population_4;700;sample_1500;603;-0.013363370853103731
1500;1500;population_4;700;sample_1501;604;-0.010451753677473464
1501;1501;population_4;700;sample_1502;605;-0.01257090105566069
1502;1502;population_4;700;sample_1503;606;-0.04860888481023759
1503;1503;population_4;700;sample_1504;607;-0.003457929462373503
1504;1504;population_4;700;sample_1505;608;-0.023117644555157607
1505;1505;population_4;700;sample_1506;609;0.008029527781625113
1506;1506;population_4;700;sample_1507;610;0.03295244599736307
1507;1507;population_4;700;sample_1508;611;0.0008885430016472647
1508;1508;population_4;700;sample_1509;612;-0.03306885869812492
1509;1509;population_4;700;sample_1510;613;0.007156604958816368
1510;1510;population_4;700;sample_1511;614;0.04176884766684471
1511;1511;population_4;700;sample_1512;615;-0.007986066988268096
1512;1512;population_4;700;sample_1513;616;-0.014400485977832608
1513;1513;population_4;700;sample_1514;617;0.03217686889168926
1514;1514;population_4;700;sample_1515;618;-0.0015842891838034527
1515;1515;population_4;700;sample_1516;619;-0.010156812977342151
1516;1516;population_4;700;sample_1517;620;-0.005461015440626311
1517;1517;population_4;700;sample_1518;621;0.004719111190666271
1518;1518;population_4;700;sample_1519;622;-0.000332901227966592
1519;1519;population_4;700;sample_1520;623;-0.036635659328542
1520;1520;population_4;700;sample_1521;624;0.01364756102717514
1521;1521;population_4;700;sample_1522;625;-0.019426700037245326
1522;1522;population_4;700;sample_1523;626;-0.023038330932066264
1523;1523;population_4;700;sample_1524;627;-0.010623015982264374
1524;1524;population_4;700;sample_1525;628;0.004021963650009199
1525;1525;population_4;700;sample_1526;629;-0.00639557569195472
1526;1526;population_4;700;sample_1527;630;-0.049517048971658074
1527;1527;population_4;700;sample_1528;631;-0.02987029622940725
1528;1528;population_4;700;sample_1529;632;-8.830183590907211e-05
1529;1529;population_4;700;sample_1530;633;-0.027069181473756705
1530;1530;population_4;700;sample_1531;634;0.011343731180937747
1531;1531;population_4;700;sample_1532;635;-0.006317474489171282
1532;1532;population_4;700;sample_1533;636;-0.010240437237901714
1533;1533;population_4;700;sample_1534;637;0.037740180909091224
1534;1534;population_4;700;sample_1535;638;-0.03711164893523777
1535;1535;population_4;700;sample_1536;639;-0.007552802025334447
1536;1536;population_4;700;sample_1537;640;-0.050503571452939024
1537;1537;population_4;700;sample_1538;641;-0.024538134958538696
1538;1538;population_4;700;sample_1539;642;0.013928377408316964
1539;1539;population_4;700;sample_1540;643;-0.008479718324416316
1540;1540;population_4;700;sample_1541;644;0.002758652262071112
1541;1541;population_4;700;sample_1542;645;0.014188230274216836
1542;1542;population_4;700;sample_1543;646;0.02559285633888203
1543;1543;population_4;700;sample_1544;647;-0.00303595163095892
1544;1544;population_4;700;sample_1545;648;-0.008640179013653056
1545;1545;population_4;700;sample_1546;649;-0.029358974414146234
1546;1546;population_4;700;sample_1547;650;-0.013808692563162677
1547;1547;population_4;700;sample_1548;651;-0.01145647378156806
1548;1548;population_4;700;sample_1549;652;-0.001059466278531121
1549;1549;population_4;700;sample_1550;653;0.03662415036010159
1550;1550;population_4;700;sample_1551;654;-0.011322633499301075
1551;1551;population_4;700;sample_1552;655;-0.0402579529300712
1552;1552;population_4;700;sample_1553;656;0.004760153862695305
1553;1553;population_4;700;sample_1554;657;-0.013544658296470315
1554;1554;population_4;700;sample_1555;658;0.03485163072737613
1555;1555;population_4;700;sample_1556;659;-0.006429561281011942
1556;1556;population_4;700;sample_1557;660;0.05308447387203315
1557;1557;population_4;700;sample_1558;661;0.008581282411027626
1558;1558;population_4;700;sample_1559;662;0.016923630976251148
1559;1559;population_4;700;sample_1560;663;-0.03635589879888644
1560;1560;population_4;700;sample_1561;664;0.015386204277283136
1561;1561;population_4;700;sample_1562;665;0.033613026759026686
1562;1562;population_4;700;sample_1563;666;0.0017005841586417005
1563;1563;population_4;700;sample_1564;667;-0.018834111630213063
1564;1564;population_4;700;sample_1565;668;0.02892495392129957
1565;1565;population_4;700;sample_1566;669;0.021417461933700564
1566;1566;population_4;700;sample_1567;670;0.030094624501935157
1567;1567;population_4;700;sample_1568;671;-0.0032166115116943703
1568;1568;population_4;700;sample_1569;672;-0.0005915013171060473
1569;1569;population_4;700;sample_1570;673;-0.013159710086226066
1570;1570;population_4;700;sample_1571;674;8.004915858366954e-05
1571;1571;population_4;700;sample_1572;675;0.02981554636981169
1572;1572;population_4;700;sample_1573;676;0.022418050878884835
1573;1573;population_4;700;sample_1574;677;-0.035126705265030596
1574;1574;population_4;700;sample_1575;678;-0.01207658824790446
1575;1575;population_4;700;sample_1576;679;-0.022742459048617724
1576;1576;population_4;700;sample_1577;680;-0.004268774891980677
1577;1577;population_4;700;sample_1578;681;-0.03592033460449087
1578;1578;population_4;700;sample_1579;682;0.00506894202801236
1579;1579;population_4;700;sample_1580;683;0.003974583396547855
1580;1580;population_4;700;sample_1581;684;0.02329043677892847
1581;1581;population_4;700;sample_1582;685;0.005761005924317579
1582;1582;population_4;700;sample_1583;686;-0.0006388588783514088
1583;1583;population_4;700;sample_1584;687;-0.03312134293057428
1584;1584;population_4;700;sample_1585;688;0.005793122417236848
1585;1585;population_4;700;sample_1586;689;-0.004808134938476771
1586;1586;population_4;700;sample_1587;690;-0.011582204500717968
1587;1587;population_4;700;sample_1588;691;0.015011492183573583
1588;1588;population_4;700;sample_1589;692;-0.0223586600779113
1589;1589;population_4;700;sample_1590;693;-0.014641962851133106
1590;1590;population_4;700;sample_1591;694;0.015790124222981636
1591;1591;population_4;700;sample_1592;695;-0.018242682063757874
1592;1592;population_4;700;sample_1593;696;0.021785635971472025
1593;1593;population_4;700;sample_1594;697;0.029886599640969156
1594;1594;population_4;700;sample_1595;698;-0.013065810446346407
1595;1595;population_4;700;sample_1596;699;-0.022555128336100964
1596;1596;population_5;900;sample_1597;1;0.5781799320073243
1597;1597;population_5;900;sample_1598;2;-0.09951241965329793
1598;1598;population_5;900;sample_1599;3;-0.017450192455783258
1599;1599;population_5;900;sample_1600;4;0.11729675089462321
1600;1600;population_5;900;sample_1601;5;-0.3836630892073221
1601;1601;population_5;900;sample_1602;6;-1.0035544934465983
1602;1602;population_5;900;sample_1603;7;-0.26035031065727926
1603;1603;population_5;900;sample_1604;8;0.209626160922201
1604;1604;population_5;900;sample_1605;9;-0.5376400430011117
1605;1605;population_5;900;sample_1606;10;-0.04739745832009079
1606;1606;population_5;900;sample_1607;11;0.19380579978354653
1607;1607;population_5;900;sample_1608;12;0.3460140764247986
1608;1608;population_5;900;sample_1609;13;-0.17101149625967485
1609;1609;population_5;900;sample_1610;14;-0.12318315242099895
1610;1610;population_5;900;sample_1611;15;-0.028746254773107136
1611;1611;population_5;900;sample_1612;16;-0.08424038221061594
1612;1612;population_5;900;sample_1613;17;0.3592887160348026
1613;1613;population_5;900;sample_1614;18;0.04847379233549884
1614;1614;population_5;900;sample_1615;19;0.195148949828542
1615;1615;population_5;900;sample_1616;20;0.311471853486483
1616;1616;population_5;900;sample_1617;21;-0.04797040173343786
1617;1617;population_5;900;sample_1618;22;-0.2987448578659669
1618;1618;population_5;900;sample_1619;23;-0.17793728689713906
1619;1619;population_5;900;sample_1620;24;-0.14613692261573444
1620;1620;population_5;900;sample_1621;25;-0.15207882557989602
1621;1621;population_5;900;sample_1622;26;0.16840122270599672
1622;1622;population_5;900;sample_1623;27;0.1804013904366399
1623;1623;population_5;900;sample_1624;28;-0.1267442518119776
1624;1624;population_5;900;sample_1625;29;0.1715404902751197
1625;1625;population_5;900;sample_1626;30;-0.0864849948478739
1626;1626;population_5;900;sample_1627;31;-0.029453413230317627
1627;1627;population_5;900;sample_1628;32;-0.09614423926407724
1628;1628;population_5;900;sample_1629;33;0.4212388687479098
1629;1629;population_5;900;sample_1630;34;0.39142522258435536
1630;1630;population_5;900;sample_1631;35;-0.13605253930825048
1631;1631;population_5;900;sample_1632;36;-0.0880787811509802
1632;1632;population_5;900;sample_1633;37;-0.0701462655141301
1633;1633;population_5;900;sample_1634;38;-0.04673588476371178
1634;1634;population_5;900;sample_1635;39;-0.14503416233079017
1635;1635;population_5;900;sample_1636;40;0.042437046709362276
1636;1636;population_5;900;sample_1637;41;0.1004424542131741
1637;1637;population_5;900;sample_1638;42;-0.059285079959921765
1638;1638;population_5;900;sample_1639;43;-0.22041146658352195
1639;1639;population_5;900;sample_1640;44;-0.16018078636557995
1640;1640;population_5;900;sample_1641;45;0.017286417135084893
1641;1641;population_5;900;sample_1642;46;-0.011178718542605376
1642;1642;population_5;900;sample_1643;47;0.05986899633448232
1643;1643;population_5;900;sample_1644;48;0.19540570374072766
1644;1644;population_5;900;sample_1645;49;-0.008936020959908222
1645;1645;population_5;900;sample_1646;50;-0.15460036174458677
1646;1646;population_5;900;sample_1647;51;-0.026002360386210198
1647;1647;population_5;900;sample_1648;52;-0.013238732266964943
1648;1648;population_5;900;sample_1649;53;-0.2435899259369328
1649;1649;population_5;900;sample_1650;54;-0.1248585073044153
1650;1650;population_5;900;sample_1651;55;0.18397803872035717
1651;1651;population_5;900;sample_1652;56;-0.09427460186251717
1652;1652;population_5;900;sample_1653;57;0.024202347702258747
1653;1653;population_5;900;sample_1654;58;-0.1975769037546576
1654;1654;population_5;900;sample_1655;59;0.014366653635425566
1655;1655;population_5;900;sample_1656;60;-0.36393586162866653
1656;1656;population_5;900;sample_1657;61;0.04632525984623965
1657;1657;population_5;900;sample_1658;62;-0.12351219495734372
1658;1658;population_5;900;sample_1659;63;-0.10908515134779648
1659;1659;population_5;900;sample_1660;64;-0.005562983266555507
1660;1660;population_5;900;sample_1661;65;-0.10690476975562742
1661;1661;population_5;900;sample_1662;66;-0.08921380286719827
1662;1662;population_5;900;sample_1663;67;-0.13696865019447124
1663;1663;population_5;900;sample_1664;68;-0.15161813573275187
1664;1664;population_5;900;sample_1665;69;0.11086825627573706
1665;1665;population_5;900;sample_1666;70;0.026018567016506924
1666;1666;population_5;900;sample_1667;71;-0.2059639017961446
1667;1667;population_5;900;sample_1668;72;-0.16070550815817458
1668;1668;population_5;900;sample_1669;73;0.0033901655324051054
1669;1669;population_5;900;sample_1670;74;-0.057472493700897374
1670;1670;population_5;900;sample_1671;75;0.02684832055512531
1671;1671;population_5;900;sample_1672;76;0.1683332547207042
1672;1672;population_5;900;sample_1673;77;-0.04417215402857737
1673;1673;population_5;900;sample_1674;78;-0.18118797564118963
1674;1674;population_5;900;sample_1675;79;0.1535069685519442
1675;1675;population_5;900;sample_1676;80;-0.037761000580454854
1676;1676;population_5;900;sample_1677;81;-0.1916333629875704
1677;1677;population_5;900;sample_1678;82;0.09023329670491588
1678;1678;population_5;900;sample_1679;83;0.0811879818648561
1679;1679;population_5;900;sample_1680;84;-0.025515614193690084
1680;1680;population_5;900;sample_1681;85;0.13304415848858164
1681;1681;population_5;900;sample_1682;86;-0.056387237242935165
1682;1682;population_5;900;sample_1683;87;-0.03380570608808152
1683;1683;population_5;900;sample_1684;88;0.10236527687897813
1684;1684;population_5;900;sample_1685;89;0.041446976588798624
1685;1685;population_5;900;sample_1686;90;-0.05343890574933088
1686;1686;population_5;900;sample_1687;91;0.06365823611863992
1687;1687;population_5;900;sample_1688;92;-0.11697695850008193
1688;1688;population_5;900;sample_1689;93;-0.04122040069506889
1689;1689;population_5;900;sample_1690;94;-0.07328611913042456
1690;1690;population_5;900;sample_1691;95;-0.1215004024031847
1691;1691;population_5;900;sample_1692;96;0.04337106541390024
1692;1692;population_5;900;sample_1693;97;-0.0563615233037997
1693;1693;population_5;900;sample_1694;98;0.08053678537646497
1694;1694;population_5;900;sample_1695;99;-0.060209346155743915
1695;1695;population_5;900;sample_1696;100;0.03762748023298637
1696;1696;population_5;900;sample_1697;101;0.0038187786003907108
1697;1697;population_5;900;sample_1698;102;-0.060961996867485706
1698;1698;population_5;900;sample_1699;103;0.052634107116654866
1699;1699;population_5;900;sample_1700;104;-0.21353863184958638
1700;1700;population_5;900;sample_1701;105;0.09476333458171825
1701;1701;population_5;900;sample_1702;106;0.18244578025092226
1702;1702;population_5;900;sample_1703;107;-0.17732699585648468
1703;1703;population_5;900;sample_1704;108;0.0839003843088375
1704;1704;population_5;900;sample_1705;109;0.08369075893168
1705;1705;population_5;900;sample_1706;110;0.03735554200058291
1706;1706;population_5;900;sample_1707;111;-0.08457454597077359
1707;1707;population_5;900;sample_1708;112;-0.026643316734447548
1708;1708;population_5;900;sample_1709;113;-0.07403175693382373
1709;1709;population_5;900;sample_1710;114;0.23208174359923095
1710;1710;population_5;900;sample_1711;115;0.03424616784480844
1711;1711;population_5;900;sample_1712;116;0.1208777004257948
1712;1712;population_5;900;sample_1713;117;-0.10159446700754783
1713;1713;population_5;900;sample_1714;118;-0.011801181669778636
1714;1714;population_5;900;sample_1715;119;0.23871232211677604
1715;1715;population_5;900;sample_1716;120;0.07916121190657927
1716;1716;population_5;900;sample_1717;121;-0.19469908700812888
1717;1717;population_5;900;sample_1718;122;0.009064460258395971
1718;1718;population_5;900;sample_1719;123;0.06550482556393884
1719;1719;population_5;900;sample_1720;124;-0.031586919474062565
1720;1720;population_5;900;sample_1721;125;-0.07926583724702338
1721;1721;population_5;900;sample_1722;126;0.07192452157725251
1722;1722;population_5;900;sample_1723;127;-0.15734577975583153
1723;1723;population_5;900;sample_1724;128;0.05647901026703714
1724;1724;population_5;900;sample_1725;129;0.022495499689349326
1725;1725;population_5;900;sample_1726;130;0.06409101180420944
1726;1726;population_5;900;sample_1727;131;-0.005688784150342551
1727;1727;population_5;900;sample_1728;132;-0.022107896787223934
1728;1728;population_5;900;sample_1729;133;0.17316627922782388
1729;1729;population_5;900;sample_1730;134;0.0886560053658147
1730;1730;population_5;900;sample_1731;135;0.0531513170967975
1731;1731;population_5;900;sample_1732;136;0.05241278154162267
1732;1732;population_5;900;sample_1733;137;-0.22406965667904524
1733;1733;population_5;900;sample_1734;138;0.03254249534029027
1734;1734;population_5;900;sample_1735;139;-0.19052213159541825
1735;1735;population_5;900;sample_1736;140;-0.08748244681944928
1736;1736;population_5;900;sample_1737;141;0.1342374836250906
1737;1737;population_5;900;sample_1738;142;-0.013774775843404845
1738;1738;population_5;900;sample_1739;143;0.21636057505353687
1739;1739;population_5;900;sample_1740;144;0.037127689564834754
1740;1740;population_5;900;sample_1741;145;0.008878827374439935
1741;1741;population_5;900;sample_1742;146;-0.14578988920644811
1742;1742;population_5;900;sample_1743;147;0.03425733744103132
1743;1743;population_5;900;sample_1744;148;0.10305029073171436
1744;1744;population_5;900;sample_1745;149;-0.08501728261368645
1745;1745;population_5;900;sample_1746;150;0.10211959948532894
1746;1746;population_5;900;sample_1747;151;0.08361514728415291
1747;1747;population_5;900;sample_1748;152;-0.0461272105359496
1748;1748;population_5;900;sample_1749;153;-0.030972395043221728
1749;1749;population_5;900;sample_1750;154;0.02615924358776935
1750;1750;population_5;900;sample_1751;155;-0.022842017523413655
1751;1751;population_5;900;sample_1752;156;-0.10106846341867146
1752;1752;population_5;900;sample_1753;157;-0.06916543369055342
1753;1753;population_5;900;sample_1754;158;0.04858427036240421
1754;1754;population_5;900;sample_1755;159;0.037122008007462216
1755;1755;population_5;900;sample_1756;160;0.05073563066822238
1756;1756;population_5;900;sample_1757;161;-0.05040827862916934
1757;1757;population_5;900;sample_1758;162;0.03518743545850742
1758;1758;population_5;900;sample_1759;163;0.048898207357856306
1759;1759;population_5;900;sample_1760;164;-0.015353299505313655
1760;1760;population_5;900;sample_1761;165;-0.00019621783118117393
1761;1761;population_5;900;sample_1762;166;-0.01660327266572248
1762;1762;population_5;900;sample_1763;167;-0.0011470137430417476
1763;1763;population_5;900;sample_1764;168;0.07396908085861184
1764;1764;population_5;900;sample_1765;169;-0.12104551952232129
1765;1765;population_5;900;sample_1766;170;0.09513633559890244
1766;1766;population_5;900;sample_1767;171;0.0930458771905801
1767;1767;population_5;900;sample_1768;172;-0.028515107881225903
1768;1768;population_5;900;sample_1769;173;-0.05853233125843902
1769;1769;population_5;900;sample_1770;174;-0.0625673469632871
1770;1770;population_5;900;sample_1771;175;-0.08378217978000779
1771;1771;population_5;900;sample_1772;176;-0.052394471846470385
1772;1772;population_5;900;sample_1773;177;0.06217942239058586
1773;1773;population_5;900;sample_1774;178;-0.14122723027013023
1774;1774;population_5;900;sample_1775;179;0.003560909992215601
1775;1775;population_5;900;sample_1776;180;0.024865523200733892
1776;1776;population_5;900;sample_1777;181;-0.07483112137583665
1777;1777;population_5;900;sample_1778;182;0.04309768016152078
1778;1778;population_5;900;sample_1779;183;0.01784530315794535
1779;1779;population_5;900;sample_1780;184;-0.014207216379025831
1780;1780;population_5;900;sample_1781;185;-0.025520381110028974
1781;1781;population_5;900;sample_1782;186;0.010944512218974762
1782;1782;population_5;900;sample_1783;187;0.022810430821916926
1783;1783;population_5;900;sample_1784;188;0.04726831804141782
1784;1784;population_5;900;sample_1785;189;0.12681069432313533
1785;1785;population_5;900;sample_1786;190;-0.060060997608848164
1786;1786;population_5;900;sample_1787;191;0.04188449649188315
1787;1787;population_5;900;sample_1788;192;0.07436913014218736
1788;1788;population_5;900;sample_1789;193;-0.027915568915752132
1789;1789;population_5;900;sample_1790;194;-0.022782271983349454
1790;1790;population_5;900;sample_1791;195;-0.024862781024830135
1791;1791;population_5;900;sample_1792;196;0.0819973120386615
1792;1792;population_5;900;sample_1793;197;-0.11862247199128927
1793;1793;population_5;900;sample_1794;198;0.032198807115675104
1794;1794;population_5;900;sample_1795;199;-0.09853376894085775
1795;1795;population_5;900;sample_1796;200;-0.046624811749739994
1796;1796;population_5;900;sample_1797;201;0.04623558385299425
1797;1797;population_5;900;sample_1798;202;0.08619080596972876
1798;1798;population_5;900;sample_1799;203;0.04365276411803925
1799;1799;population_5;900;sample_1800;204;0.0459057722216471
1800;1800;population_5;900;sample_1801;205;0.020660006911581666
1801;1801;population_5;900;sample_1802;206;0.023863043710648787
1802;1802;population_5;900;sample_1803;207;-0.06761271434001713
1803;1803;population_5;900;sample_1804;208;-0.012539440701536871
1804;1804;population_5;900;sample_1805;209;0.04415109542835127
1805;1805;population_5;900;sample_1806;210;-0.03483078821772313
1806;1806;population_5;900;sample_1807;211;0.06460131370832797
1807;1807;population_5;900;sample_1808;212;0.002796922716251619
1808;1808;population_5;900;sample_1809;213;0.016828060899828766
1809;1809;population_5;900;sample_1810;214;-0.015970716474369765
1810;1810;population_5;900;sample_1811;215;0.018693020613209918
1811;1811;population_5;900;sample_1812;216;0.049543848213177394
1812;1812;population_5;900;sample_1813;217;0.019019520574287175
1813;1813;population_5;900;sample_1814;218;-0.03729465909345676
1814;1814;population_5;900;sample_1815;219;-0.008783189995575149
1815;1815;population_5;900;sample_1816;220;0.02808751419889486
1816;1816;population_5;900;sample_1817;221;0.05397020902459769
1817;1817;population_5;900;sample_1818;222;-0.002494769547794161
1818;1818;population_5;900;sample_1819;223;-0.008390228238868107
1819;1819;population_5;900;sample_1820;224;0.05648069550399661
1820;1820;population_5;900;sample_1821;225;0.04066287331227369
1821;1821;population_5;900;sample_1822;226;-0.021794580290601415
1822;1822;population_5;900;sample_1823;227;-0.11278996412976429
1823;1823;population_5;900;sample_1824;228;-0.053574845703557306
1824;1824;population_5;900;sample_1825;229;-0.07808055183492878
1825;1825;population_5;900;sample_1826;230;0.000713922372983453
1826;1826;population_5;900;sample_1827;231;-0.00034634972667082044
1827;1827;population_5;900;sample_1828;232;-0.07718005364704478
1828;1828;population_5;900;sample_1829;233;0.019830152232525284
1829;1829;population_5;900;sample_1830;234;0.05288383183985033
1830;1830;population_5;900;sample_1831;235;0.0777801912875011
1831;1831;population_5;900;sample_1832;236;0.061246320745487574
1832;1832;population_5;900;sample_1833;237;-0.053238489974257695
1833;1833;population_5;900;sample_1834;238;0.07365646070342324
1834;1834;population_5;900;sample_1835;239;-0.006910148229474563
1835;1835;population_5;900;sample_1836;240;-0.06065416697698814
1836;1836;population_5;900;sample_1837;241;-0.047891308065043846
1837;1837;population_5;900;sample_1838;242;0.030800079530654487
1838;1838;population_5;900;sample_1839;243;0.008327815828981143
1839;1839;population_5;900;sample_1840;244;-0.05201707017184199
1840;1840;population_5;900;sample_1841;245;0.025436277669218896
1841;1841;population_5;900;sample_1842;246;0.04480095340151466
1842;1842;population_5;900;sample_1843;247;-0.05357448229897135
1843;1843;population_5;900;sample_1844;248;-0.01657988263686697
1844;1844;population_5;900;sample_1845;249;0.007382158623825165
1845;1845;population_5;900;sample_1846;250;-0.056268145475299104
1846;1846;population_5;900;sample_1847;251;0.005264385085881282
1847;1847;population_5;900;sample_1848;252;-0.04312295482159245
1848;1848;population_5;900;sample_1849;253;0.043573776355392335
1849;1849;population_5;900;sample_1850;254;-0.033311933066830786
1850;1850;population_5;900;sample_1851;255;0.046430824973577846
1851;1851;population_5;900;sample_1852;256;0.03768794718783325
1852;1852;population_5;900;sample_1853;257;0.06259523899050749
1853;1853;population_5;900;sample_1854;258;0.06141122375425043
1854;1854;population_5;900;sample_1855;259;-0.019520702424804092
1855;1855;population_5;900;sample_1856;260;-0.05127843993666234
1856;1856;population_5;900;sample_1857;261;-0.030951504074445555
1857;1857;population_5;900;sample_1858;262;0.03544860173886724
1858;1858;population_5;900;sample_1859;263;-0.03469205589994959
1859;1859;population_5;900;sample_1860;264;0.029413338418180453
1860;1860;population_5;900;sample_1861;265;0.06950699093067336
1861;1861;population_5;900;sample_1862;266;0.009881401143512214
1862;1862;population_5;900;sample_1863;267;-0.0768823595421139
1863;1863;population_5;900;sample_1864;268;-0.05802363339689509
1864;1864;population_5;900;sample_1865;269;0.014238648865812716
1865;1865;population_5;900;sample_1866;270;0.00569813700983317
1866;1866;population_5;900;sample_1867;271;0.050516342021909785
1867;1867;population_5;900;sample_1868;272;0.013626966618705327
1868;1868;population_5;900;sample_1869;273;0.004017020242086265
1869;1869;population_5;900;sample_1870;274;-0.047840949578029056
1870;1870;population_5;900;sample_1871;275;-0.03410200382466668
1871;1871;population_5;900;sample_1872;276;0.08007820819441563
1872;1872;population_5;900;sample_1873;277;0.02401068140738796
1873;1873;population_5;900;sample_1874;278;-0.05128247817568754
1874;1874;population_5;900;sample_1875;279;-0.030174692667135173
1875;1875;population_5;900;sample_1876;280;0.06747380714898508
1876;1876;population_5;900;sample_1877;281;0.04081954125984408
1877;1877;population_5;900;sample_1878;282;0.08841242807056705
1878;1878;population_5;900;sample_1879;283;0.04255622355773708
1879;1879;population_5;900;sample_1880;284;-0.0413746564078331
1880;1880;population_5;900;sample_1881;285;-0.015330641999630195
1881;1881;population_5;900;sample_1882;286;-0.07925170925489668
1882;1882;population_5;900;sample_1883;287;-0.007341006985200498
1883;1883;population_5;900;sample_1884;288;0.06746780387063667
1884;1884;population_5;900;sample_1885;289;-0.03273753215484557
1885;1885;population_5;900;sample_1886;290;-0.057444136246155485
1886;1886;population_5;900;sample_1887;291;0.06680287086421927
1887;1887;population_5;900;sample_1888;292;-0.007548622252719023
1888;1888;population_5;900;sample_1889;293;0.0367398585906514
1889;1889;population_5;900;sample_1890;294;0.025779731588761963
1890;1890;population_5;900;sample_1891;295;0.045049226742969815
1891;1891;population_5;900;sample_1892;296;0.00893356905512423
1892;1892;population_5;900;sample_1893;297;-0.04239141259931104
1893;1893;population_5;900;sample_1894;298;-0.017309505636435338
1894;1894;population_5;900;sample_1895;299;0.012302081601067029
1895;1895;population_5;900;sample_1896;300;-0.040877020059761925
1896;1896;population_5;900;sample_1897;301;0.034307799153603685
1897;1897;population_5;900;sample_1898;302;0.010585836818825562
1898;1898;population_5;900;sample_1899;303;-0.07143237798516985
1899;1899;population_5;900;sample_1900;304;0.0007123902504771491
1900;1900;population_5;900;sample_1901;305;-0.038282186593065315
1901;1901;population_5;900;sample_1902;306;-0.049038953798032574
1902;1902;population_5;900;sample_1903;307;-0.05223351992104274
1903;1903;population_5;900;sample_1904;308;0.01493552417091575
1904;1904;population_5;900;sample_1905;309;0.03365013508451114
1905;1905;population_5;900;sample_1906;310;-0.030109599073027505
1906;1906;population_5;900;sample_1907;311;-0.024773795490635006
1907;1907;population_5;900;sample_1908;312;0.03607283871717103
1908;1908;population_5;900;sample_1909;313;0.012698927617117372
1909;1909;population_5;900;sample_1910;314;-0.0615794694485555
1910;1910;population_5;900;sample_1911;315;-0.013887211363871933
1911;1911;population_5;900;sample_1912;316;-0.07006095294139143
1912;1912;population_5;900;sample_1913;317;-0.007295330217809954
1913;1913;population_5;900;sample_1914;318;0.01036312709673991
1914;1914;population_5;900;sample_1915;319;-0.050101760165689097
1915;1915;population_5;900;sample_1916;320;-0.06944164549210836
1916;1916;population_5;900;sample_1917;321;0.022011969670505137
1917;1917;population_5;900;sample_1918;322;-0.04785901792975764
1918;1918;population_5;900;sample_1919;323;0.000844869957793127
1919;1919;population_5;900;sample_1920;324;0.01163950068544332
1920;1920;population_5;900;sample_1921;325;0.0331465338617587
1921;1921;population_5;900;sample_1922;326;-0.04344709793508328
1922;1922;population_5;900;sample_1923;327;-0.013272439787099109
1923;1923;population_5;900;sample_1924;328;-0.031106874769687404
1924;1924;population_5;900;sample_1925;329;0.022034720267068295
1925;1925;population_5;900;sample_1926;330;0.0192350698002312
1926;1926;population_5;900;sample_1927;331;0.020876363237422486
1927;1927;population_5;900;sample_1928;332;-0.04658486568777018
1928;1928;population_5;900;sample_1929;333;0.048324815544426296
1929;1929;population_5;900;sample_1930;334;-0.025349420688774812
1930;1930;population_5;900;sample_1931;335;0.008081445137622323
1931;1931;population_5;900;sample_1932;336;-0.02218359882752586
1932;1932;population_5;900;sample_1933;337;7.6093803637173585e-06
1933;1933;population_5;900;sample_1934;338;-0.015944778696008823
1934;1934;population_5;900;sample_1935;339;0.04622394024872145
1935;1935;population_5;900;sample_1936;340;-0.038813581340649064
1936;1936;population_5;900;sample_1937;341;0.014636264820438095
1937;1937;population_5;900;sample_1938;342;-0.029275762837326705
1938;1938;population_5;900;sample_1939;343;0.00012280501766256388
1939;1939;population_5;900;sample_1940;344;0.022018150351033196
1940;1940;population_5;900;sample_1941;345;0.031521992863530184
1941;1941;population_5;900;sample_1942;346;0.023099299537495243
1942;1942;population_5;900;sample_1943;347;-0.023506356650829906
1943;1943;population_5;900;sample_1944;348;0.061707404781053576
1944;1944;population_5;900;sample_1945;349;-0.058582771976411006
1945;1945;population_5;900;sample_1946;350;0.0013725962138360563
1946;1946;population_5;900;sample_1947;351;0.0013939409539979412
1947;1947;population_5;900;sample_1948;352;-0.03695518071789336
1948;1948;population_5;900;sample_1949;353;0.0774199324465763
1949;1949;population_5;900;sample_1950;354;-0.07021659466883773
1950;1950;population_5;900;sample_1951;355;-0.02055958553712815
1951;1951;population_5;900;sample_1952;356;-0.05201450798486532
1952;1952;population_5;900;sample_1953;357;0.051339778054351685
1953;1953;population_5;900;sample_1954;358;-0.027194386672040667
1954;1954;population_5;900;sample_1955;359;0.06031591562204371
1955;1955;population_5;900;sample_1956;360;-0.05845029401085674
1956;1956;population_5;900;sample_1957;361;-0.010243323772571923
1957;1957;population_5;900;sample_1958;362;-0.019880752994734546
1958;1958;population_5;900;sample_1959;363;0.01720077334048321
1959;1959;population_5;900;sample_1960;364;-0.04468289749328054
1960;1960;population_5;900;sample_1961;365;0.0016149482912526016
1961;1961;population_5;900;sample_1962;366;-0.03650186865510257
1962;1962;population_5;900;sample_1963;367;-0.003918883279619949
1963;1963;population_5;900;sample_1964;368;-0.022444713311816782
1964;1964;population_5;900;sample_1965;369;0.035958743900634665
1965;1965;population_5;900;sample_1966;370;-0.020566858486619714
1966;1966;population_5;900;sample_1967;371;0.002076472461504831
1967;1967;population_5;900;sample_1968;372;-0.022989036981949606
1968;1968;population_5;900;sample_1969;373;0.0022274893474715264
1969;1969;population_5;900;sample_1970;374;0.06717127494954672
1970;1970;population_5;900;sample_1971;375;-0.01786618612468063
1971;1971;population_5;900;sample_1972;376;0.03407176316418541
1972;1972;population_5;900;sample_1973;377;-0.0628713579438506
1973;1973;population_5;900;sample_1974;378;-0.02464678680794944
1974;1974;population_5;900;sample_1975;379;0.0029278635014701876
1975;1975;population_5;900;sample_1976;380;-0.07532356361575228
1976;1976;population_5;900;sample_1977;381;-0.05911418671185597
1977;1977;population_5;900;sample_1978;382;0.008835027727916053
1978;1978;population_5;900;sample_1979;383;-0.019450942315081616
1979;1979;population_5;900;sample_1980;384;0.05769063552092741
1980;1980;population_5;900;sample_1981;385;0.03730036071498098
1981;1981;population_5;900;sample_1982;386;0.015523658421481979
1982;1982;population_5;900;sample_1983;387;0.013291098305171835
1983;1983;population_5;900;sample_1984;388;-0.03201568966344942
1984;1984;population_5;900;sample_1985;389;-0.03161010550262517
1985;1985;population_5;900;sample_1986;390;-0.039049986183334245
1986;1986;population_5;900;sample_1987;391;-0.015563521994105486
1987;1987;population_5;900;sample_1988;392;0.05191415255863717
1988;1988;population_5;900;sample_1989;393;0.04019755101187423
1989;1989;population_5;900;sample_1990;394;0.010971334675140176
1990;1990;population_5;900;sample_1991;395;0.03338478399697269
1991;1991;population_5;900;sample_1992;396;-0.01924321281186154
1992;1992;population_5;900;sample_1993;397;0.03937132994407228
1993;1993;population_5;900;sample_1994;398;-0.009866270784236778
1994;1994;population_5;900;sample_1995;399;0.021030440611940423
1995;1995;population_5;900;sample_1996;400;0.04533667342237302
1996;1996;population_5;900;sample_1997;401;-0.09858659310975501
1997;1997;population_5;900;sample_1998;402;-0.09297446781980115
1998;1998;population_5;900;sample_1999;403;0.006208564375433586
1999;1999;population_5;900;sample_2000;404;-0.023034231162036272
2000;2000;population_5;900;sample_2001;405;-0.00020657752159090954
2001;2001;population_5;900;sample_2002;406;-0.034787979958952095
2002;2002;population_5;900;sample_2003;407;-0.02318936233966798
2003;2003;population_5;900;sample_2004;408;-0.04974648378083456
2004;2004;population_5;900;sample_2005;409;-0.0692793395066785
2005;2005;population_5;900;sample_2006;410;0.038558289438337244
2006;2006;population_5;900;sample_2007;411;-0.0036196519755781254
2007;2007;population_5;900;sample_2008;412;0.07101329104699126
2008;2008;population_5;900;sample_2009;413;-0.030770233988863208
2009;2009;population_5;900;sample_2010;414;-0.003987710842105476
2010;2010;population_5;900;sample_2011;415;-0.06803163556309172
2011;2011;population_5;900;sample_2012;416;0.0048146007662753275
2012;2012;population_5;900;sample_2013;417;0.02372157210387822
2013;2013;population_5;900;sample_2014;418;0.026090810072089153
2014;2014;population_5;900;sample_2015;419;-0.025300850647221533
2015;2015;population_5;900;sample_2016;420;-0.01931711912105899
2016;2016;population_5;900;sample_2017;421;-0.053823075782786375
2017;2017;population_5;900;sample_2018;422;-0.06432417284015983
2018;2018;population_5;900;sample_2019;423;-0.022615027886222733
2019;2019;population_5;900;sample_2020;424;0.0054200728986839
2020;2020;population_5;900;sample_2021;425;0.012597612039139174
2021;2021;population_5;900;sample_2022;426;-0.02178357413408864
2022;2022;population_5;900;sample_2023;427;-0.010034014432402498
2023;2023;population_5;900;sample_2024;428;-0.003190579565022733
2024;2024;population_5;900;sample_2025;429;0.018403777053219744
2025;2025;population_5;900;sample_2026;430;0.017802538397074515
2026;2026;population_5;900;sample_2027;431;0.027824377189184724
2027;2027;population_5;900;sample_2028;432;0.08109049738976301
2028;2028;population_5;900;sample_2029;433;0.0114610144039196
2029;2029;population_5;900;sample_2030;434;0.0033770407966226845
2030;2030;population_5;900;sample_2031;435;0.01962848665631486
2031;2031;population_5;900;sample_2032;436;-0.0206316978434831
2032;2032;population_5;900;sample_2033;437;-0.014066372976610616
2033;2033;population_5;900;sample_2034;438;0.029405549235480256
2034;2034;population_5;900;sample_2035;439;-0.006726411729459347
2035;2035;population_5;900;sample_2036;440;0.029832122483250834
2036;2036;population_5;900;sample_2037;441;-0.02509362295011841
2037;2037;population_5;900;sample_2038;442;-0.007258605699950362
2038;2038;population_5;900;sample_2039;443;-0.012745330523340464
2039;2039;population_5;900;sample_2040;444;-0.08901048951644214
2040;2040;population_5;900;sample_2041;445;-0.005167104737724268
2041;2041;population_5;900;sample_2042;446;-0.006777182822831452
2042;2042;population_5;900;sample_2043;447;0.006964305302998475
2043;2043;population_5;900;sample_2044;448;0.045918049226194586
2044;2044;population_5;900;sample_2045;449;0.03675109421981867
2045;2045;population_5;900;sample_2046;450;0.04482117126292896
2046;2046;population_5;900;sample_2047;451;0.06738154888421027
2047;2047;population_5;900;sample_2048;452;0.03266883709080407
2048;2048;population_5;900;sample_2049;453;0.005443512347270837
2049;2049;population_5;900;sample_2050;454;0.038218899904837254
2050;2050;population_5;900;sample_2051;455;0.07373168332708006
2051;2051;population_5;900;sample_2052;456;-0.06275492292032663
2052;2052;population_5;900;sample_2053;457;-0.0008983355390566687
2053;2053;population_5;900;sample_2054;458;-8.009949413460843e-05
2054;2054;population_5;900;sample_2055;459;-0.04730092641820171
2055;2055;population_5;900;sample_2056;460;-0.030497781873327506
2056;2056;population_5;900;sample_2057;461;-0.00036590126258006676
2057;2057;population_5;900;sample_2058;462;0.051320776398368975
2058;2058;population_5;900;sample_2059;463;0.0486975650049779
2059;2059;population_5;900;sample_2060;464;0.010272770023607913
2060;2060;population_5;900;sample_2061;465;-0.004505941726921721
2061;2061;population_5;900;sample_2062;466;-0.013907599912563452
2062;2062;population_5;900;sample_2063;467;0.023329364053440837
2063;2063;population_5;900;sample_2064;468;0.021835822481887007
2064;2064;population_5;900;sample_2065;469;0.006411181418894072
2065;2065;population_5;900;sample_2066;470;0.01264347081316815
2066;2066;population_5;900;sample_2067;471;0.016972285242545595
2067;2067;population_5;900;sample_2068;472;0.045181662145959485
2068;2068;population_5;900;sample_2069;473;0.02218783467260995
2069;2069;population_5;900;sample_2070;474;0.008248304703637575
2070;2070;population_5;900;sample_2071;475;-0.008405819253611573
2071;2071;population_5;900;sample_2072;476;-0.04349974886508909
2072;2072;population_5;900;sample_2073;477;-0.0030951835994108864
2073;2073;population_5;900;sample_2074;478;0.013393222837480397
2074;2074;population_5;900;sample_2075;479;-0.040698970827114773
2075;2075;population_5;900;sample_2076;480;-0.014889839614358746
2076;2076;population_5;900;sample_2077;481;-0.009525812768482338
2077;2077;population_5;900;sample_2078;482;-0.009069913069268092
2078;2078;population_5;900;sample_2079;483;-0.03681300022064055
2079;2079;population_5;900;sample_2080;484;0.007542782834922422
2080;2080;population_5;900;sample_2081;485;-0.0097041504500638
2081;2081;population_5;900;sample_2082;486;0.013585345263880487
2082;2082;population_5;900;sample_2083;487;0.028577266184711188
2083;2083;population_5;900;sample_2084;488;0.0038300311499093586
2084;2084;population_5;900;sample_2085;489;0.05101194098472566
2085;2085;population_5;900;sample_2086;490;-0.026473066583347984
2086;2086;population_5;900;sample_2087;491;-0.03238771027166344
2087;2087;population_5;900;sample_2088;492;0.03273529804851743
2088;2088;population_5;900;sample_2089;493;-0.0017507177936321612
2089;2089;population_5;900;sample_2090;494;0.056856444452624534
2090;2090;population_5;900;sample_2091;495;0.01452327667818388
2091;2091;population_5;900;sample_2092;496;-0.022793766653889203
2092;2092;population_5;900;sample_2093;497;-0.03574302641095804
2093;2093;population_5;900;sample_2094;498;-0.04673942318168457
2094;2094;population_5;900;sample_2095;499;0.0647198615973712
2095;2095;population_5;900;sample_2096;500;0.023479882505051758
2096;2096;population_5;900;sample_2097;501;-0.025754569197188697
2097;2097;population_5;900;sample_2098;502;0.038659042879155
2098;2098;population_5;900;sample_2099;503;-0.034607301540477496
2099;2099;population_5;900;sample_2100;504;0.05613947574379992
2100;2100;population_5;900;sample_2101;505;-0.04322730193993394
2101;2101;population_5;900;sample_2102;506;-0.005074700794250818
2102;2102;population_5;900;sample_2103;507;0.044062345022559096
2103;2103;population_5;900;sample_2104;508;-0.03274707603216174
2104;2104;population_5;900;sample_2105;509;0.03849141583929624
2105;2105;population_5;900;sample_2106;510;-0.0005418923445021014
2106;2106;population_5;900;sample_2107;511;-0.014584182659888457
2107;2107;population_5;900;sample_2108;512;-0.013117306414552516
2108;2108;population_5;900;sample_2109;513;-0.08815175591356754
2109;2109;population_5;900;sample_2110;514;-0.02471906216501118
2110;2110;population_5;900;sample_2111;515;-0.00456443539907612
2111;2111;population_5;900;sample_2112;516;0.0386386138824249
2112;2112;population_5;900;sample_2113;517;-0.007418028136856524
2113;2113;population_5;900;sample_2114;518;0.04106696124845029
2114;2114;population_5;900;sample_2115;519;-0.0028887058729340715
2115;2115;population_5;900;sample_2116;520;0.02230890541408629
2116;2116;population_5;900;sample_2117;521;-0.0141480881373378
2117;2117;population_5;900;sample_2118;522;0.033566682114187514
2118;2118;population_5;900;sample_2119;523;-0.025729536126107042
2119;2119;population_5;900;sample_2120;524;-0.04115091743116812
2120;2120;population_5;900;sample_2121;525;-0.039285628306591054
2121;2121;population_5;900;sample_2122;526;0.04139211480634542
2122;2122;population_5;900;sample_2123;527;0.03263442252958688
2123;2123;population_5;900;sample_2124;528;-0.03184521726829352
2124;2124;population_5;900;sample_2125;529;-0.006839644377413651
2125;2125;population_5;900;sample_2126;530;-0.02148402637424046
2126;2126;population_5;900;sample_2127;531;-0.024649689167357932
2127;2127;population_5;900;sample_2128;532;-0.05173749145862449
2128;2128;population_5;900;sample_2129;533;-0.003640260965421654
2129;2129;population_5;900;sample_2130;534;0.03739578666685153
2130;2130;population_5;900;sample_2131;535;0.018763035703092474
2131;2131;population_5;900;sample_2132;536;-0.034333254355052474
2132;2132;population_5;900;sample_2133;537;-0.026526132451990887
2133;2133;population_5;900;sample_2134;538;0.006477597927225288
2134;2134;population_5;900;sample_2135;539;0.03314418852158207
2135;2135;population_5;900;sample_2136;540;0.005965147240746084
2136;2136;population_5;900;sample_2137;541;0.011161132193182545
2137;2137;population_5;900;sample_2138;542;-0.027951134081697925
2138;2138;population_5;900;sample_2139;543;0.01510660690314452
2139;2139;population_5;900;sample_2140;544;-0.022970181265232523
2140;2140;population_5;900;sample_2141;545;0.014421014419771996
2141;2141;population_5;900;sample_2142;546;0.04943731202956555
2142;2142;population_5;900;sample_2143;547;-0.001705901740759584
2143;2143;population_5;900;sample_2144;548;-0.0235717581125635
2144;2144;population_5;900;sample_2145;549;0.03252826687091066
2145;2145;population_5;900;sample_2146;550;-0.00589072458494866
2146;2146;population_5;900;sample_2147;551;0.0173888898672474
2147;2147;population_5;900;sample_2148;552;0.04369072317603791
2148;2148;population_5;900;sample_2149;553;0.011873545982771634
2149;2149;population_5;900;sample_2150;554;-0.0016870483835959716
2150;2150;population_5;900;sample_2151;555;-0.04569205468093464
2151;2151;population_5;900;sample_2152;556;-0.03554438740131209
2152;2152;population_5;900;sample_2153;557;-0.024747043215307428
2153;2153;population_5;900;sample_2154;558;-0.010283296266404302
2154;2154;population_5;900;sample_2155;559;-0.012136140394477616
2155;2155;population_5;900;sample_2156;560;-0.021962534342389747
2156;2156;population_5;900;sample_2157;561;-0.01585655987480485
2157;2157;population_5;900;sample_2158;562;0.019836465767366914
2158;2158;population_5;900;sample_2159;563;-0.03575861543499984
2159;2159;population_5;900;sample_2160;564;-0.04301738078539966
2160;2160;population_5;900;sample_2161;565;-0.0029149280851836793
2161;2161;population_5;900;sample_2162;566;0.05758995382140503
2162;2162;population_5;900;sample_2163;567;-0.010766571445674871
2163;2163;population_5;900;sample_2164;568;-0.012381851013399284
2164;2164;population_5;900;sample_2165;569;-0.023107999433827908
2165;2165;population_5;900;sample_2166;570;-0.010384705490629234
2166;2166;population_5;900;sample_2167;571;-0.009522406409716556
2167;2167;population_5;900;sample_2168;572;0.0014935379126712269
2168;2168;population_5;900;sample_2169;573;-0.0056646760635108324
2169;2169;population_5;900;sample_2170;574;-0.015892802307916124
2170;2170;population_5;900;sample_2171;575;-0.007774344931400557
2171;2171;population_5;900;sample_2172;576;0.012424816756812455
2172;2172;population_5;900;sample_2173;577;-0.005591258829403388
2173;2173;population_5;900;sample_2174;578;-0.016520641881041964
2174;2174;population_5;900;sample_2175;579;0.015103995899347479
2175;2175;population_5;900;sample_2176;580;0.05192081619723011
2176;2176;population_5;900;sample_2177;581;-0.036341613788493134
2177;2177;population_5;900;sample_2178;582;-0.035061105300941565
2178;2178;population_5;900;sample_2179;583;-0.02017994262134
2179;2179;population_5;900;sample_2180;584;0.005842770814630517
2180;2180;population_5;900;sample_2181;585;0.023106627998307268
2181;2181;population_5;900;sample_2182;586;-0.006510583366813325
2182;2182;population_5;900;sample_2183;587;-0.0033290589065308107
2183;2183;population_5;900;sample_2184;588;0.01578154798533652
2184;2184;population_5;900;sample_2185;589;-0.046361050507399436
2185;2185;population_5;900;sample_2186;590;0.015211773209751806
2186;2186;population_5;900;sample_2187;591;-0.06006952720091467
2187;2187;population_5;900;sample_2188;592;0.06210329205342748
2188;2188;population_5;900;sample_2189;593;0.04339222747498843
2189;2189;population_5;900;sample_2190;594;-0.015650864046857598
2190;2190;population_5;900;sample_2191;595;-0.03057320481544263
2191;2191;population_5;900;sample_2192;596;-0.008711835234827213
2192;2192;population_5;900;sample_2193;597;0.009475797516884297
2193;2193;population_5;900;sample_2194;598;-0.01507414652854647
2194;2194;population_5;900;sample_2195;599;-0.01933120796427657
2195;2195;population_5;900;sample_2196;600;-0.002106252350990907
2196;2196;population_5;900;sample_2197;601;-0.005886462400078125
2197;2197;population_5;900;sample_2198;602;0.010070177616508073
2198;2198;population_5;900;sample_2199;603;0.03353579070165242
2199;2199;population_5;900;sample_2200;604;-0.039312203565144296
2200;2200;population_5;900;sample_2201;605;0.005008548514342154
2201;2201;population_5;900;sample_2202;606;0.006593075884355532
2202;2202;population_5;900;sample_2203;607;-0.025801100964601864
2203;2203;population_5;900;sample_2204;608;-0.022389977688124355
2204;2204;population_5;900;sample_2205;609;-0.0009053792558090645
2205;2205;population_5;900;sample_2206;610;-0.0004767583052271351
2206;2206;population_5;900;sample_2207;611;-0.023114539034217972
2207;2207;population_5;900;sample_2208;612;-0.001440103819765874
2208;2208;population_5;900;sample_2209;613;0.002106529073202468
2209;2209;population_5;900;sample_2210;614;0.00934757340564568
2210;2210;population_5;900;sample_2211;615;-0.033179282601430285
2211;2211;population_5;900;sample_2212;616;0.016505755341117447
2212;2212;population_5;900;sample_2213;617;-0.00380147818458219
2213;2213;population_5;900;sample_2214;618;0.0022279928933926006
2214;2214;population_5;900;sample_2215;619;-0.026446791791805976
2215;2215;population_5;900;sample_2216;620;0.03128818816374871
2216;2216;population_5;900;sample_2217;621;-0.005500332972952299
2217;2217;population_5;900;sample_2218;622;-0.10666974144099134
2218;2218;population_5;900;sample_2219;623;0.06118111383824644
2219;2219;population_5;900;sample_2220;624;-0.050164180046899216
2220;2220;population_5;900;sample_2221;625;0.009472947623751485
2221;2221;population_5;900;sample_2222;626;-0.02246446005318966
2222;2222;population_5;900;sample_2223;627;0.008255084013606865
2223;2223;population_5;900;sample_2224;628;0.043296818019450595
2224;2224;population_5;900;sample_2225;629;-0.0030502923507126855
2225;2225;population_5;900;sample_2226;630;0.004006955277966654
2226;2226;population_5;900;sample_2227;631;0.014502593833840186
2227;2227;population_5;900;sample_2228;632;-0.02422433742099304
2228;2228;population_5;900;sample_2229;633;-0.0036450616980452186
2229;2229;population_5;900;sample_2230;634;-0.02291301682283032
2230;2230;population_5;900;sample_2231;635;0.03450650234702106
2231;2231;population_5;900;sample_2232;636;-0.02527273662192701
2232;2232;population_5;900;sample_2233;637;0.024473266091555035
2233;2233;population_5;900;sample_2234;638;0.007548808438169825
2234;2234;population_5;900;sample_2235;639;-0.00777144245366042
2235;2235;population_5;900;sample_2236;640;0.0033653321017118485
2236;2236;population_5;900;sample_2237;641;0.02458654611741793
2237;2237;population_5;900;sample_2238;642;0.016727192821144654
2238;2238;population_5;900;sample_2239;643;-0.01970986160641335
2239;2239;population_5;900;sample_2240;644;-0.00464689469891532
2240;2240;population_5;900;sample_2241;645;-0.0250170859554585
2241;2241;population_5;900;sample_2242;646;-0.00856561817372774
2242;2242;population_5;900;sample_2243;647;-0.02393413357306256
2243;2243;population_5;900;sample_2244;648;-7.165988949167063e-05
2244;2244;population_5;900;sample_2245;649;0.024099275544728033
2245;2245;population_5;900;sample_2246;650;-0.001445177239596518
2246;2246;population_5;900;sample_2247;651;0.02164180615741208
2247;2247;population_5;900;sample_2248;652;-0.017367032822615425
2248;2248;population_5;900;sample_2249;653;0.003059840327817643
2249;2249;population_5;900;sample_2250;654;-0.04622290801841283
2250;2250;population_5;900;sample_2251;655;0.007730203806824313
2251;2251;population_5;900;sample_2252;656;-0.0006820981382936579
2252;2252;population_5;900;sample_2253;657;0.014987495780390502
2253;2253;population_5;900;sample_2254;658;-0.051374361274087774
2254;2254;population_5;900;sample_2255;659;0.03480048264547215
2255;2255;population_5;900;sample_2256;660;0.014013727398022232
2256;2256;population_5;900;sample_2257;661;-0.011899704843954037
2257;2257;population_5;900;sample_2258;662;0.005153463576048362
2258;2258;population_5;900;sample_2259;663;-0.03537008089337404
2259;2259;population_5;900;sample_2260;664;0.019899873210215864
2260;2260;population_5;900;sample_2261;665;0.003957711568246954
2261;2261;population_5;900;sample_2262;666;0.005422856279721256
2262;2262;population_5;900;sample_2263;667;0.0020194180084351435
2263;2263;population_5;900;sample_2264;668;-0.009613916002980883
2264;2264;population_5;900;sample_2265;669;0.004606803288020355
2265;2265;population_5;900;sample_2266;670;0.008154753156632062
2266;2266;population_5;900;sample_2267;671;0.028851422121493248
2267;2267;population_5;900;sample_2268;672;0.013228273927971374
2268;2268;population_5;900;sample_2269;673;-0.016239724027211643
2269;2269;population_5;900;sample_2270;674;0.00021356667321245084
2270;2270;population_5;900;sample_2271;675;0.015794368519745982
2271;2271;population_5;900;sample_2272;676;-0.00913994960480908
2272;2272;population_5;900;sample_2273;677;0.008908656206348361
2273;2273;population_5;900;sample_2274;678;0.04009105045286065
2274;2274;population_5;900;sample_2275;679;-0.03445593044467962
2275;2275;population_5;900;sample_2276;680;0.028913567689268053
2276;2276;population_5;900;sample_2277;681;0.04475401911260303
2277;2277;population_5;900;sample_2278;682;0.001326419486701438
2278;2278;population_5;900;sample_2279;683;-0.007495383102512166
2279;2279;population_5;900;sample_2280;684;0.017029006323294526
2280;2280;population_5;900;sample_2281;685;-0.0057589713885169615
2281;2281;population_5;900;sample_2282;686;0.008689309903102096
2282;2282;population_5;900;sample_2283;687;0.007090656390040727
2283;2283;population_5;900;sample_2284;688;-0.016770597823942548
2284;2284;population_5;900;sample_2285;689;-0.002423559472335745
2285;2285;population_5;900;sample_2286;690;-0.009353786125312064
2286;2286;population_5;900;sample_2287;691;0.035861430415038364
2287;2287;population_5;900;sample_2288;692;-0.01757469526024275
2288;2288;population_5;900;sample_2289;693;-0.030896613319454026
2289;2289;population_5;900;sample_2290;694;0.003352381264142991
2290;2290;population_5;900;sample_2291;695;0.005988622996196137
2291;2291;population_5;900;sample_2292;696;0.031120333940125974
2292;2292;population_5;900;sample_2293;697;-0.024162255129375997
2293;2293;population_5;900;sample_2294;698;-0.006555489832097026
2294;2294;population_5;900;sample_2295;699;-0.008648862840464353
2295;2295;population_5;900;sample_2296;700;0.0238858754533732
2296;2296;population_5;900;sample_2297;701;-0.007082409951717596
2297;2297;population_5;900;sample_2298;702;-0.015520418761000597
2298;2298;population_5;900;sample_2299;703;-0.015643466331141144
2299;2299;population_5;900;sample_2300;704;0.0163533263305688
2300;2300;population_5;900;sample_2301;705;0.03340101396638237
2301;2301;population_5;900;sample_2302;706;-0.013719357324352671
2302;2302;population_5;900;sample_2303;707;0.004457741252909766
2303;2303;population_5;900;sample_2304;708;-0.021425136017897358
2304;2304;population_5;900;sample_2305;709;0.02993769991512371
2305;2305;population_5;900;sample_2306;710;-0.020985584595483033
2306;2306;population_5;900;sample_2307;711;0.0011628996760086954
2307;2307;population_5;900;sample_2308;712;0.03197310954910675
2308;2308;population_5;900;sample_2309;713;0.029394880067563665
2309;2309;population_5;900;sample_2310;714;-0.005462932386908163
2310;2310;population_5;900;sample_2311;715;0.013708422185659104
2311;2311;population_5;900;sample_2312;716;0.004988890358072769
2312;2312;population_5;900;sample_2313;717;0.011259220484368594
2313;2313;population_5;900;sample_2314;718;-0.0030833663922841294
2314;2314;population_5;900;sample_2315;719;0.012753106299634276
2315;2315;population_5;900;sample_2316;720;0.02138253509698917
2316;2316;population_5;900;sample_2317;721;-0.013098757253719511
2317;2317;population_5;900;sample_2318;722;0.01731584336131881
2318;2318;population_5;900;sample_2319;723;0.03816067486745902
2319;2319;population_5;900;sample_2320;724;-0.006426129523800332
2320;2320;population_5;900;sample_2321;725;0.023855330996423996
2321;2321;population_5;900;sample_2322;726;-0.03137235227979048
2322;2322;population_5;900;sample_2323;727;0.011667408408854683
2323;2323;population_5;900;sample_2324;728;0.005550543983623892
2324;2324;population_5;900;sample_2325;729;-0.0016532752679582995
2325;2325;population_5;900;sample_2326;730;0.012962037099952615
2326;2326;population_5;900;sample_2327;731;-0.01700298537842484
2327;2327;population_5;900;sample_2328;732;0.02440782733760654
2328;2328;population_5;900;sample_2329;733;0.005115584247246805
2329;2329;population_5;900;sample_2330;734;-0.0073872907661152645
2330;2330;population_5;900;sample_2331;735;0.01980400799468662
2331;2331;population_5;900;sample_2332;736;0.017301521289303165
2332;2332;population_5;900;sample_2333;737;-0.0029319728516405477
2333;2333;population_5;900;sample_2334;738;-0.003995501397913213
2334;2334;population_5;900;sample_2335;739;0.026220131604142282
2335;2335;population_5;900;sample_2336;740;0.0030241918001947653
2336;2336;population_5;900;sample_2337;741;-0.04351722490555695
2337;2337;population_5;900;sample_2338;742;0.032570707324923245
2338;2338;population_5;900;sample_2339;743;-0.013510742783443216
2339;2339;population_5;900;sample_2340;744;0.013033940908871078
2340;2340;population_5;900;sample_2341;745;0.021763520652863185
2341;2341;population_5;900;sample_2342;746;0.014111350187716285
2342;2342;population_5;900;sample_2343;747;0.005370171509969786
2343;2343;population_5;900;sample_2344;748;-0.02607051307669134
2344;2344;population_5;900;sample_2345;749;0.002001932580684771
2345;2345;population_5;900;sample_2346;750;0.03323524765659555
2346;2346;population_5;900;sample_2347;751;-0.0017778354948158742
2347;2347;population_5;900;sample_2348;752;-0.0035295839002478365
2348;2348;population_5;900;sample_2349;753;-0.019891728211603243
2349;2349;population_5;900;sample_2350;754;-0.002422176479403538
2350;2350;population_5;900;sample_2351;755;0.017208023895252517
2351;2351;population_5;900;sample_2352;756;-0.001821779204630272
2352;2352;population_5;900;sample_2353;757;-0.031239684465850837
2353;2353;population_5;900;sample_2354;758;0.0154107903884907
2354;2354;population_5;900;sample_2355;759;-0.0020438447025074363
2355;2355;population_5;900;sample_2356;760;0.004437264813470049
2356;2356;population_5;900;sample_2357;761;-0.023008438611969145
2357;2357;population_5;900;sample_2358;762;0.02620060722337087
2358;2358;population_5;900;sample_2359;763;-0.00016210151401032912
2359;2359;population_5;900;sample_2360;764;0.041338161065356156
2360;2360;population_5;900;sample_2361;765;0.0018459059801916962
2361;2361;population_5;900;sample_2362;766;0.012905500450342547
2362;2362;population_5;900;sample_2363;767;0.010616827279910267
2363;2363;population_5;900;sample_2364;768;0.02082839022825884
2364;2364;population_5;900;sample_2365;769;-0.00921562171593392
2365;2365;population_5;900;sample_2366;770;0.016164950564822356
2366;2366;population_5;900;sample_2367;771;-0.028278583571796613
2367;2367;population_5;900;sample_2368;772;-0.0005811882062359962
2368;2368;population_5;900;sample_2369;773;-0.00038120688554743815
2369;2369;population_5;900;sample_2370;774;0.0148176029467879
2370;2370;population_5;900;sample_2371;775;-0.03087928322994056
2371;2371;population_5;900;sample_2372;776;0.015841934152666742
2372;2372;population_5;900;sample_2373;777;0.012604483508755706
2373;2373;population_5;900;sample_2374;778;-0.0008243867864924105
2374;2374;population_5;900;sample_2375;779;0.030741726294264023
2375;2375;population_5;900;sample_2376;780;0.01602874165872347
2376;2376;population_5;900;sample_2377;781;-0.042201396162047745
2377;2377;population_5;900;sample_2378;782;0.03181266791875375
2378;2378;population_5;900;sample_2379;783;-0.00899784738374875
2379;2379;population_5;900;sample_2380;784;0.02972602865861343
2380;2380;population_5;900;sample_2381;785;0.02098520558451963
2381;2381;population_5;900;sample_2382;786;0.001828232238463386
2382;2382;population_5;900;sample_2383;787;-0.0003720685234074424
2383;2383;population_5;900;sample_2384;788;-0.009630300755528556
2384;2384;population_5;900;sample_2385;789;-0.0060617983265101915
2385;2385;population_5;900;sample_2386;790;0.023080711495957872
2386;2386;population_5;900;sample_2387;791;-0.0033171363149553518
2387;2387;population_5;900;sample_2388;792;0.005765358926552107
2388;2388;population_5;900;sample_2389;793;0.0014948082333196995
2389;2389;population_5;900;sample_2390;794;-0.02771426192918091
2390;2390;population_5;900;sample_2391;795;0.016656275564702647
2391;2391;population_5;900;sample_2392;796;0.0024453134477798706
2392;2392;population_5;900;sample_2393;797;0.015140534137885773
2393;2393;population_5;900;sample_2394;798;0.010830522651755606
2394;2394;population_5;900;sample_2395;799;-0.020358264626644012
2395;2395;population_5;900;sample_2396;800;0.0370548935890517
2396;2396;population_5;900;sample_2397;801;0.018820483778128127
2397;2397;population_5;900;sample_2398;802;-0.01616472079383063
2398;2398;population_5;900;sample_2399;803;0.01952377868501048
2399;2399;population_5;900;sample_2400;804;0.026425239680071943
2400;2400;population_5;900;sample_2401;805;0.022110820969979846
2401;2401;population_5;900;sample_2402;806;-0.004138845803266345
2402;2402;population_5;900;sample_2403;807;0.010655741841971315
2403;2403;population_5;900;sample_2404;808;0.0018803515121211074
2404;2404;population_5;900;sample_2405;809;0.025724970927839236
2405;2405;population_5;900;sample_2406;810;-0.010497399936597103
2406;2406;population_5;900;sample_2407;811;-0.011042047268561101
2407;2407;population_5;900;sample_2408;812;0.021784421714926713
2408;2408;population_5;900;sample_2409;813;0.0166084483434771
2409;2409;population_5;900;sample_2410;814;0.007881941668846997
2410;2410;population_5;900;sample_2411;815;0.016058609096741682
2411;2411;population_5;900;sample_2412;816;-0.02039816257574475
2412;2412;population_5;900;sample_2413;817;-0.005930883350323107
2413;2413;population_5;900;sample_2414;818;0.029921275325468195
2414;2414;population_5;900;sample_2415;819;0.003382535632925795
2415;2415;population_5;900;sample_2416;820;-0.0028925594704030566
2416;2416;population_5;900;sample_2417;821;-0.004358299093516287
2417;2417;population_5;900;sample_2418;822;0.011228667224352987
2418;2418;population_5;900;sample_2419;823;-0.01883381591499707
2419;2419;population_5;900;sample_2420;824;0.010236769109370278
2420;2420;population_5;900;sample_2421;825;0.013620397103330469
2421;2421;population_5;900;sample_2422;826;-0.005577444076349584
2422;2422;population_5;900;sample_2423;827;-0.0061935243252622335
2423;2423;population_5;900;sample_2424;828;-0.009969155604832997
2424;2424;population_5;900;sample_2425;829;-0.007123448141192169
2425;2425;population_5;900;sample_2426;830;-0.010449014778180868
2426;2426;population_5;900;sample_2427;831;-0.014052317753510487
2427;2427;population_5;900;sample_2428;832;-0.010910108062694192
2428;2428;population_5;900;sample_2429;833;0.02042800599718296
2429;2429;population_5;900;sample_2430;834;0.00822836293553456
2430;2430;population_5;900;sample_2431;835;0.012616698645771307
2431;2431;population_5;900;sample_2432;836;-0.017818466329886
2432;2432;population_5;900;sample_2433;837;-0.017024348691357785
2433;2433;population_5;900;sample_2434;838;0.02155272517048723
2434;2434;population_5;900;sample_2435;839;0.01588161959890056
2435;2435;population_5;900;sample_2436;840;-0.00839443346728095
2436;2436;population_5;900;sample_2437;841;-0.010093295239238166
2437;2437;population_5;900;sample_2438;842;0.017076522764652477
2438;2438;population_5;900;sample_2439;843;0.022248684143669414
2439;2439;population_5;900;sample_2440;844;-0.034175852212305
2440;2440;population_5;900;sample_2441;845;0.022169236762505668
2441;2441;population_5;900;sample_2442;846;-0.004200498789274819
2442;2442;population_5;900;sample_2443;847;-0.0005110130958476418
2443;2443;population_5;900;sample_2444;848;-0.004057288345147659
2444;2444;population_5;900;sample_2445;849;0.004772264617348559
2445;2445;population_5;900;sample_2446;850;-0.003110528379039633
2446;2446;population_5;900;sample_2447;851;0.0012110553671830582
2447;2447;population_5;900;sample_2448;852;0.013889386549772089
2448;2448;population_5;900;sample_2449;853;-0.007555984729864371
2449;2449;population_5;900;sample_2450;854;0.014662672424750273
2450;2450;population_5;900;sample_2451;855;0.011998304877489164
2451;2451;population_5;900;sample_2452;856;-0.0017214564399353313
2452;2452;population_5;900;sample_2453;857;-0.004837820310325042
2453;2453;population_5;900;sample_2454;858;0.018494979098419434
2454;2454;population_5;900;sample_2455;859;-0.011884101922315126
2455;2455;population_5;900;sample_2456;860;0.010596216213863403
2456;2456;population_5;900;sample_2457;861;0.019755116975408167
2457;2457;population_5;900;sample_2458;862;0.008812572070363992
2458;2458;population_5;900;sample_2459;863;-0.0020183004066157005
2459;2459;population_5;900;sample_2460;864;0.014106963446553834
2460;2460;population_5;900;sample_2461;865;-0.00401931790135529
2461;2461;population_5;900;sample_2462;866;-0.0009196376114492682
2462;2462;population_5;900;sample_2463;867;0.012099365149713779
2463;2463;population_5;900;sample_2464;868;0.018435940131741865
2464;2464;population_5;900;sample_2465;869;-0.005079391166369108
2465;2465;population_5;900;sample_2466;870;0.019198913009431922
2466;2466;population_5;900;sample_2467;871;0.0005179881855729285
2467;2467;population_5;900;sample_2468;872;-0.007931818058201768
2468;2468;population_5;900;sample_2469;873;-0.020335913572506747
2469;2469;population_5;900;sample_2470;874;-0.0032436470927189585
2470;2470;population_5;900;sample_2471;875;0.017092887890990706
2471;2471;population_5;900;sample_2472;876;-0.023130425218961945
2472;2472;population_5;900;sample_2473;877;0.004509853050430828
2473;2473;population_5;900;sample_2474;878;0.0006437546766830098
2474;2474;population_5;900;sample_2475;879;-0.012312276134490888
2475;2475;population_5;900;sample_2476;880;0.0072945772506840655
2476;2476;population_5;900;sample_2477;881;-0.03449993151457136
2477;2477;population_5;900;sample_2478;882;-0.015996926055186707
2478;2478;population_5;900;sample_2479;883;-0.0067933856278048705
2479;2479;population_5;900;sample_2480;884;0.0010894353128163298
2480;2480;population_5;900;sample_2481;885;0.006247270048302235
2481;2481;population_5;900;sample_2482;886;-0.00482411358190647
2482;2482;population_5;900;sample_2483;887;0.00552317084962539
2483;2483;population_5;900;sample_2484;888;0.0017811623864723795
2484;2484;population_5;900;sample_2485;889;-0.0075968204756384754
2485;2485;population_5;900;sample_2486;890;0.0019322004078743179
2486;2486;population_5;900;sample_2487;891;-0.01481615814403593
2487;2487;population_5;900;sample_2488;892;0.0013480523238799398
2488;2488;population_5;900;sample_2489;893;-0.008690355608804358
2489;2489;population_5;900;sample_2490;894;0.01646383541024719
2490;2490;population_5;900;sample_2491;895;-0.004298520959302232
2491;2491;population_5;900;sample_2492;896;-0.0052048617615842035
2492;2492;population_5;900;sample_2493;897;-0.0036106179937369664
2493;2493;population_5;900;sample_2494;898;-0.0017826308069389992
2494;2494;population_5;900;sample_2495;899;0.006177079017619063
