;rank;population_name;population_size;sample_name;sample_size;sample_mean
0;0;Population 100;100;sample_0;5;0.008456204447819082
1;1;Population 100;100;sample_1;10;-0.0821781540795036
2;2;Population 100;100;sample_2;15;0.2688479237053449
3;3;Population 100;100;sample_3;20;0.00024442900240113224
4;4;Population 100;100;sample_4;25;0.1829167137637676
5;5;Population 100;100;sample_5;30;-0.005160238896053885
6;6;Population 100;100;sample_6;35;-0.005310501970887367
7;7;Population 100;100;sample_7;40;0.26568428819850765
8;8;Population 100;100;sample_8;45;-0.013956184102887674
9;9;Population 100;100;sample_9;50;-0.004058352979930601
10;10;Population 100;100;sample_10;55;-0.19056365057209246
11;11;Population 100;100;sample_11;60;0.3419263572088681
12;12;Population 100;100;sample_12;65;0.07348588500666507
13;13;Population 100;100;sample_13;70;-0.12024714302338399
14;14;Population 100;100;sample_14;75;-0.012494437785416828
15;15;Population 100;100;sample_15;80;-0.1093329593118733
16;16;Population 100;100;sample_16;85;-0.07374216962910196
17;17;Population 100;100;sample_17;90;-0.11475332660867422
18;18;Population 100;100;sample_18;95;-0.11015455186813419
19;19;Population 600;600;sample_19;5;-0.06197829704540943
20;20;Population 600;600;sample_20;10;0.19352700343917056
21;21;Population 600;600;sample_21;15;0.6377591524271846
22;22;Population 600;600;sample_22;20;0.15412531941407037
23;23;Population 600;600;sample_23;25;0.19475796231677195
24;24;Population 600;600;sample_24;30;0.021568553052147155
25;25;Population 600;600;sample_25;35;0.196894046717133
26;26;Population 600;600;sample_26;40;-0.10382642551485684
27;27;Population 600;600;sample_27;45;-0.1337191015911248
28;28;Population 600;600;sample_28;50;0.13784217529947346
29;29;Population 600;600;sample_29;55;-0.1576826306513277
30;30;Population 600;600;sample_30;60;-0.04959814031299854
31;31;Population 600;600;sample_31;65;0.030262124190668
32;32;Population 600;600;sample_32;70;-0.09464232458190219
33;33;Population 600;600;sample_33;75;-0.01154855841315133
34;34;Population 600;600;sample_34;80;0.15934500382078692
35;35;Population 600;600;sample_35;85;-0.0020305630956217826
36;36;Population 600;600;sample_36;90;-0.009386276643567181
37;37;Population 600;600;sample_37;95;-0.03466236020494056
38;38;Population 600;600;sample_38;100;-0.010469720283510993
39;39;Population 600;600;sample_39;105;-0.09089284323793596
40;40;Population 600;600;sample_40;110;-0.11693072117053807
41;41;Population 600;600;sample_41;115;-0.05880213557088354
42;42;Population 600;600;sample_42;120;-0.12189521283425432
43;43;Population 600;600;sample_43;125;-0.0020957530016428036
44;44;Population 600;600;sample_44;130;0.0231380576120389
45;45;Population 600;600;sample_45;135;0.07140029207326352
46;46;Population 600;600;sample_46;140;0.05647301307026263
47;47;Population 600;600;sample_47;145;-0.0032726570544716034
48;48;Population 600;600;sample_48;150;0.023474937265291953
49;49;Population 600;600;sample_49;155;0.06635999859059641
50;50;Population 600;600;sample_50;160;0.05312056384423468
51;51;Population 600;600;sample_51;165;-0.04914304036553638
52;52;Population 600;600;sample_52;170;0.022665006482998375
53;53;Population 600;600;sample_53;175;-0.023105489399439447
54;54;Population 600;600;sample_54;180;0.048147857605031555
55;55;Population 600;600;sample_55;185;-0.06179529532484124
56;56;Population 600;600;sample_56;190;-0.00928983569830526
57;57;Population 600;600;sample_57;195;0.045414147047689174
58;58;Population 600;600;sample_58;200;0.08392773730821868
59;59;Population 600;600;sample_59;205;0.09345256945977853
60;60;Population 600;600;sample_60;210;0.07066314843852604
61;61;Population 600;600;sample_61;215;-0.017069779460664066
62;62;Population 600;600;sample_62;220;0.06658075361150025
63;63;Population 600;600;sample_63;225;0.09593025766132833
64;64;Population 600;600;sample_64;230;-0.0006878468136319176
65;65;Population 600;600;sample_65;235;0.02360245116737012
66;66;Population 600;600;sample_66;240;-0.002239838498180073
67;67;Population 600;600;sample_67;245;0.053210986097397696
68;68;Population 600;600;sample_68;250;-0.041585179711955876
69;69;Population 600;600;sample_69;255;0.02540707623237578
70;70;Population 600;600;sample_70;260;0.0702634809625634
71;71;Population 600;600;sample_71;265;0.001982014871161867
72;72;Population 600;600;sample_72;270;0.08744489849609612
73;73;Population 600;600;sample_73;275;-0.02355557623352833
74;74;Population 600;600;sample_74;280;-0.04080306497829344
75;75;Population 600;600;sample_75;285;-0.028780885832486534
76;76;Population 600;600;sample_76;290;0.07642839699053292
77;77;Population 600;600;sample_77;295;0.01647305760159254
78;78;Population 600;600;sample_78;300;0.04507355938230757
79;79;Population 600;600;sample_79;305;0.011389063432902562
80;80;Population 600;600;sample_80;310;-0.07790418817598202
81;81;Population 600;600;sample_81;315;0.0490521897979647
82;82;Population 600;600;sample_82;320;-0.026712563344217614
83;83;Population 600;600;sample_83;325;0.06602500363433239
84;84;Population 600;600;sample_84;330;0.06061728592037454
85;85;Population 600;600;sample_85;335;0.02311715205543591
86;86;Population 600;600;sample_86;340;0.05419532310638135
87;87;Population 600;600;sample_87;345;0.04109758727434967
88;88;Population 600;600;sample_88;350;-0.05978781240398721
89;89;Population 600;600;sample_89;355;-0.039386314332024705
90;90;Population 600;600;sample_90;360;-0.04373848682036065
91;91;Population 600;600;sample_91;365;0.019262663165263635
92;92;Population 600;600;sample_92;370;0.04996743315446047
93;93;Population 600;600;sample_93;375;-0.018413812215440445
94;94;Population 600;600;sample_94;380;0.03187896282440173
95;95;Population 600;600;sample_95;385;-0.02220580818990828
96;96;Population 600;600;sample_96;390;0.008391499640656618
97;97;Population 600;600;sample_97;395;0.044813177292279786
98;98;Population 600;600;sample_98;400;0.019820402869844166
99;99;Population 600;600;sample_99;405;0.05199819457122129
100;100;Population 600;600;sample_100;410;0.0308994546361324
101;101;Population 600;600;sample_101;415;-0.010257755373387934
102;102;Population 600;600;sample_102;420;-0.012813177208444444
103;103;Population 600;600;sample_103;425;-0.010914949315398643
104;104;Population 600;600;sample_104;430;0.012469728918124078
105;105;Population 600;600;sample_105;435;0.02976889558356436
106;106;Population 600;600;sample_106;440;-0.01819355783909828
107;107;Population 600;600;sample_107;445;0.12242741979641471
108;108;Population 600;600;sample_108;450;-0.01953218545161638
109;109;Population 600;600;sample_109;455;0.003486789830606027
110;110;Population 600;600;sample_110;460;-0.0338891628285854
111;111;Population 600;600;sample_111;465;0.01315254469273317
112;112;Population 600;600;sample_112;470;0.06467946707496537
113;113;Population 600;600;sample_113;475;0.09597435277998768
114;114;Population 600;600;sample_114;480;0.04775942937929815
115;115;Population 600;600;sample_115;485;-0.01480232119165727
116;116;Population 600;600;sample_116;490;0.05849478825556276
117;117;Population 600;600;sample_117;495;0.041801313586692715
118;118;Population 600;600;sample_118;500;-0.045988974013515954
119;119;Population 600;600;sample_119;505;0.12734478867996255
120;120;Population 600;600;sample_120;510;0.0038959805660212857
121;121;Population 600;600;sample_121;515;0.059414649626600535
122;122;Population 600;600;sample_122;520;0.05033832903895124
123;123;Population 600;600;sample_123;525;0.0018025136318521125
124;124;Population 600;600;sample_124;530;0.10013451965614367
125;125;Population 600;600;sample_125;535;-0.09569736880128442
126;126;Population 600;600;sample_126;540;-0.0030910110246299242
127;127;Population 600;600;sample_127;545;0.024976069796305976
128;128;Population 600;600;sample_128;550;-0.004339833838840038
129;129;Population 600;600;sample_129;555;0.007785087956547902
130;130;Population 600;600;sample_130;560;0.000633199619080717
131;131;Population 600;600;sample_131;565;-0.002675644680330222
132;132;Population 600;600;sample_132;570;-0.01693552089509001
133;133;Population 600;600;sample_133;575;0.08632183490552675
134;134;Population 600;600;sample_134;580;-0.07267101868029396
135;135;Population 600;600;sample_135;585;0.07314204176752778
136;136;Population 600;600;sample_136;590;-0.04474164143223326
137;137;Population 600;600;sample_137;595;0.009183834209379474
138;138;Population 1100;1100;sample_138;5;0.6706961997937259
139;139;Population 1100;1100;sample_139;10;-0.13679184538191275
140;140;Population 1100;1100;sample_140;15;0.19082379116866618
141;141;Population 1100;1100;sample_141;20;-0.09016567658092643
142;142;Population 1100;1100;sample_142;25;-0.09475464489468725
143;143;Population 1100;1100;sample_143;30;0.3718579730415689
144;144;Population 1100;1100;sample_144;35;-0.11000707998836017
145;145;Population 1100;1100;sample_145;40;0.012799219776790837
146;146;Population 1100;1100;sample_146;45;0.06067612695739706
147;147;Population 1100;1100;sample_147;50;-0.04451459667336339
148;148;Population 1100;1100;sample_148;55;-0.07390243904699227
149;149;Population 1100;1100;sample_149;60;0.12317878214789431
150;150;Population 1100;1100;sample_150;65;0.16831883438567985
151;151;Population 1100;1100;sample_151;70;-0.03467975981470045
152;152;Population 1100;1100;sample_152;75;0.1278320232245912
153;153;Population 1100;1100;sample_153;80;0.00974222072115739
154;154;Population 1100;1100;sample_154;85;0.16499263316920038
155;155;Population 1100;1100;sample_155;90;-0.11464830435816128
156;156;Population 1100;1100;sample_156;95;-0.10674703979612797
157;157;Population 1100;1100;sample_157;100;-0.11398827999676144
158;158;Population 1100;1100;sample_158;105;-0.07784110227207408
159;159;Population 1100;1100;sample_159;110;-0.0005106010626690714
160;160;Population 1100;1100;sample_160;115;-0.022332300830969782
161;161;Population 1100;1100;sample_161;120;-0.07060374658672366
162;162;Population 1100;1100;sample_162;125;0.03320524635641291
163;163;Population 1100;1100;sample_163;130;-0.1268702581703474
164;164;Population 1100;1100;sample_164;135;-0.07726127938052359
165;165;Population 1100;1100;sample_165;140;0.1206847178303164
166;166;Population 1100;1100;sample_166;145;0.05459584974633616
167;167;Population 1100;1100;sample_167;150;0.053668192603052965
168;168;Population 1100;1100;sample_168;155;-0.040568884350999646
169;169;Population 1100;1100;sample_169;160;0.04179882528413851
170;170;Population 1100;1100;sample_170;165;0.0065943089536406275
171;171;Population 1100;1100;sample_171;170;-0.1213272164985331
172;172;Population 1100;1100;sample_172;175;0.13633300487396172
173;173;Population 1100;1100;sample_173;180;0.024843717668303386
174;174;Population 1100;1100;sample_174;185;0.0001206536529326995
175;175;Population 1100;1100;sample_175;190;0.08688702505542119
176;176;Population 1100;1100;sample_176;195;0.12103233012068906
177;177;Population 1100;1100;sample_177;200;-0.028785809040960536
178;178;Population 1100;1100;sample_178;205;0.037682071578895075
179;179;Population 1100;1100;sample_179;210;-0.08243361962635988
180;180;Population 1100;1100;sample_180;215;-0.0617306773133826
181;181;Population 1100;1100;sample_181;220;0.11960098947738534
182;182;Population 1100;1100;sample_182;225;0.14904983164111213
183;183;Population 1100;1100;sample_183;230;0.02723736900779787
184;184;Population 1100;1100;sample_184;235;-0.045312489409000165
185;185;Population 1100;1100;sample_185;240;-0.024543524814240714
186;186;Population 1100;1100;sample_186;245;0.05524709790841438
187;187;Population 1100;1100;sample_187;250;0.02381583274263329
188;188;Population 1100;1100;sample_188;255;0.008485831330115101
189;189;Population 1100;1100;sample_189;260;-0.031977345452494366
190;190;Population 1100;1100;sample_190;265;-0.010754663783241799
191;191;Population 1100;1100;sample_191;270;-0.022446666734226947
192;192;Population 1100;1100;sample_192;275;0.08894934598017418
193;193;Population 1100;1100;sample_193;280;-0.025603942314711248
194;194;Population 1100;1100;sample_194;285;0.07715218082829069
195;195;Population 1100;1100;sample_195;290;0.012175331061016693
196;196;Population 1100;1100;sample_196;295;-0.027094885561877634
197;197;Population 1100;1100;sample_197;300;-0.013216185360001888
198;198;Population 1100;1100;sample_198;305;0.029824349018839118
199;199;Population 1100;1100;sample_199;310;-0.04836940288114042
200;200;Population 1100;1100;sample_200;315;-0.04111064791869342
201;201;Population 1100;1100;sample_201;320;0.00641689955134987
202;202;Population 1100;1100;sample_202;325;-0.04299850091829076
203;203;Population 1100;1100;sample_203;330;0.03506112999415155
204;204;Population 1100;1100;sample_204;335;0.0800496148719456
205;205;Population 1100;1100;sample_205;340;-0.05788787462134951
206;206;Population 1100;1100;sample_206;345;0.08094604352542022
207;207;Population 1100;1100;sample_207;350;-0.07634150101775408
208;208;Population 1100;1100;sample_208;355;0.05343103530184974
209;209;Population 1100;1100;sample_209;360;0.007975672505718774
210;210;Population 1100;1100;sample_210;365;0.01707683203135234
211;211;Population 1100;1100;sample_211;370;-0.015486859006874404
212;212;Population 1100;1100;sample_212;375;-0.010609960452009322
213;213;Population 1100;1100;sample_213;380;0.013893431138227597
214;214;Population 1100;1100;sample_214;385;0.0852289854734864
215;215;Population 1100;1100;sample_215;390;-0.025081190389054667
216;216;Population 1100;1100;sample_216;395;0.01103435277374282
217;217;Population 1100;1100;sample_217;400;-0.03050743277441838
218;218;Population 1100;1100;sample_218;405;0.03315862991742137
219;219;Population 1100;1100;sample_219;410;0.017628200832867827
220;220;Population 1100;1100;sample_220;415;0.06954884558368456
221;221;Population 1100;1100;sample_221;420;0.022119042140962743
222;222;Population 1100;1100;sample_222;425;0.08007513131951005
223;223;Population 1100;1100;sample_223;430;-0.021222462261743784
224;224;Population 1100;1100;sample_224;435;0.06646039899345131
225;225;Population 1100;1100;sample_225;440;-0.000286243331580982
226;226;Population 1100;1100;sample_226;445;-0.04290834231975119
227;227;Population 1100;1100;sample_227;450;0.03958291740239742
228;228;Population 1100;1100;sample_228;455;0.004025540936792647
229;229;Population 1100;1100;sample_229;460;-0.025489903836637625
230;230;Population 1100;1100;sample_230;465;0.01771854279475469
231;231;Population 1100;1100;sample_231;470;-0.08247418897076071
232;232;Population 1100;1100;sample_232;475;-0.03952809968113319
233;233;Population 1100;1100;sample_233;480;-0.027375507570525943
234;234;Population 1100;1100;sample_234;485;-0.08621620820819638
235;235;Population 1100;1100;sample_235;490;-0.029856800925912304
236;236;Population 1100;1100;sample_236;495;-0.06641700955686786
237;237;Population 1100;1100;sample_237;500;-0.0020953902559287486
238;238;Population 1100;1100;sample_238;505;0.05698346943544693
239;239;Population 1100;1100;sample_239;510;0.04639146676378257
240;240;Population 1100;1100;sample_240;515;0.08672612413851565
241;241;Population 1100;1100;sample_241;520;-0.01321401327399317
242;242;Population 1100;1100;sample_242;525;0.016080801610654477
243;243;Population 1100;1100;sample_243;530;0.05488044043494888
244;244;Population 1100;1100;sample_244;535;-0.06260987604461216
245;245;Population 1100;1100;sample_245;540;0.0035450060968887764
246;246;Population 1100;1100;sample_246;545;0.006758192806684329
247;247;Population 1100;1100;sample_247;550;-0.033645533220589864
248;248;Population 1100;1100;sample_248;555;-0.001240446745604298
249;249;Population 1100;1100;sample_249;560;0.021435891175061266
250;250;Population 1100;1100;sample_250;565;0.017911473042389846
251;251;Population 1100;1100;sample_251;570;0.050338717871826456
252;252;Population 1100;1100;sample_252;575;-0.01149327595060982
253;253;Population 1100;1100;sample_253;580;0.018827176799386863
254;254;Population 1100;1100;sample_254;585;0.03131786630485036
255;255;Population 1100;1100;sample_255;590;6.748629927165081e-05
256;256;Population 1100;1100;sample_256;595;-0.030666215299080646
257;257;Population 1100;1100;sample_257;600;-0.008210615651695478
258;258;Population 1100;1100;sample_258;605;-0.004501371948901282
259;259;Population 1100;1100;sample_259;610;-0.02851463018729816
260;260;Population 1100;1100;sample_260;615;0.04861162754217429
261;261;Population 1100;1100;sample_261;620;0.0015677950068609023
262;262;Population 1100;1100;sample_262;625;0.032304911203647056
263;263;Population 1100;1100;sample_263;630;-0.002509320038215409
264;264;Population 1100;1100;sample_264;635;-0.02705815052526331
265;265;Population 1100;1100;sample_265;640;0.01121630496474643
266;266;Population 1100;1100;sample_266;645;-0.01293648663344482
267;267;Population 1100;1100;sample_267;650;0.0054159201214598485
268;268;Population 1100;1100;sample_268;655;0.020847262487023552
269;269;Population 1100;1100;sample_269;660;0.037422000927710856
270;270;Population 1100;1100;sample_270;665;-0.04991502692775701
271;271;Population 1100;1100;sample_271;670;0.023417940657098023
272;272;Population 1100;1100;sample_272;675;0.04539876156095414
273;273;Population 1100;1100;sample_273;680;-0.03211668495774289
274;274;Population 1100;1100;sample_274;685;-0.012142474362456303
275;275;Population 1100;1100;sample_275;690;0.06859866619162214
276;276;Population 1100;1100;sample_276;695;0.08038431179201727
277;277;Population 1100;1100;sample_277;700;0.017432100021581864
278;278;Population 1100;1100;sample_278;705;-0.06781656164753623
279;279;Population 1100;1100;sample_279;710;0.03354604035403357
280;280;Population 1100;1100;sample_280;715;-0.010290311881047377
281;281;Population 1100;1100;sample_281;720;-0.004457734402944779
282;282;Population 1100;1100;sample_282;725;0.05972747969881712
283;283;Population 1100;1100;sample_283;730;-0.06814694711701065
284;284;Population 1100;1100;sample_284;735;0.004046091417735984
285;285;Population 1100;1100;sample_285;740;-0.038136026660688264
286;286;Population 1100;1100;sample_286;745;0.009752183644252684
287;287;Population 1100;1100;sample_287;750;-0.0025316320771208386
288;288;Population 1100;1100;sample_288;755;0.0013659505087362264
289;289;Population 1100;1100;sample_289;760;0.0046371153441400635
290;290;Population 1100;1100;sample_290;765;-0.018178783429534946
291;291;Population 1100;1100;sample_291;770;-0.052312458966294474
292;292;Population 1100;1100;sample_292;775;0.025038897911183522
293;293;Population 1100;1100;sample_293;780;0.007962710531655072
294;294;Population 1100;1100;sample_294;785;-0.03753959451159223
295;295;Population 1100;1100;sample_295;790;0.07033095275001455
296;296;Population 1100;1100;sample_296;795;0.015978133900941664
297;297;Population 1100;1100;sample_297;800;-0.01910958800691292
298;298;Population 1100;1100;sample_298;805;0.011430015488172292
299;299;Population 1100;1100;sample_299;810;0.018465077784649946
300;300;Population 1100;1100;sample_300;815;0.05964354858029333
301;301;Population 1100;1100;sample_301;820;0.016581200618124608
302;302;Population 1100;1100;sample_302;825;0.002306528365967223
303;303;Population 1100;1100;sample_303;830;-0.0020278928705577785
304;304;Population 1100;1100;sample_304;835;-0.029835935617417923
305;305;Population 1100;1100;sample_305;840;0.01119825132108542
306;306;Population 1100;1100;sample_306;845;-0.031605863981082484
307;307;Population 1100;1100;sample_307;850;-0.0005743024090299866
308;308;Population 1100;1100;sample_308;855;0.010926128600021007
309;309;Population 1100;1100;sample_309;860;-0.028837173436769812
310;310;Population 1100;1100;sample_310;865;0.011215811502646604
311;311;Population 1100;1100;sample_311;870;0.02290786111396407
312;312;Population 1100;1100;sample_312;875;-0.019318749639303193
313;313;Population 1100;1100;sample_313;880;0.02963782304510618
314;314;Population 1100;1100;sample_314;885;-0.021493925118339908
315;315;Population 1100;1100;sample_315;890;0.020029347066839256
316;316;Population 1100;1100;sample_316;895;-0.009366281601899729
317;317;Population 1100;1100;sample_317;900;0.009802411959279658
318;318;Population 1100;1100;sample_318;905;-0.060823796354264395
319;319;Population 1100;1100;sample_319;910;0.007846065458750147
320;320;Population 1100;1100;sample_320;915;0.005221078633986379
321;321;Population 1100;1100;sample_321;920;0.007316684682294306
322;322;Population 1100;1100;sample_322;925;-0.008505984951353624
323;323;Population 1100;1100;sample_323;930;0.04815811916895438
324;324;Population 1100;1100;sample_324;935;-0.003309781482275161
325;325;Population 1100;1100;sample_325;940;0.03821136897255224
326;326;Population 1100;1100;sample_326;945;0.047015716789706556
327;327;Population 1100;1100;sample_327;950;-0.08083700577984396
328;328;Population 1100;1100;sample_328;955;-0.012202208207736116
329;329;Population 1100;1100;sample_329;960;-0.005231081968283687
330;330;Population 1100;1100;sample_330;965;-0.033078307237943944
331;331;Population 1100;1100;sample_331;970;0.0005229642997928827
332;332;Population 1100;1100;sample_332;975;0.006707839369033632
333;333;Population 1100;1100;sample_333;980;0.009115258553591037
334;334;Population 1100;1100;sample_334;985;-0.04093245569815685
335;335;Population 1100;1100;sample_335;990;0.03313874411839996
336;336;Population 1100;1100;sample_336;995;0.03304082110513251
337;337;Population 1100;1100;sample_337;1000;0.03763382735492014
338;338;Population 1100;1100;sample_338;1005;0.03295358132785661
339;339;Population 1100;1100;sample_339;1010;-0.016148876347380613
340;340;Population 1100;1100;sample_340;1015;0.05563631347857127
341;341;Population 1100;1100;sample_341;1020;0.017557242729359906
342;342;Population 1100;1100;sample_342;1025;-0.05375848174445226
343;343;Population 1100;1100;sample_343;1030;-0.027845744132192696
344;344;Population 1100;1100;sample_344;1035;0.047412255620344367
345;345;Population 1100;1100;sample_345;1040;0.03186761736951183
346;346;Population 1100;1100;sample_346;1045;0.008885719571690355
347;347;Population 1100;1100;sample_347;1050;-0.015714623897327414
348;348;Population 1100;1100;sample_348;1055;-0.015233035177087222
349;349;Population 1100;1100;sample_349;1060;-0.0010529717977093588
350;350;Population 1100;1100;sample_350;1065;0.030609107326996093
351;351;Population 1100;1100;sample_351;1070;0.014707795443020928
352;352;Population 1100;1100;sample_352;1075;-0.020757215649591487
353;353;Population 1100;1100;sample_353;1080;0.011667754773543627
354;354;Population 1100;1100;sample_354;1085;0.002736250246925838
355;355;Population 1100;1100;sample_355;1090;0.027490589523612094
356;356;Population 1100;1100;sample_356;1095;0.03330725504416975
357;357;Population 1600;1600;sample_357;5;-0.13888051264148904
358;358;Population 1600;1600;sample_358;10;0.023877150109327682
359;359;Population 1600;1600;sample_359;15;-0.11089719164962056
360;360;Population 1600;1600;sample_360;20;-0.6475060867915208
361;361;Population 1600;1600;sample_361;25;-0.12643099177190562
362;362;Population 1600;1600;sample_362;30;-0.01612321482332062
363;363;Population 1600;1600;sample_363;35;-0.28248968515331363
364;364;Population 1600;1600;sample_364;40;0.20381180624481843
365;365;Population 1600;1600;sample_365;45;-0.3126935004232059
366;366;Population 1600;1600;sample_366;50;0.19280320065593753
367;367;Population 1600;1600;sample_367;55;0.1331851454344101
368;368;Population 1600;1600;sample_368;60;-0.04933647173846414
369;369;Population 1600;1600;sample_369;65;-0.0841828376376646
370;370;Population 1600;1600;sample_370;70;-0.007130158348885291
371;371;Population 1600;1600;sample_371;75;0.16964262020579027
372;372;Population 1600;1600;sample_372;80;-0.20700384697733676
373;373;Population 1600;1600;sample_373;85;-0.08692577696492125
374;374;Population 1600;1600;sample_374;90;0.02760492059979615
375;375;Population 1600;1600;sample_375;95;-0.025927747702607258
376;376;Population 1600;1600;sample_376;100;-0.04324643870419391
377;377;Population 1600;1600;sample_377;105;-0.016765065190311804
378;378;Population 1600;1600;sample_378;110;0.12210288623177755
379;379;Population 1600;1600;sample_379;115;0.013962052761891105
380;380;Population 1600;1600;sample_380;120;-0.07148755012085477
381;381;Population 1600;1600;sample_381;125;0.06791882943271219
382;382;Population 1600;1600;sample_382;130;-0.04094509420930107
383;383;Population 1600;1600;sample_383;135;0.09460389360705518
384;384;Population 1600;1600;sample_384;140;-0.1870491727439158
385;385;Population 1600;1600;sample_385;145;9.493290559841816e-05
386;386;Population 1600;1600;sample_386;150;0.013788180648211395
387;387;Population 1600;1600;sample_387;155;0.04507970703225283
388;388;Population 1600;1600;sample_388;160;0.07061586034488436
389;389;Population 1600;1600;sample_389;165;0.09215993288877201
390;390;Population 1600;1600;sample_390;170;-0.08867918068707017
391;391;Population 1600;1600;sample_391;175;0.01777538968716406
392;392;Population 1600;1600;sample_392;180;0.012758886106587042
393;393;Population 1600;1600;sample_393;185;-0.04601006897592364
394;394;Population 1600;1600;sample_394;190;-0.00909706853512409
395;395;Population 1600;1600;sample_395;195;0.09927438886846662
396;396;Population 1600;1600;sample_396;200;0.06341727600660729
397;397;Population 1600;1600;sample_397;205;-0.0626980741634606
398;398;Population 1600;1600;sample_398;210;0.12456607679994258
399;399;Population 1600;1600;sample_399;215;-0.05012805683446592
400;400;Population 1600;1600;sample_400;220;-0.049210121574525534
401;401;Population 1600;1600;sample_401;225;0.12885696944570926
402;402;Population 1600;1600;sample_402;230;-0.037203099157530804
403;403;Population 1600;1600;sample_403;235;-0.06298455482513649
404;404;Population 1600;1600;sample_404;240;0.013588754876841509
405;405;Population 1600;1600;sample_405;245;0.13256762001003777
406;406;Population 1600;1600;sample_406;250;-0.015321864882998568
407;407;Population 1600;1600;sample_407;255;-0.03649169332120781
408;408;Population 1600;1600;sample_408;260;0.019974182383782315
409;409;Population 1600;1600;sample_409;265;0.05308048842581839
410;410;Population 1600;1600;sample_410;270;0.005372177657859493
411;411;Population 1600;1600;sample_411;275;-0.009746119523166525
412;412;Population 1600;1600;sample_412;280;0.005323889473153019
413;413;Population 1600;1600;sample_413;285;0.012878268819705848
414;414;Population 1600;1600;sample_414;290;0.059167994514486025
415;415;Population 1600;1600;sample_415;295;-0.06661158012580307
416;416;Population 1600;1600;sample_416;300;-0.11387195881635359
417;417;Population 1600;1600;sample_417;305;-0.043424458845740165
418;418;Population 1600;1600;sample_418;310;0.0063190253225434605
419;419;Population 1600;1600;sample_419;315;0.033806425392381836
420;420;Population 1600;1600;sample_420;320;-0.055160073559195166
421;421;Population 1600;1600;sample_421;325;0.09662409963311326
422;422;Population 1600;1600;sample_422;330;-0.09960811823569178
423;423;Population 1600;1600;sample_423;335;-0.014494782872676498
424;424;Population 1600;1600;sample_424;340;0.019331376929629062
425;425;Population 1600;1600;sample_425;345;0.09809757043644027
426;426;Population 1600;1600;sample_426;350;0.023165896843346644
427;427;Population 1600;1600;sample_427;355;0.053630100190375805
428;428;Population 1600;1600;sample_428;360;0.016362649751746932
429;429;Population 1600;1600;sample_429;365;0.002192802596101366
430;430;Population 1600;1600;sample_430;370;0.04362789900492511
431;431;Population 1600;1600;sample_431;375;0.03884937220350242
432;432;Population 1600;1600;sample_432;380;0.024213458591880566
433;433;Population 1600;1600;sample_433;385;0.11670694446751814
434;434;Population 1600;1600;sample_434;390;-0.020539554274191883
435;435;Population 1600;1600;sample_435;395;-0.0051619683345328436
436;436;Population 1600;1600;sample_436;400;0.08370878998036564
437;437;Population 1600;1600;sample_437;405;0.050975935609170374
438;438;Population 1600;1600;sample_438;410;0.009361761114011366
439;439;Population 1600;1600;sample_439;415;-0.04385780988728093
440;440;Population 1600;1600;sample_440;420;0.010470382403213607
441;441;Population 1600;1600;sample_441;425;-0.00593399085709599
442;442;Population 1600;1600;sample_442;430;-0.01893742123177122
443;443;Population 1600;1600;sample_443;435;-0.017800747444488375
444;444;Population 1600;1600;sample_444;440;0.053388104255354
445;445;Population 1600;1600;sample_445;445;-0.03794584992785376
446;446;Population 1600;1600;sample_446;450;-0.03077162813605209
447;447;Population 1600;1600;sample_447;455;0.08203203310647968
448;448;Population 1600;1600;sample_448;460;-0.00657055146690292
449;449;Population 1600;1600;sample_449;465;0.009822625827360522
450;450;Population 1600;1600;sample_450;470;-0.025983451238253675
451;451;Population 1600;1600;sample_451;475;0.019367902195143446
452;452;Population 1600;1600;sample_452;480;0.0023648118636208555
453;453;Population 1600;1600;sample_453;485;0.06112690364001147
454;454;Population 1600;1600;sample_454;490;0.020754905632546387
455;455;Population 1600;1600;sample_455;495;0.009877841924701912
456;456;Population 1600;1600;sample_456;500;0.028600087155123084
457;457;Population 1600;1600;sample_457;505;0.06134803445102668
458;458;Population 1600;1600;sample_458;510;-0.015338566479438693
459;459;Population 1600;1600;sample_459;515;-0.03457551450475914
460;460;Population 1600;1600;sample_460;520;-0.01394867214226912
461;461;Population 1600;1600;sample_461;525;0.018205918332821546
462;462;Population 1600;1600;sample_462;530;-0.04830932992239018
463;463;Population 1600;1600;sample_463;535;0.08371948440578382
464;464;Population 1600;1600;sample_464;540;0.012026158288365538
465;465;Population 1600;1600;sample_465;545;-0.02534713656828605
466;466;Population 1600;1600;sample_466;550;0.05172156464153237
467;467;Population 1600;1600;sample_467;555;-0.025643381164453305
468;468;Population 1600;1600;sample_468;560;0.013207260095759937
469;469;Population 1600;1600;sample_469;565;0.006822073397793823
470;470;Population 1600;1600;sample_470;570;-0.014470183703299062
471;471;Population 1600;1600;sample_471;575;-0.02808223099189624
472;472;Population 1600;1600;sample_472;580;0.020962803513928686
473;473;Population 1600;1600;sample_473;585;-0.04513725252060488
474;474;Population 1600;1600;sample_474;590;0.02242394238634452
475;475;Population 1600;1600;sample_475;595;0.04064846546823464
476;476;Population 1600;1600;sample_476;600;0.032000368301799975
477;477;Population 1600;1600;sample_477;605;0.039626203903955715
478;478;Population 1600;1600;sample_478;610;-0.04597678768025498
479;479;Population 1600;1600;sample_479;615;-0.006640807726545099
480;480;Population 1600;1600;sample_480;620;-0.047175851070609946
481;481;Population 1600;1600;sample_481;625;-0.03634439761622927
482;482;Population 1600;1600;sample_482;630;0.040614995607139354
483;483;Population 1600;1600;sample_483;635;0.0674103992093226
484;484;Population 1600;1600;sample_484;640;0.07928133609994154
485;485;Population 1600;1600;sample_485;645;-0.028443731421175657
486;486;Population 1600;1600;sample_486;650;0.027727742903511893
487;487;Population 1600;1600;sample_487;655;0.05206867418356148
488;488;Population 1600;1600;sample_488;660;-0.06296236258189586
489;489;Population 1600;1600;sample_489;665;0.003496149568744619
490;490;Population 1600;1600;sample_490;670;0.04547297390930114
491;491;Population 1600;1600;sample_491;675;0.03859453600999936
492;492;Population 1600;1600;sample_492;680;0.02477654902116311
493;493;Population 1600;1600;sample_493;685;0.06821512456605129
494;494;Population 1600;1600;sample_494;690;-0.04240181384636463
495;495;Population 1600;1600;sample_495;695;0.023151015306024786
496;496;Population 1600;1600;sample_496;700;0.09066221616946334
497;497;Population 1600;1600;sample_497;705;0.009574491525563082
498;498;Population 1600;1600;sample_498;710;0.008295205747833531
499;499;Population 1600;1600;sample_499;715;-0.004232891583201177
500;500;Population 1600;1600;sample_500;720;0.036529564464550635
501;501;Population 1600;1600;sample_501;725;-0.02467406571235372
502;502;Population 1600;1600;sample_502;730;-0.07321770141911696
503;503;Population 1600;1600;sample_503;735;-0.039828831007298934
504;504;Population 1600;1600;sample_504;740;0.02624483828175034
505;505;Population 1600;1600;sample_505;745;-0.024679417576078746
506;506;Population 1600;1600;sample_506;750;0.013077748377764029
507;507;Population 1600;1600;sample_507;755;-0.019636217657584613
508;508;Population 1600;1600;sample_508;760;0.042903991795910694
509;509;Population 1600;1600;sample_509;765;-0.012519983084283768
510;510;Population 1600;1600;sample_510;770;0.05639576962180406
511;511;Population 1600;1600;sample_511;775;0.015387040668776894
512;512;Population 1600;1600;sample_512;780;-0.03425824086080815
513;513;Population 1600;1600;sample_513;785;-0.011323878184930428
514;514;Population 1600;1600;sample_514;790;0.007341178382612965
515;515;Population 1600;1600;sample_515;795;-0.03534428693066732
516;516;Population 1600;1600;sample_516;800;0.04814202653764565
517;517;Population 1600;1600;sample_517;805;0.028162454468408902
518;518;Population 1600;1600;sample_518;810;0.0003727205644050757
519;519;Population 1600;1600;sample_519;815;0.011622760656374794
520;520;Population 1600;1600;sample_520;820;0.07248558022652875
521;521;Population 1600;1600;sample_521;825;-0.03036444190494898
522;522;Population 1600;1600;sample_522;830;-0.0012781141758123602
523;523;Population 1600;1600;sample_523;835;-0.010513659083278531
524;524;Population 1600;1600;sample_524;840;0.0186915029557519
525;525;Population 1600;1600;sample_525;845;-0.0016513439359025011
526;526;Population 1600;1600;sample_526;850;0.003925254628785723
527;527;Population 1600;1600;sample_527;855;0.029394374338726926
528;528;Population 1600;1600;sample_528;860;-0.07028400626198245
529;529;Population 1600;1600;sample_529;865;0.04489587002528032
530;530;Population 1600;1600;sample_530;870;-0.046474073676164976
531;531;Population 1600;1600;sample_531;875;-0.007913954437635977
532;532;Population 1600;1600;sample_532;880;0.05395356479209675
533;533;Population 1600;1600;sample_533;885;-0.032207956012380475
534;534;Population 1600;1600;sample_534;890;-0.012220087942782454
535;535;Population 1600;1600;sample_535;895;-0.012611090450805001
536;536;Population 1600;1600;sample_536;900;0.039655894952669704
537;537;Population 1600;1600;sample_537;905;0.04208634629850619
538;538;Population 1600;1600;sample_538;910;0.033882897149158195
539;539;Population 1600;1600;sample_539;915;0.03822866349632317
540;540;Population 1600;1600;sample_540;920;0.00482092355502896
541;541;Population 1600;1600;sample_541;925;-0.02369122381334452
542;542;Population 1600;1600;sample_542;930;0.02027819062405873
543;543;Population 1600;1600;sample_543;935;-0.013213572342219333
544;544;Population 1600;1600;sample_544;940;-0.00558855969763438
545;545;Population 1600;1600;sample_545;945;-0.002504932513086405
546;546;Population 1600;1600;sample_546;950;-0.02823757328898583
547;547;Population 1600;1600;sample_547;955;0.006744144271794356
548;548;Population 1600;1600;sample_548;960;0.04027199234743374
549;549;Population 1600;1600;sample_549;965;-0.01913231596189208
550;550;Population 1600;1600;sample_550;970;-0.006956712940675236
551;551;Population 1600;1600;sample_551;975;0.016828692578968553
552;552;Population 1600;1600;sample_552;980;0.03497728636236223
553;553;Population 1600;1600;sample_553;985;-0.024538595682742657
554;554;Population 1600;1600;sample_554;990;-0.005353305405004662
555;555;Population 1600;1600;sample_555;995;0.013178891038308913
556;556;Population 1600;1600;sample_556;1000;0.03292925851453155
557;557;Population 1600;1600;sample_557;1005;0.03248054950895579
558;558;Population 1600;1600;sample_558;1010;0.03043553666606007
559;559;Population 1600;1600;sample_559;1015;0.0127465906035774
560;560;Population 1600;1600;sample_560;1020;0.006398329399598151
561;561;Population 1600;1600;sample_561;1025;0.024196689710746056
562;562;Population 1600;1600;sample_562;1030;-0.02079151733576427
563;563;Population 1600;1600;sample_563;1035;0.009527634266003969
564;564;Population 1600;1600;sample_564;1040;0.050867203598869155
565;565;Population 1600;1600;sample_565;1045;-0.012037011024807073
566;566;Population 1600;1600;sample_566;1050;-0.035204941453220125
567;567;Population 1600;1600;sample_567;1055;0.01778228042565289
568;568;Population 1600;1600;sample_568;1060;-0.017067619214138564
569;569;Population 1600;1600;sample_569;1065;-0.021038242368068432
570;570;Population 1600;1600;sample_570;1070;-0.0451665845679539
571;571;Population 1600;1600;sample_571;1075;-8.765032552376531e-05
572;572;Population 1600;1600;sample_572;1080;-0.02498779126484753
573;573;Population 1600;1600;sample_573;1085;0.021643509104960552
574;574;Population 1600;1600;sample_574;1090;0.016540780909382734
575;575;Population 1600;1600;sample_575;1095;0.013123066961450772
576;576;Population 1600;1600;sample_576;1100;-0.011156067041139714
577;577;Population 1600;1600;sample_577;1105;0.03033845600635859
578;578;Population 1600;1600;sample_578;1110;0.04225033149333637
579;579;Population 1600;1600;sample_579;1115;0.04067024633558496
580;580;Population 1600;1600;sample_580;1120;0.03535171347574989
581;581;Population 1600;1600;sample_581;1125;0.03623160864168734
582;582;Population 1600;1600;sample_582;1130;0.044767190991538815
583;583;Population 1600;1600;sample_583;1135;-0.01325107783108717
584;584;Population 1600;1600;sample_584;1140;-0.04010321211145556
585;585;Population 1600;1600;sample_585;1145;-0.02701498597134247
586;586;Population 1600;1600;sample_586;1150;0.02758272517928167
587;587;Population 1600;1600;sample_587;1155;0.024703679400815026
588;588;Population 1600;1600;sample_588;1160;0.03673925335507742
589;589;Population 1600;1600;sample_589;1165;0.04691837196103146
590;590;Population 1600;1600;sample_590;1170;0.0030682015203308387
591;591;Population 1600;1600;sample_591;1175;0.03096554074828538
592;592;Population 1600;1600;sample_592;1180;0.013827453987357574
593;593;Population 1600;1600;sample_593;1185;-0.006446088052641935
594;594;Population 1600;1600;sample_594;1190;-0.006387201553574618
595;595;Population 1600;1600;sample_595;1195;0.004357058852198967
596;596;Population 1600;1600;sample_596;1200;-0.009553665429129977
597;597;Population 1600;1600;sample_597;1205;0.003969575254096756
598;598;Population 1600;1600;sample_598;1210;-0.004128377054958875
599;599;Population 1600;1600;sample_599;1215;0.0008414454979654461
600;600;Population 1600;1600;sample_600;1220;-0.0451441343427141
601;601;Population 1600;1600;sample_601;1225;0.06201865604139077
602;602;Population 1600;1600;sample_602;1230;0.02450187095632287
603;603;Population 1600;1600;sample_603;1235;0.02837424452967864
604;604;Population 1600;1600;sample_604;1240;-0.00019949341442771084
605;605;Population 1600;1600;sample_605;1245;0.056831342175807986
606;606;Population 1600;1600;sample_606;1250;0.015343470502594074
607;607;Population 1600;1600;sample_607;1255;0.020664011204534545
608;608;Population 1600;1600;sample_608;1260;0.01023353802366324
609;609;Population 1600;1600;sample_609;1265;-0.024467398500399362
610;610;Population 1600;1600;sample_610;1270;0.021910608436582543
611;611;Population 1600;1600;sample_611;1275;0.014919504930487519
612;612;Population 1600;1600;sample_612;1280;-0.021284351158279556
613;613;Population 1600;1600;sample_613;1285;0.03855568658167534
614;614;Population 1600;1600;sample_614;1290;-0.009783078563533186
615;615;Population 1600;1600;sample_615;1295;-0.04168884188720804
616;616;Population 1600;1600;sample_616;1300;0.018931193531290594
617;617;Population 1600;1600;sample_617;1305;-0.01569223199998858
618;618;Population 1600;1600;sample_618;1310;-0.033496754351870765
619;619;Population 1600;1600;sample_619;1315;-0.028582667928575042
620;620;Population 1600;1600;sample_620;1320;-0.04454667940772186
621;621;Population 1600;1600;sample_621;1325;-0.010795409384442177
622;622;Population 1600;1600;sample_622;1330;-0.009453415589669159
623;623;Population 1600;1600;sample_623;1335;0.014186010175576726
624;624;Population 1600;1600;sample_624;1340;0.0193345919418064
625;625;Population 1600;1600;sample_625;1345;0.0467546448366202
626;626;Population 1600;1600;sample_626;1350;-0.005063276400770524
627;627;Population 1600;1600;sample_627;1355;-0.02788432296483621
628;628;Population 1600;1600;sample_628;1360;0.01647998681118095
629;629;Population 1600;1600;sample_629;1365;0.0002844511485891956
630;630;Population 1600;1600;sample_630;1370;-0.014637727954030103
631;631;Population 1600;1600;sample_631;1375;0.004596092156485657
632;632;Population 1600;1600;sample_632;1380;0.00809003046310847
633;633;Population 1600;1600;sample_633;1385;-0.001934661177233441
634;634;Population 1600;1600;sample_634;1390;-0.04745500227739662
635;635;Population 1600;1600;sample_635;1395;0.00581686795438218
636;636;Population 1600;1600;sample_636;1400;0.009608035712545463
637;637;Population 1600;1600;sample_637;1405;0.023583074859688056
638;638;Population 1600;1600;sample_638;1410;0.03442434826775571
639;639;Population 1600;1600;sample_639;1415;-0.00821949041961451
640;640;Population 1600;1600;sample_640;1420;-0.028760713780578272
641;641;Population 1600;1600;sample_641;1425;0.016699027636254946
642;642;Population 1600;1600;sample_642;1430;0.028876550500645585
643;643;Population 1600;1600;sample_643;1435;-0.005161354293794784
644;644;Population 1600;1600;sample_644;1440;-0.014287944098443663
645;645;Population 1600;1600;sample_645;1445;0.010918047309010647
646;646;Population 1600;1600;sample_646;1450;-0.031916644453091864
647;647;Population 1600;1600;sample_647;1455;0.02686165367600693
648;648;Population 1600;1600;sample_648;1460;-0.011258901509464042
649;649;Population 1600;1600;sample_649;1465;-0.0247243702775613
650;650;Population 1600;1600;sample_650;1470;0.008347483571464526
651;651;Population 1600;1600;sample_651;1475;0.004305666838275502
652;652;Population 1600;1600;sample_652;1480;0.014812395107472395
653;653;Population 1600;1600;sample_653;1485;0.017051007187709386
654;654;Population 1600;1600;sample_654;1490;0.03684188158450233
655;655;Population 1600;1600;sample_655;1495;0.0009897779319231015
656;656;Population 1600;1600;sample_656;1500;0.018208604307452452
657;657;Population 1600;1600;sample_657;1505;0.014888430068463483
658;658;Population 1600;1600;sample_658;1510;0.051892441986851404
659;659;Population 1600;1600;sample_659;1515;-0.00771133274823834
660;660;Population 1600;1600;sample_660;1520;0.0036534758288168006
661;661;Population 1600;1600;sample_661;1525;0.01727015881923289
662;662;Population 1600;1600;sample_662;1530;0.011187206063585385
663;663;Population 1600;1600;sample_663;1535;0.021102908621354055
664;664;Population 1600;1600;sample_664;1540;-0.04221570161391932
665;665;Population 1600;1600;sample_665;1545;-0.0030590478593336356
666;666;Population 1600;1600;sample_666;1550;0.021876326635476284
667;667;Population 1600;1600;sample_667;1555;-0.0038858597194955783
668;668;Population 1600;1600;sample_668;1560;0.026566592304713366
669;669;Population 1600;1600;sample_669;1565;-0.026208424340941342
670;670;Population 1600;1600;sample_670;1570;0.017339501344954378
671;671;Population 1600;1600;sample_671;1575;0.0066337351086386016
672;672;Population 1600;1600;sample_672;1580;-0.005531806475908351
673;673;Population 1600;1600;sample_673;1585;-0.007073764247106685
674;674;Population 1600;1600;sample_674;1590;-0.010866689077046037
675;675;Population 1600;1600;sample_675;1595;0.04759363698737469
676;676;Population 2100;2100;sample_676;5;-0.002202412257039499
677;677;Population 2100;2100;sample_677;10;-0.12032568932834467
678;678;Population 2100;2100;sample_678;15;0.09613990966204512
679;679;Population 2100;2100;sample_679;20;-0.13064476926986246
680;680;Population 2100;2100;sample_680;25;0.011273348601231508
681;681;Population 2100;2100;sample_681;30;-0.18925371508008174
682;682;Population 2100;2100;sample_682;35;-0.01665012924542877
683;683;Population 2100;2100;sample_683;40;0.24201705049897387
684;684;Population 2100;2100;sample_684;45;0.00563068532285141
685;685;Population 2100;2100;sample_685;50;0.12138732464607223
686;686;Population 2100;2100;sample_686;55;-0.04511684949865296
687;687;Population 2100;2100;sample_687;60;0.18077735396164016
688;688;Population 2100;2100;sample_688;65;-0.2223929406933143
689;689;Population 2100;2100;sample_689;70;0.16253014120127338
690;690;Population 2100;2100;sample_690;75;-0.05588046277641739
691;691;Population 2100;2100;sample_691;80;0.08523117778133683
692;692;Population 2100;2100;sample_692;85;-0.0643512616960174
693;693;Population 2100;2100;sample_693;90;-0.15359338600593372
694;694;Population 2100;2100;sample_694;95;0.06858710145524687
695;695;Population 2100;2100;sample_695;100;-0.00962541665431737
696;696;Population 2100;2100;sample_696;105;0.07323499727598337
697;697;Population 2100;2100;sample_697;110;0.13305065361695356
698;698;Population 2100;2100;sample_698;115;-0.0799695422091729
699;699;Population 2100;2100;sample_699;120;-0.059076817038073444
700;700;Population 2100;2100;sample_700;125;0.06436868375433012
701;701;Population 2100;2100;sample_701;130;-0.07788936601264375
702;702;Population 2100;2100;sample_702;135;-0.06499844778605526
703;703;Population 2100;2100;sample_703;140;-0.01837753082039538
704;704;Population 2100;2100;sample_704;145;0.10206705006444254
705;705;Population 2100;2100;sample_705;150;-0.013090465814582381
706;706;Population 2100;2100;sample_706;155;0.06920004205286642
707;707;Population 2100;2100;sample_707;160;0.03828436546555954
708;708;Population 2100;2100;sample_708;165;0.03450564833923706
709;709;Population 2100;2100;sample_709;170;0.06622918384639702
710;710;Population 2100;2100;sample_710;175;-0.08260646001098461
711;711;Population 2100;2100;sample_711;180;-0.08950010409540926
712;712;Population 2100;2100;sample_712;185;0.011701664029488617
713;713;Population 2100;2100;sample_713;190;0.057152814646188474
714;714;Population 2100;2100;sample_714;195;0.06785395353169767
715;715;Population 2100;2100;sample_715;200;0.005459147330930425
716;716;Population 2100;2100;sample_716;205;-0.07745429319875148
717;717;Population 2100;2100;sample_717;210;-0.09917948299415402
718;718;Population 2100;2100;sample_718;215;0.06824542218067108
719;719;Population 2100;2100;sample_719;220;-0.022096645030328106
720;720;Population 2100;2100;sample_720;225;0.10571416481401331
721;721;Population 2100;2100;sample_721;230;0.08296188832592219
722;722;Population 2100;2100;sample_722;235;0.02118384287954327
723;723;Population 2100;2100;sample_723;240;-0.11378930472317146
724;724;Population 2100;2100;sample_724;245;-0.09095710871564236
725;725;Population 2100;2100;sample_725;250;0.008327799751448211
726;726;Population 2100;2100;sample_726;255;-0.014050223362106479
727;727;Population 2100;2100;sample_727;260;-0.009518855326618976
728;728;Population 2100;2100;sample_728;265;0.15431802827901492
729;729;Population 2100;2100;sample_729;270;0.05047597518841261
730;730;Population 2100;2100;sample_730;275;-0.008356026873925637
731;731;Population 2100;2100;sample_731;280;-0.07863309315049034
732;732;Population 2100;2100;sample_732;285;0.05289943339783241
733;733;Population 2100;2100;sample_733;290;-0.020850783404718205
734;734;Population 2100;2100;sample_734;295;-0.07929058010809728
735;735;Population 2100;2100;sample_735;300;0.0808403618276036
736;736;Population 2100;2100;sample_736;305;-0.012670040101093917
737;737;Population 2100;2100;sample_737;310;-0.10849414841794786
738;738;Population 2100;2100;sample_738;315;0.06319768754292084
739;739;Population 2100;2100;sample_739;320;0.026847813087252936
740;740;Population 2100;2100;sample_740;325;-0.08910221293471376
741;741;Population 2100;2100;sample_741;330;0.0007153803507893742
742;742;Population 2100;2100;sample_742;335;-0.04585939151589089
743;743;Population 2100;2100;sample_743;340;0.012139603957485241
744;744;Population 2100;2100;sample_744;345;0.02467390468651694
745;745;Population 2100;2100;sample_745;350;-0.08536740561554373
746;746;Population 2100;2100;sample_746;355;0.0743882477163463
747;747;Population 2100;2100;sample_747;360;0.08199683157541908
748;748;Population 2100;2100;sample_748;365;-0.02132002675264998
749;749;Population 2100;2100;sample_749;370;-0.013128289361377917
750;750;Population 2100;2100;sample_750;375;0.017542441795279574
751;751;Population 2100;2100;sample_751;380;-0.069353681966505
752;752;Population 2100;2100;sample_752;385;-0.004750887216697395
753;753;Population 2100;2100;sample_753;390;-0.10243554032457804
754;754;Population 2100;2100;sample_754;395;0.028588269393984175
755;755;Population 2100;2100;sample_755;400;-0.030279439490665628
756;756;Population 2100;2100;sample_756;405;-0.027976873051867943
757;757;Population 2100;2100;sample_757;410;0.0182901643606074
758;758;Population 2100;2100;sample_758;415;0.05673599367561569
759;759;Population 2100;2100;sample_759;420;0.03384293015927306
760;760;Population 2100;2100;sample_760;425;-0.06133975358865245
761;761;Population 2100;2100;sample_761;430;0.03877893292461789
762;762;Population 2100;2100;sample_762;435;-0.06393199395365007
763;763;Population 2100;2100;sample_763;440;0.02146916607251504
764;764;Population 2100;2100;sample_764;445;0.023435701977657798
765;765;Population 2100;2100;sample_765;450;-0.004727847597706917
766;766;Population 2100;2100;sample_766;455;0.010348706731433637
767;767;Population 2100;2100;sample_767;460;0.0028344850561406094
768;768;Population 2100;2100;sample_768;465;0.0629323879576042
769;769;Population 2100;2100;sample_769;470;0.09656420503707613
770;770;Population 2100;2100;sample_770;475;0.09429226427777894
771;771;Population 2100;2100;sample_771;480;-0.06511917950384348
772;772;Population 2100;2100;sample_772;485;-0.01058475666998362
773;773;Population 2100;2100;sample_773;490;0.05896069429142915
774;774;Population 2100;2100;sample_774;495;0.08260427493089827
775;775;Population 2100;2100;sample_775;500;-0.03253280075691855
776;776;Population 2100;2100;sample_776;505;-0.038247404454016046
777;777;Population 2100;2100;sample_777;510;0.046711644415885205
778;778;Population 2100;2100;sample_778;515;0.02297129447266376
779;779;Population 2100;2100;sample_779;520;0.025533864590155848
780;780;Population 2100;2100;sample_780;525;-0.01605924836498637
781;781;Population 2100;2100;sample_781;530;0.03522703444050192
782;782;Population 2100;2100;sample_782;535;-0.012612896564788808
783;783;Population 2100;2100;sample_783;540;0.06365276464949901
784;784;Population 2100;2100;sample_784;545;0.06678076104811449
785;785;Population 2100;2100;sample_785;550;0.012222741373840988
786;786;Population 2100;2100;sample_786;555;0.09091990893574464
787;787;Population 2100;2100;sample_787;560;-0.04842436283620677
788;788;Population 2100;2100;sample_788;565;-0.0016523946202906135
789;789;Population 2100;2100;sample_789;570;-0.008710236670584426
790;790;Population 2100;2100;sample_790;575;0.022392202155318376
791;791;Population 2100;2100;sample_791;580;0.008582310868972152
792;792;Population 2100;2100;sample_792;585;0.011384492501178817
793;793;Population 2100;2100;sample_793;590;0.005320198769784186
794;794;Population 2100;2100;sample_794;595;0.03131359657793802
795;795;Population 2100;2100;sample_795;600;-0.010501082607458034
796;796;Population 2100;2100;sample_796;605;-0.033433047520541166
797;797;Population 2100;2100;sample_797;610;0.011791988553411983
798;798;Population 2100;2100;sample_798;615;0.009837861600292963
799;799;Population 2100;2100;sample_799;620;0.003421538405131635
800;800;Population 2100;2100;sample_800;625;0.027076159387842875
801;801;Population 2100;2100;sample_801;630;-0.07175146189310679
802;802;Population 2100;2100;sample_802;635;-0.0024800118531783733
803;803;Population 2100;2100;sample_803;640;-0.025707037815726207
804;804;Population 2100;2100;sample_804;645;-0.01124448072551814
805;805;Population 2100;2100;sample_805;650;-0.014357763282769227
806;806;Population 2100;2100;sample_806;655;0.02784226598919329
807;807;Population 2100;2100;sample_807;660;0.04103706186553782
808;808;Population 2100;2100;sample_808;665;0.07346321504411064
809;809;Population 2100;2100;sample_809;670;0.11306677278168047
810;810;Population 2100;2100;sample_810;675;0.07412510906156405
811;811;Population 2100;2100;sample_811;680;-0.003088081760499814
812;812;Population 2100;2100;sample_812;685;0.017487293031371545
813;813;Population 2100;2100;sample_813;690;-0.035695845254589895
814;814;Population 2100;2100;sample_814;695;0.010073592666893985
815;815;Population 2100;2100;sample_815;700;0.07429600020394841
816;816;Population 2100;2100;sample_816;705;-0.00833680904631573
817;817;Population 2100;2100;sample_817;710;-0.013164978571300067
818;818;Population 2100;2100;sample_818;715;0.011989686868322302
819;819;Population 2100;2100;sample_819;720;-0.018971356312521465
820;820;Population 2100;2100;sample_820;725;0.0067811021806535475
821;821;Population 2100;2100;sample_821;730;-0.001229187710179422
822;822;Population 2100;2100;sample_822;735;0.003347929169504883
823;823;Population 2100;2100;sample_823;740;-0.011339214908338505
824;824;Population 2100;2100;sample_824;745;-0.02984166096891709
825;825;Population 2100;2100;sample_825;750;0.029097754014797205
826;826;Population 2100;2100;sample_826;755;0.02932130177672704
827;827;Population 2100;2100;sample_827;760;-0.04233184444652948
828;828;Population 2100;2100;sample_828;765;0.007066474146064775
829;829;Population 2100;2100;sample_829;770;0.030892683551815455
830;830;Population 2100;2100;sample_830;775;-0.04507626691966748
831;831;Population 2100;2100;sample_831;780;0.02193228516557584
832;832;Population 2100;2100;sample_832;785;0.01832729694924975
833;833;Population 2100;2100;sample_833;790;0.008730599969807545
834;834;Population 2100;2100;sample_834;795;-0.039668014702357146
835;835;Population 2100;2100;sample_835;800;-0.04233202729430122
836;836;Population 2100;2100;sample_836;805;0.03361220204940799
837;837;Population 2100;2100;sample_837;810;0.02170816365380889
838;838;Population 2100;2100;sample_838;815;-0.06114733675735568
839;839;Population 2100;2100;sample_839;820;-0.01330879092406091
840;840;Population 2100;2100;sample_840;825;0.019847515960912644
841;841;Population 2100;2100;sample_841;830;0.029671999137256874
842;842;Population 2100;2100;sample_842;835;0.04488474731791719
843;843;Population 2100;2100;sample_843;840;0.021107002786417795
844;844;Population 2100;2100;sample_844;845;0.010978928492478786
845;845;Population 2100;2100;sample_845;850;-0.07293490356166618
846;846;Population 2100;2100;sample_846;855;0.0027800771948323557
847;847;Population 2100;2100;sample_847;860;-0.03964875344014894
848;848;Population 2100;2100;sample_848;865;0.03354512972878505
849;849;Population 2100;2100;sample_849;870;-0.006271762111021699
850;850;Population 2100;2100;sample_850;875;-0.0016988329621255604
851;851;Population 2100;2100;sample_851;880;-0.0005338822782144057
852;852;Population 2100;2100;sample_852;885;0.014134162591204267
853;853;Population 2100;2100;sample_853;890;0.054628730451389995
854;854;Population 2100;2100;sample_854;895;0.02693696401904588
855;855;Population 2100;2100;sample_855;900;0.026329232850618212
856;856;Population 2100;2100;sample_856;905;-0.0102775220181203
857;857;Population 2100;2100;sample_857;910;-0.06398320919671864
858;858;Population 2100;2100;sample_858;915;-0.031186283340453497
859;859;Population 2100;2100;sample_859;920;-0.036259725088338024
860;860;Population 2100;2100;sample_860;925;0.014994022635246334
861;861;Population 2100;2100;sample_861;930;-0.01683554016903207
862;862;Population 2100;2100;sample_862;935;0.006476652815573848
863;863;Population 2100;2100;sample_863;940;0.0062196344581523
864;864;Population 2100;2100;sample_864;945;-0.02544501794446207
865;865;Population 2100;2100;sample_865;950;-0.0035119258493796148
866;866;Population 2100;2100;sample_866;955;0.03588788801941516
867;867;Population 2100;2100;sample_867;960;0.020120653596256737
868;868;Population 2100;2100;sample_868;965;-0.024947710127098854
869;869;Population 2100;2100;sample_869;970;0.014086416643509162
870;870;Population 2100;2100;sample_870;975;0.01569231149659244
871;871;Population 2100;2100;sample_871;980;-0.0034459869691291735
872;872;Population 2100;2100;sample_872;985;-0.04866336804963572
873;873;Population 2100;2100;sample_873;990;0.01039946768354342
874;874;Population 2100;2100;sample_874;995;0.03250541047848354
875;875;Population 2100;2100;sample_875;1000;-0.033739074795919005
876;876;Population 2100;2100;sample_876;1005;-0.05234995010349201
877;877;Population 2100;2100;sample_877;1010;-0.018844565607201786
878;878;Population 2100;2100;sample_878;1015;0.050692263489796816
879;879;Population 2100;2100;sample_879;1020;-0.015305512252533739
880;880;Population 2100;2100;sample_880;1025;0.02561932237316345
881;881;Population 2100;2100;sample_881;1030;-0.002054658825156087
882;882;Population 2100;2100;sample_882;1035;0.010762462373091084
883;883;Population 2100;2100;sample_883;1040;-0.0423141714523146
884;884;Population 2100;2100;sample_884;1045;-0.006573585106198687
885;885;Population 2100;2100;sample_885;1050;-0.0016320572242874746
886;886;Population 2100;2100;sample_886;1055;-0.04315195529116489
887;887;Population 2100;2100;sample_887;1060;0.027017477902247185
888;888;Population 2100;2100;sample_888;1065;0.015434609823618455
889;889;Population 2100;2100;sample_889;1070;0.0037055800324104515
890;890;Population 2100;2100;sample_890;1075;-0.025783470031892217
891;891;Population 2100;2100;sample_891;1080;0.03366370269389707
892;892;Population 2100;2100;sample_892;1085;-0.008380567324107772
893;893;Population 2100;2100;sample_893;1090;-0.031276040664576864
894;894;Population 2100;2100;sample_894;1095;0.044801259947919586
895;895;Population 2100;2100;sample_895;1100;-0.004411281093465252
896;896;Population 2100;2100;sample_896;1105;0.010050512818678095
897;897;Population 2100;2100;sample_897;1110;-0.028035662922750466
898;898;Population 2100;2100;sample_898;1115;0.038239922820812976
899;899;Population 2100;2100;sample_899;1120;0.002407110995043909
900;900;Population 2100;2100;sample_900;1125;0.006604510684621958
901;901;Population 2100;2100;sample_901;1130;0.040780436533084094
902;902;Population 2100;2100;sample_902;1135;0.012458105105427063
903;903;Population 2100;2100;sample_903;1140;0.04527585343757127
904;904;Population 2100;2100;sample_904;1145;0.005863435626931021
905;905;Population 2100;2100;sample_905;1150;-0.01408979697655004
906;906;Population 2100;2100;sample_906;1155;0.027393443763522773
907;907;Population 2100;2100;sample_907;1160;0.044015456942604905
908;908;Population 2100;2100;sample_908;1165;0.00603132470252609
909;909;Population 2100;2100;sample_909;1170;-0.009264714752561083
910;910;Population 2100;2100;sample_910;1175;0.02791224732387217
911;911;Population 2100;2100;sample_911;1180;0.024970401670326443
912;912;Population 2100;2100;sample_912;1185;0.02833365367728797
913;913;Population 2100;2100;sample_913;1190;-0.004818084063569979
914;914;Population 2100;2100;sample_914;1195;0.03996529994325762
915;915;Population 2100;2100;sample_915;1200;-0.014331056063233228
916;916;Population 2100;2100;sample_916;1205;0.009953997797517402
917;917;Population 2100;2100;sample_917;1210;0.0011989500703591877
918;918;Population 2100;2100;sample_918;1215;0.03021928374775262
919;919;Population 2100;2100;sample_919;1220;0.035996643903434634
920;920;Population 2100;2100;sample_920;1225;-0.0007388427684936173
921;921;Population 2100;2100;sample_921;1230;0.002772079125432051
922;922;Population 2100;2100;sample_922;1235;-0.015217844841968206
923;923;Population 2100;2100;sample_923;1240;0.010730707122969389
924;924;Population 2100;2100;sample_924;1245;0.03788239008752165
925;925;Population 2100;2100;sample_925;1250;-0.049545768200375574
926;926;Population 2100;2100;sample_926;1255;-0.021550396093692938
927;927;Population 2100;2100;sample_927;1260;-0.0049656189368187135
928;928;Population 2100;2100;sample_928;1265;0.011362079992128299
929;929;Population 2100;2100;sample_929;1270;0.007102701208104133
930;930;Population 2100;2100;sample_930;1275;-0.03544595976633078
931;931;Population 2100;2100;sample_931;1280;0.030451920418906996
932;932;Population 2100;2100;sample_932;1285;-0.019523538136435377
933;933;Population 2100;2100;sample_933;1290;0.024700920775543714
934;934;Population 2100;2100;sample_934;1295;0.029119976686971784
935;935;Population 2100;2100;sample_935;1300;0.052458401262472594
936;936;Population 2100;2100;sample_936;1305;-0.0528510361423406
937;937;Population 2100;2100;sample_937;1310;0.03366088529540335
938;938;Population 2100;2100;sample_938;1315;0.014807870074313651
939;939;Population 2100;2100;sample_939;1320;0.03914367642541664
940;940;Population 2100;2100;sample_940;1325;0.03437263873683732
941;941;Population 2100;2100;sample_941;1330;-0.0060689947741081225
942;942;Population 2100;2100;sample_942;1335;-0.014432400810246921
943;943;Population 2100;2100;sample_943;1340;-0.03299949521582301
944;944;Population 2100;2100;sample_944;1345;0.01450771377937981
945;945;Population 2100;2100;sample_945;1350;-0.0057326186334729565
946;946;Population 2100;2100;sample_946;1355;0.008475582893210461
947;947;Population 2100;2100;sample_947;1360;0.006773798206729969
948;948;Population 2100;2100;sample_948;1365;-0.01815203054297219
949;949;Population 2100;2100;sample_949;1370;-0.005028260406500123
950;950;Population 2100;2100;sample_950;1375;-0.03060379410623704
951;951;Population 2100;2100;sample_951;1380;-0.02215545688659285
952;952;Population 2100;2100;sample_952;1385;-2.944369539840564e-05
953;953;Population 2100;2100;sample_953;1390;0.003932809941640751
954;954;Population 2100;2100;sample_954;1395;-0.013355796242756986
955;955;Population 2100;2100;sample_955;1400;0.002704891275021298
956;956;Population 2100;2100;sample_956;1405;-0.00626847576371496
957;957;Population 2100;2100;sample_957;1410;0.04157573553760678
958;958;Population 2100;2100;sample_958;1415;0.011063225170392555
959;959;Population 2100;2100;sample_959;1420;0.028146063342669628
960;960;Population 2100;2100;sample_960;1425;0.04085840180232307
961;961;Population 2100;2100;sample_961;1430;-0.016506688478713654
962;962;Population 2100;2100;sample_962;1435;-0.01127016752084002
963;963;Population 2100;2100;sample_963;1440;-0.035149969399028015
964;964;Population 2100;2100;sample_964;1445;-0.03455590976763949
965;965;Population 2100;2100;sample_965;1450;-0.034360129728019564
966;966;Population 2100;2100;sample_966;1455;0.005889250717856917
967;967;Population 2100;2100;sample_967;1460;-0.030862005579214032
968;968;Population 2100;2100;sample_968;1465;-0.0038848054908874204
969;969;Population 2100;2100;sample_969;1470;-0.030654039214135755
970;970;Population 2100;2100;sample_970;1475;-0.002551093057922431
971;971;Population 2100;2100;sample_971;1480;-0.01655665825351413
972;972;Population 2100;2100;sample_972;1485;-0.015084661223987893
973;973;Population 2100;2100;sample_973;1490;0.015952756938454028
974;974;Population 2100;2100;sample_974;1495;0.0016572068573511493
975;975;Population 2100;2100;sample_975;1500;0.005609161500373252
976;976;Population 2100;2100;sample_976;1505;-0.04553677794803447
977;977;Population 2100;2100;sample_977;1510;0.0016098226865479063
978;978;Population 2100;2100;sample_978;1515;-0.002050146453700289
979;979;Population 2100;2100;sample_979;1520;-0.01436977456472193
980;980;Population 2100;2100;sample_980;1525;-0.015838502077030574
981;981;Population 2100;2100;sample_981;1530;-0.01395728727579391
982;982;Population 2100;2100;sample_982;1535;-0.022428077202356653
983;983;Population 2100;2100;sample_983;1540;-0.01384120202015758
984;984;Population 2100;2100;sample_984;1545;0.007566705751430042
985;985;Population 2100;2100;sample_985;1550;0.0224062211485034
986;986;Population 2100;2100;sample_986;1555;-0.0026728905102224292
987;987;Population 2100;2100;sample_987;1560;-0.007357865295127645
988;988;Population 2100;2100;sample_988;1565;-0.0029643541179508524
989;989;Population 2100;2100;sample_989;1570;-0.01773555661695388
990;990;Population 2100;2100;sample_990;1575;0.06147316288425657
991;991;Population 2100;2100;sample_991;1580;0.007376462399559134
992;992;Population 2100;2100;sample_992;1585;-0.013177633757120869
993;993;Population 2100;2100;sample_993;1590;-0.0050001275667290335
994;994;Population 2100;2100;sample_994;1595;0.019672286279259855
995;995;Population 2100;2100;sample_995;1600;-0.02800494777390561
996;996;Population 2100;2100;sample_996;1605;0.021238286335760078
997;997;Population 2100;2100;sample_997;1610;0.012928764684635712
998;998;Population 2100;2100;sample_998;1615;0.019938520636130778
999;999;Population 2100;2100;sample_999;1620;-0.03421006149907071
1000;1000;Population 2100;2100;sample_1000;1625;0.04277262002805155
1001;1001;Population 2100;2100;sample_1001;1630;-0.008986474444082203
1002;1002;Population 2100;2100;sample_1002;1635;0.048930345750497706
1003;1003;Population 2100;2100;sample_1003;1640;0.002947424151605512
1004;1004;Population 2100;2100;sample_1004;1645;-0.010751610247664405
1005;1005;Population 2100;2100;sample_1005;1650;0.0005426236529228313
1006;1006;Population 2100;2100;sample_1006;1655;-0.020564692267234418
1007;1007;Population 2100;2100;sample_1007;1660;0.019191029458269268
1008;1008;Population 2100;2100;sample_1008;1665;0.017089367258703254
1009;1009;Population 2100;2100;sample_1009;1670;-0.0031470638458904023
1010;1010;Population 2100;2100;sample_1010;1675;-0.006594902967233566
1011;1011;Population 2100;2100;sample_1011;1680;-0.0006579812775656003
1012;1012;Population 2100;2100;sample_1012;1685;-0.00301066836392372
1013;1013;Population 2100;2100;sample_1013;1690;-0.015277925840587486
1014;1014;Population 2100;2100;sample_1014;1695;-0.0029740971374176014
1015;1015;Population 2100;2100;sample_1015;1700;-0.011619022561546295
1016;1016;Population 2100;2100;sample_1016;1705;-0.010640913106655466
1017;1017;Population 2100;2100;sample_1017;1710;0.003027390062856585
1018;1018;Population 2100;2100;sample_1018;1715;0.0406810606064854
1019;1019;Population 2100;2100;sample_1019;1720;0.03126206691393501
1020;1020;Population 2100;2100;sample_1020;1725;-0.0027410954852563345
1021;1021;Population 2100;2100;sample_1021;1730;0.019584377978488547
1022;1022;Population 2100;2100;sample_1022;1735;-0.002695407809557422
1023;1023;Population 2100;2100;sample_1023;1740;-0.013492555945152038
1024;1024;Population 2100;2100;sample_1024;1745;0.03502040046466223
1025;1025;Population 2100;2100;sample_1025;1750;0.005360246093725337
1026;1026;Population 2100;2100;sample_1026;1755;-0.0032716767317875943
1027;1027;Population 2100;2100;sample_1027;1760;0.007178175650935905
1028;1028;Population 2100;2100;sample_1028;1765;0.0009654337246976422
1029;1029;Population 2100;2100;sample_1029;1770;-0.024195700864516556
1030;1030;Population 2100;2100;sample_1030;1775;-0.024527987083748457
1031;1031;Population 2100;2100;sample_1031;1780;0.012149461277928826
1032;1032;Population 2100;2100;sample_1032;1785;-0.016203267789332967
1033;1033;Population 2100;2100;sample_1033;1790;0.03195970534599605
1034;1034;Population 2100;2100;sample_1034;1795;0.01800388739644951
1035;1035;Population 2100;2100;sample_1035;1800;0.010591925799151282
1036;1036;Population 2100;2100;sample_1036;1805;0.0052080538248380145
1037;1037;Population 2100;2100;sample_1037;1810;-0.004008388660995201
1038;1038;Population 2100;2100;sample_1038;1815;0.002448233464482848
1039;1039;Population 2100;2100;sample_1039;1820;0.02542457138176635
1040;1040;Population 2100;2100;sample_1040;1825;-0.01639310737630985
1041;1041;Population 2100;2100;sample_1041;1830;-0.004802988722849597
1042;1042;Population 2100;2100;sample_1042;1835;0.0301909973292132
1043;1043;Population 2100;2100;sample_1043;1840;0.02112285505892255
1044;1044;Population 2100;2100;sample_1044;1845;0.0032219515133645096
1045;1045;Population 2100;2100;sample_1045;1850;0.0076207645768708405
1046;1046;Population 2100;2100;sample_1046;1855;0.008139795391174869
1047;1047;Population 2100;2100;sample_1047;1860;0.03025630093783445
1048;1048;Population 2100;2100;sample_1048;1865;0.0015293723978435602
1049;1049;Population 2100;2100;sample_1049;1870;0.00707145281856079
1050;1050;Population 2100;2100;sample_1050;1875;0.007388352647886062
1051;1051;Population 2100;2100;sample_1051;1880;-0.0008375556118994602
1052;1052;Population 2100;2100;sample_1052;1885;0.01836965237246356
1053;1053;Population 2100;2100;sample_1053;1890;0.0014436074402090213
1054;1054;Population 2100;2100;sample_1054;1895;0.004938521501574676
1055;1055;Population 2100;2100;sample_1055;1900;0.014938944602783437
1056;1056;Population 2100;2100;sample_1056;1905;0.002715271515536796
1057;1057;Population 2100;2100;sample_1057;1910;0.0007362946813534191
1058;1058;Population 2100;2100;sample_1058;1915;-0.0071738900312094895
1059;1059;Population 2100;2100;sample_1059;1920;-0.007958149371093931
1060;1060;Population 2100;2100;sample_1060;1925;0.012670746481095983
1061;1061;Population 2100;2100;sample_1061;1930;0.0025324593764210718
1062;1062;Population 2100;2100;sample_1062;1935;0.007164883637009789
1063;1063;Population 2100;2100;sample_1063;1940;0.04092131931581683
1064;1064;Population 2100;2100;sample_1064;1945;0.03322028076611861
1065;1065;Population 2100;2100;sample_1065;1950;-0.02221527461914313
1066;1066;Population 2100;2100;sample_1066;1955;-0.017628862099951355
1067;1067;Population 2100;2100;sample_1067;1960;0.01394331504321562
1068;1068;Population 2100;2100;sample_1068;1965;-0.026569566164002294
1069;1069;Population 2100;2100;sample_1069;1970;0.05087907723467824
1070;1070;Population 2100;2100;sample_1070;1975;-0.014295708776576177
1071;1071;Population 2100;2100;sample_1071;1980;0.0241258196873877
1072;1072;Population 2100;2100;sample_1072;1985;0.018776506284024125
1073;1073;Population 2100;2100;sample_1073;1990;-0.014660732251179377
1074;1074;Population 2100;2100;sample_1074;1995;-0.0031964753624612583
1075;1075;Population 2100;2100;sample_1075;2000;0.008558293528068577
1076;1076;Population 2100;2100;sample_1076;2005;0.05297915960290374
1077;1077;Population 2100;2100;sample_1077;2010;-0.0044883115069433354
1078;1078;Population 2100;2100;sample_1078;2015;0.0009046008672014584
1079;1079;Population 2100;2100;sample_1079;2020;0.0005031988514652274
1080;1080;Population 2100;2100;sample_1080;2025;0.007112519337891768
1081;1081;Population 2100;2100;sample_1081;2030;0.008200880524884118
1082;1082;Population 2100;2100;sample_1082;2035;0.03632758752934338
1083;1083;Population 2100;2100;sample_1083;2040;0.003836671949984695
1084;1084;Population 2100;2100;sample_1084;2045;-0.013613455998422026
1085;1085;Population 2100;2100;sample_1085;2050;-0.005280999546321009
1086;1086;Population 2100;2100;sample_1086;2055;0.006719254931926442
1087;1087;Population 2100;2100;sample_1087;2060;0.010149841149606497
1088;1088;Population 2100;2100;sample_1088;2065;-0.006690437523250364
1089;1089;Population 2100;2100;sample_1089;2070;0.03610663679598395
1090;1090;Population 2100;2100;sample_1090;2075;-0.0005884849931559726
1091;1091;Population 2100;2100;sample_1091;2080;0.009240953794911012
1092;1092;Population 2100;2100;sample_1092;2085;0.014943710432827962
1093;1093;Population 2100;2100;sample_1093;2090;-0.009662725388160839
1094;1094;Population 2100;2100;sample_1094;2095;0.021699908270490263
1095;1095;Population 2600;2600;sample_1095;5;0.4172662819339322
1096;1096;Population 2600;2600;sample_1096;10;-0.20025179029975365
1097;1097;Population 2600;2600;sample_1097;15;0.14404240823889683
1098;1098;Population 2600;2600;sample_1098;20;0.32372245416345147
1099;1099;Population 2600;2600;sample_1099;25;0.30479032176752285
1100;1100;Population 2600;2600;sample_1100;30;-0.10590554605462538
1101;1101;Population 2600;2600;sample_1101;35;0.04790156386558425
1102;1102;Population 2600;2600;sample_1102;40;0.16600716987726463
1103;1103;Population 2600;2600;sample_1103;45;0.0757518107855636
1104;1104;Population 2600;2600;sample_1104;50;0.2526387995764935
1105;1105;Population 2600;2600;sample_1105;55;-0.1740726114076409
1106;1106;Population 2600;2600;sample_1106;60;-0.006198885869827847
1107;1107;Population 2600;2600;sample_1107;65;0.0014321141617497364
1108;1108;Population 2600;2600;sample_1108;70;-0.1198044235558723
1109;1109;Population 2600;2600;sample_1109;75;-0.0271474482721816
1110;1110;Population 2600;2600;sample_1110;80;-0.07042182758884917
1111;1111;Population 2600;2600;sample_1111;85;-0.08464195602234037
1112;1112;Population 2600;2600;sample_1112;90;-0.03360535454024936
1113;1113;Population 2600;2600;sample_1113;95;0.02680737274366477
1114;1114;Population 2600;2600;sample_1114;100;-0.011969528067651175
1115;1115;Population 2600;2600;sample_1115;105;0.005753362589003915
1116;1116;Population 2600;2600;sample_1116;110;-0.14276972230741805
1117;1117;Population 2600;2600;sample_1117;115;0.05535010067004266
1118;1118;Population 2600;2600;sample_1118;120;-0.02355972409965691
1119;1119;Population 2600;2600;sample_1119;125;-0.11336708509359922
1120;1120;Population 2600;2600;sample_1120;130;0.1537276251594329
1121;1121;Population 2600;2600;sample_1121;135;-0.09510962120182925
1122;1122;Population 2600;2600;sample_1122;140;-0.11581839481835791
1123;1123;Population 2600;2600;sample_1123;145;-0.05384342555041675
1124;1124;Population 2600;2600;sample_1124;150;-0.004296625321723653
1125;1125;Population 2600;2600;sample_1125;155;-0.03645353312576666
1126;1126;Population 2600;2600;sample_1126;160;-0.01712380198806695
1127;1127;Population 2600;2600;sample_1127;165;0.024977072224876513
1128;1128;Population 2600;2600;sample_1128;170;0.14978494755159494
1129;1129;Population 2600;2600;sample_1129;175;-0.10543912557281841
1130;1130;Population 2600;2600;sample_1130;180;-0.015216648808974201
1131;1131;Population 2600;2600;sample_1131;185;-0.09604573608733352
1132;1132;Population 2600;2600;sample_1132;190;0.0005674285056476251
1133;1133;Population 2600;2600;sample_1133;195;-0.08388488344179779
1134;1134;Population 2600;2600;sample_1134;200;0.08132944003681716
1135;1135;Population 2600;2600;sample_1135;205;-0.003192128798132816
1136;1136;Population 2600;2600;sample_1136;210;-0.09394128757491879
1137;1137;Population 2600;2600;sample_1137;215;-0.015947719396576448
1138;1138;Population 2600;2600;sample_1138;220;-0.027797579544603983
1139;1139;Population 2600;2600;sample_1139;225;-0.06440475828723323
1140;1140;Population 2600;2600;sample_1140;230;0.014099419442413011
1141;1141;Population 2600;2600;sample_1141;235;0.0036996348350355978
1142;1142;Population 2600;2600;sample_1142;240;-0.004699368313981789
1143;1143;Population 2600;2600;sample_1143;245;-0.013498590063488107
1144;1144;Population 2600;2600;sample_1144;250;-0.024907707602074943
1145;1145;Population 2600;2600;sample_1145;255;-0.02133284483556063
1146;1146;Population 2600;2600;sample_1146;260;-0.06739517245960977
1147;1147;Population 2600;2600;sample_1147;265;0.034255306491387846
1148;1148;Population 2600;2600;sample_1148;270;-0.015601205513719038
1149;1149;Population 2600;2600;sample_1149;275;-0.09816814521711718
1150;1150;Population 2600;2600;sample_1150;280;-0.05801277917272338
1151;1151;Population 2600;2600;sample_1151;285;-0.08463766763626883
1152;1152;Population 2600;2600;sample_1152;290;0.03512481114094839
1153;1153;Population 2600;2600;sample_1153;295;0.08315021920751733
1154;1154;Population 2600;2600;sample_1154;300;-0.0228887163025421
1155;1155;Population 2600;2600;sample_1155;305;-0.03448605910366237
1156;1156;Population 2600;2600;sample_1156;310;0.08436930751772036
1157;1157;Population 2600;2600;sample_1157;315;0.04908862928525562
1158;1158;Population 2600;2600;sample_1158;320;0.016772400239065354
1159;1159;Population 2600;2600;sample_1159;325;0.031095383718608868
1160;1160;Population 2600;2600;sample_1160;330;0.04605765514863941
1161;1161;Population 2600;2600;sample_1161;335;-0.04098615543232623
1162;1162;Population 2600;2600;sample_1162;340;0.02132811953588671
1163;1163;Population 2600;2600;sample_1163;345;0.04217966218702691
1164;1164;Population 2600;2600;sample_1164;350;0.055360778351104485
1165;1165;Population 2600;2600;sample_1165;355;0.09601690866694632
1166;1166;Population 2600;2600;sample_1166;360;0.08848028418698835
1167;1167;Population 2600;2600;sample_1167;365;0.019507961992937983
1168;1168;Population 2600;2600;sample_1168;370;-0.07290848096630925
1169;1169;Population 2600;2600;sample_1169;375;0.06246547529080211
1170;1170;Population 2600;2600;sample_1170;380;-0.00036533558393535384
1171;1171;Population 2600;2600;sample_1171;385;0.03025658433638108
1172;1172;Population 2600;2600;sample_1172;390;0.021120098541638155
1173;1173;Population 2600;2600;sample_1173;395;-0.03442704327248525
1174;1174;Population 2600;2600;sample_1174;400;-0.0006693491160594877
1175;1175;Population 2600;2600;sample_1175;405;-0.029809374580989697
1176;1176;Population 2600;2600;sample_1176;410;-0.03409229771424623
1177;1177;Population 2600;2600;sample_1177;415;0.02281881276942649
1178;1178;Population 2600;2600;sample_1178;420;-0.0022624632204972825
1179;1179;Population 2600;2600;sample_1179;425;0.004921660140262641
1180;1180;Population 2600;2600;sample_1180;430;0.13205421653951196
1181;1181;Population 2600;2600;sample_1181;435;0.009449580831932616
1182;1182;Population 2600;2600;sample_1182;440;-0.055936741046571016
1183;1183;Population 2600;2600;sample_1183;445;0.05105795527677078
1184;1184;Population 2600;2600;sample_1184;450;-0.03630747403393407
1185;1185;Population 2600;2600;sample_1185;455;-0.0013238587722238899
1186;1186;Population 2600;2600;sample_1186;460;0.06476991766017301
1187;1187;Population 2600;2600;sample_1187;465;0.07888864748821475
1188;1188;Population 2600;2600;sample_1188;470;0.05489612668270497
1189;1189;Population 2600;2600;sample_1189;475;0.008813225596349571
1190;1190;Population 2600;2600;sample_1190;480;-0.017078809444632574
1191;1191;Population 2600;2600;sample_1191;485;0.009965443742059491
1192;1192;Population 2600;2600;sample_1192;490;0.012114803615379345
1193;1193;Population 2600;2600;sample_1193;495;-0.018758033965045884
1194;1194;Population 2600;2600;sample_1194;500;-0.04292752234120955
1195;1195;Population 2600;2600;sample_1195;505;0.008087270289959606
1196;1196;Population 2600;2600;sample_1196;510;0.0004004244796632861
1197;1197;Population 2600;2600;sample_1197;515;0.0397306155598928
1198;1198;Population 2600;2600;sample_1198;520;0.036825933777345436
1199;1199;Population 2600;2600;sample_1199;525;0.017448889383428423
1200;1200;Population 2600;2600;sample_1200;530;0.007984927975092334
1201;1201;Population 2600;2600;sample_1201;535;0.025615583127834636
1202;1202;Population 2600;2600;sample_1202;540;0.011094858546911992
1203;1203;Population 2600;2600;sample_1203;545;0.00449595459635029
1204;1204;Population 2600;2600;sample_1204;550;0.07088786845138613
1205;1205;Population 2600;2600;sample_1205;555;-0.025357593192308202
1206;1206;Population 2600;2600;sample_1206;560;0.04628813733071422
1207;1207;Population 2600;2600;sample_1207;565;0.03725837346457924
1208;1208;Population 2600;2600;sample_1208;570;-0.04812360517604113
1209;1209;Population 2600;2600;sample_1209;575;-0.035272344716708134
1210;1210;Population 2600;2600;sample_1210;580;0.012966468234380316
1211;1211;Population 2600;2600;sample_1211;585;0.010423434117153293
1212;1212;Population 2600;2600;sample_1212;590;0.007828073254703116
1213;1213;Population 2600;2600;sample_1213;595;-0.011275896376514239
1214;1214;Population 2600;2600;sample_1214;600;-0.0519397502717308
1215;1215;Population 2600;2600;sample_1215;605;-0.04769204518910703
1216;1216;Population 2600;2600;sample_1216;610;0.009727336959682063
1217;1217;Population 2600;2600;sample_1217;615;-0.09405054130280395
1218;1218;Population 2600;2600;sample_1218;620;-0.0856640747196102
1219;1219;Population 2600;2600;sample_1219;625;0.006167321626917119
1220;1220;Population 2600;2600;sample_1220;630;-0.026506981535948753
1221;1221;Population 2600;2600;sample_1221;635;0.007919648615250394
1222;1222;Population 2600;2600;sample_1222;640;0.017669516612579518
1223;1223;Population 2600;2600;sample_1223;645;0.03963300559200911
1224;1224;Population 2600;2600;sample_1224;650;0.06259145185196337
1225;1225;Population 2600;2600;sample_1225;655;0.04291999303977336
1226;1226;Population 2600;2600;sample_1226;660;-0.00547166918567036
1227;1227;Population 2600;2600;sample_1227;665;-0.0035239180424030837
1228;1228;Population 2600;2600;sample_1228;670;-0.015277519547221174
1229;1229;Population 2600;2600;sample_1229;675;-0.025131625685791102
1230;1230;Population 2600;2600;sample_1230;680;0.01958657532439776
1231;1231;Population 2600;2600;sample_1231;685;0.02070349000153278
1232;1232;Population 2600;2600;sample_1232;690;-0.009302756722740921
1233;1233;Population 2600;2600;sample_1233;695;0.044687153226965246
1234;1234;Population 2600;2600;sample_1234;700;0.03360469294460248
1235;1235;Population 2600;2600;sample_1235;705;0.019928068443084628
1236;1236;Population 2600;2600;sample_1236;710;0.04437825982704491
1237;1237;Population 2600;2600;sample_1237;715;0.004516288018663596
1238;1238;Population 2600;2600;sample_1238;720;0.0692128425347119
1239;1239;Population 2600;2600;sample_1239;725;-0.01807250013860676
1240;1240;Population 2600;2600;sample_1240;730;0.017158278130147947
1241;1241;Population 2600;2600;sample_1241;735;-0.0077730112448555575
1242;1242;Population 2600;2600;sample_1242;740;0.00996508578402111
1243;1243;Population 2600;2600;sample_1243;745;0.016102652970137406
1244;1244;Population 2600;2600;sample_1244;750;0.00910615458282877
1245;1245;Population 2600;2600;sample_1245;755;0.033964190616770494
1246;1246;Population 2600;2600;sample_1246;760;0.06464189036072278
1247;1247;Population 2600;2600;sample_1247;765;-0.009927690722787751
1248;1248;Population 2600;2600;sample_1248;770;0.06033637783873894
1249;1249;Population 2600;2600;sample_1249;775;-0.043303258538984764
1250;1250;Population 2600;2600;sample_1250;780;-0.037461745538831775
1251;1251;Population 2600;2600;sample_1251;785;0.007769229959447786
1252;1252;Population 2600;2600;sample_1252;790;0.021891966674408844
1253;1253;Population 2600;2600;sample_1253;795;-0.02466056529193078
1254;1254;Population 2600;2600;sample_1254;800;0.05112525500571727
1255;1255;Population 2600;2600;sample_1255;805;0.04166501850314305
1256;1256;Population 2600;2600;sample_1256;810;-0.0036242178943999073
1257;1257;Population 2600;2600;sample_1257;815;0.005079815433295044
1258;1258;Population 2600;2600;sample_1258;820;0.030150259402786227
1259;1259;Population 2600;2600;sample_1259;825;0.027817413147547154
1260;1260;Population 2600;2600;sample_1260;830;-0.010010878854042449
1261;1261;Population 2600;2600;sample_1261;835;0.02270039682984992
1262;1262;Population 2600;2600;sample_1262;840;0.012805698652377564
1263;1263;Population 2600;2600;sample_1263;845;-0.020579851207932237
1264;1264;Population 2600;2600;sample_1264;850;-0.028812430914919532
1265;1265;Population 2600;2600;sample_1265;855;-0.010676053664841062
1266;1266;Population 2600;2600;sample_1266;860;-0.026994724526751404
1267;1267;Population 2600;2600;sample_1267;865;0.03284273623519257
1268;1268;Population 2600;2600;sample_1268;870;0.03294208428302126
1269;1269;Population 2600;2600;sample_1269;875;-0.009009149013024563
1270;1270;Population 2600;2600;sample_1270;880;0.021108525726253498
1271;1271;Population 2600;2600;sample_1271;885;-0.023838235763783095
1272;1272;Population 2600;2600;sample_1272;890;-0.025816923182853696
1273;1273;Population 2600;2600;sample_1273;895;0.045593174076011704
1274;1274;Population 2600;2600;sample_1274;900;0.06694172438977633
1275;1275;Population 2600;2600;sample_1275;905;-0.010954588686533429
1276;1276;Population 2600;2600;sample_1276;910;-0.038483009040512516
1277;1277;Population 2600;2600;sample_1277;915;-0.01926085841927534
1278;1278;Population 2600;2600;sample_1278;920;-0.006739165455503966
1279;1279;Population 2600;2600;sample_1279;925;-0.0029129103053735805
1280;1280;Population 2600;2600;sample_1280;930;0.016758473300627515
1281;1281;Population 2600;2600;sample_1281;935;-0.025529634883934393
1282;1282;Population 2600;2600;sample_1282;940;0.02334047672027052
1283;1283;Population 2600;2600;sample_1283;945;0.023105946809894928
1284;1284;Population 2600;2600;sample_1284;950;0.007792743168213249
1285;1285;Population 2600;2600;sample_1285;955;0.011203775321460267
1286;1286;Population 2600;2600;sample_1286;960;-0.011662436044684362
1287;1287;Population 2600;2600;sample_1287;965;0.05424600190784412
1288;1288;Population 2600;2600;sample_1288;970;0.007797816279770823
1289;1289;Population 2600;2600;sample_1289;975;0.008899397531229154
1290;1290;Population 2600;2600;sample_1290;980;-0.00866870171515345
1291;1291;Population 2600;2600;sample_1291;985;0.0016335894534411422
1292;1292;Population 2600;2600;sample_1292;990;-0.007066647215730149
1293;1293;Population 2600;2600;sample_1293;995;-0.04332391207191173
1294;1294;Population 2600;2600;sample_1294;1000;0.0017403919506566866
1295;1295;Population 2600;2600;sample_1295;1005;-0.022495791875113882
1296;1296;Population 2600;2600;sample_1296;1010;-0.046526895089316185
1297;1297;Population 2600;2600;sample_1297;1015;0.0038562393259623786
1298;1298;Population 2600;2600;sample_1298;1020;0.02182012642282928
1299;1299;Population 2600;2600;sample_1299;1025;0.005378297361153685
1300;1300;Population 2600;2600;sample_1300;1030;-0.04301300599222337
1301;1301;Population 2600;2600;sample_1301;1035;-0.016527124916386797
1302;1302;Population 2600;2600;sample_1302;1040;0.02345907275467113
1303;1303;Population 2600;2600;sample_1303;1045;0.0358664631125737
1304;1304;Population 2600;2600;sample_1304;1050;0.028120306102869776
1305;1305;Population 2600;2600;sample_1305;1055;0.01754132711040254
1306;1306;Population 2600;2600;sample_1306;1060;0.06227853881672515
1307;1307;Population 2600;2600;sample_1307;1065;0.02107160316415897
1308;1308;Population 2600;2600;sample_1308;1070;0.03616120439989489
1309;1309;Population 2600;2600;sample_1309;1075;0.019727850302026253
1310;1310;Population 2600;2600;sample_1310;1080;-0.032543680148763354
1311;1311;Population 2600;2600;sample_1311;1085;-0.022930880604624778
1312;1312;Population 2600;2600;sample_1312;1090;0.04881599107155111
1313;1313;Population 2600;2600;sample_1313;1095;-0.0004943207771814679
1314;1314;Population 2600;2600;sample_1314;1100;-0.00926681105363408
1315;1315;Population 2600;2600;sample_1315;1105;-0.025896708026540205
1316;1316;Population 2600;2600;sample_1316;1110;-0.022930401163680416
1317;1317;Population 2600;2600;sample_1317;1115;-0.053561832661940555
1318;1318;Population 2600;2600;sample_1318;1120;0.004405038588194524
1319;1319;Population 2600;2600;sample_1319;1125;0.011346671482305469
1320;1320;Population 2600;2600;sample_1320;1130;-0.0026770172408500438
1321;1321;Population 2600;2600;sample_1321;1135;0.044005404939901516
1322;1322;Population 2600;2600;sample_1322;1140;0.034895844996448065
1323;1323;Population 2600;2600;sample_1323;1145;0.000328998771932477
1324;1324;Population 2600;2600;sample_1324;1150;-0.01000566815207049
1325;1325;Population 2600;2600;sample_1325;1155;-0.009258174587024213
1326;1326;Population 2600;2600;sample_1326;1160;-0.0012152356892005988
1327;1327;Population 2600;2600;sample_1327;1165;0.014206766069808374
1328;1328;Population 2600;2600;sample_1328;1170;-0.018104946172328478
1329;1329;Population 2600;2600;sample_1329;1175;-0.002935683223845116
1330;1330;Population 2600;2600;sample_1330;1180;-0.00724183309678021
1331;1331;Population 2600;2600;sample_1331;1185;0.0362104082506407
1332;1332;Population 2600;2600;sample_1332;1190;0.028306960140772754
1333;1333;Population 2600;2600;sample_1333;1195;-0.008172622333982004
1334;1334;Population 2600;2600;sample_1334;1200;0.027698748827692937
1335;1335;Population 2600;2600;sample_1335;1205;0.03460566139716118
1336;1336;Population 2600;2600;sample_1336;1210;0.012666403524538981
1337;1337;Population 2600;2600;sample_1337;1215;-0.0044382292896557405
1338;1338;Population 2600;2600;sample_1338;1220;-0.006997155266657358
1339;1339;Population 2600;2600;sample_1339;1225;-0.033606901746937236
1340;1340;Population 2600;2600;sample_1340;1230;-0.00271916869167834
1341;1341;Population 2600;2600;sample_1341;1235;-0.003498239852020108
1342;1342;Population 2600;2600;sample_1342;1240;-0.03477380290704056
1343;1343;Population 2600;2600;sample_1343;1245;0.016626236154887616
1344;1344;Population 2600;2600;sample_1344;1250;0.010687349434778164
1345;1345;Population 2600;2600;sample_1345;1255;-0.0015468714958143124
1346;1346;Population 2600;2600;sample_1346;1260;0.03962979843757421
1347;1347;Population 2600;2600;sample_1347;1265;-0.017595682091037082
1348;1348;Population 2600;2600;sample_1348;1270;0.017182494555840682
1349;1349;Population 2600;2600;sample_1349;1275;0.04965011790219506
1350;1350;Population 2600;2600;sample_1350;1280;0.0028814242784953965
1351;1351;Population 2600;2600;sample_1351;1285;-0.027681796143007732
1352;1352;Population 2600;2600;sample_1352;1290;-0.033423425796450225
1353;1353;Population 2600;2600;sample_1353;1295;0.02419619969272235
1354;1354;Population 2600;2600;sample_1354;1300;0.015657245358499442
1355;1355;Population 2600;2600;sample_1355;1305;-0.010890273342960836
1356;1356;Population 2600;2600;sample_1356;1310;-0.030726682074657317
1357;1357;Population 2600;2600;sample_1357;1315;0.031003878694070033
1358;1358;Population 2600;2600;sample_1358;1320;0.04608998632170608
1359;1359;Population 2600;2600;sample_1359;1325;0.02270781703044649
1360;1360;Population 2600;2600;sample_1360;1330;-0.0026915443749194684
1361;1361;Population 2600;2600;sample_1361;1335;-0.008088620960049628
1362;1362;Population 2600;2600;sample_1362;1340;-0.022728394388796973
1363;1363;Population 2600;2600;sample_1363;1345;0.027055594680285684
1364;1364;Population 2600;2600;sample_1364;1350;0.013650212164447626
1365;1365;Population 2600;2600;sample_1365;1355;-0.0008878879960854441
1366;1366;Population 2600;2600;sample_1366;1360;-0.010547385357357025
1367;1367;Population 2600;2600;sample_1367;1365;-0.0293405663272884
1368;1368;Population 2600;2600;sample_1368;1370;0.020483438257512452
1369;1369;Population 2600;2600;sample_1369;1375;-0.004165020262440381
1370;1370;Population 2600;2600;sample_1370;1380;-0.054047262551283136
1371;1371;Population 2600;2600;sample_1371;1385;0.027851727410451572
1372;1372;Population 2600;2600;sample_1372;1390;-0.02012390049530197
1373;1373;Population 2600;2600;sample_1373;1395;0.013902858630351414
1374;1374;Population 2600;2600;sample_1374;1400;0.020117669929809186
1375;1375;Population 2600;2600;sample_1375;1405;0.0017279418452962828
1376;1376;Population 2600;2600;sample_1376;1410;0.02733034452531962
1377;1377;Population 2600;2600;sample_1377;1415;0.0048249096528987
1378;1378;Population 2600;2600;sample_1378;1420;-0.010472154470908516
1379;1379;Population 2600;2600;sample_1379;1425;-9.759009797290487e-05
1380;1380;Population 2600;2600;sample_1380;1430;0.012726267169516253
1381;1381;Population 2600;2600;sample_1381;1435;-0.041950236182446254
1382;1382;Population 2600;2600;sample_1382;1440;-0.010993042085036795
1383;1383;Population 2600;2600;sample_1383;1445;0.060192458408287235
1384;1384;Population 2600;2600;sample_1384;1450;-0.011367772388177644
1385;1385;Population 2600;2600;sample_1385;1455;0.012335442297147945
1386;1386;Population 2600;2600;sample_1386;1460;0.02206136674536379
1387;1387;Population 2600;2600;sample_1387;1465;0.0004892220287613103
1388;1388;Population 2600;2600;sample_1388;1470;0.011524056970451863
1389;1389;Population 2600;2600;sample_1389;1475;0.0026728603758622155
1390;1390;Population 2600;2600;sample_1390;1480;0.03357373090589902
1391;1391;Population 2600;2600;sample_1391;1485;0.0131687199985855
1392;1392;Population 2600;2600;sample_1392;1490;0.009383912694138399
1393;1393;Population 2600;2600;sample_1393;1495;-0.019679999549561705
1394;1394;Population 2600;2600;sample_1394;1500;0.0307975901417325
1395;1395;Population 2600;2600;sample_1395;1505;-0.0005195724099444428
1396;1396;Population 2600;2600;sample_1396;1510;0.04310668239434492
1397;1397;Population 2600;2600;sample_1397;1515;-0.029937669126017558
1398;1398;Population 2600;2600;sample_1398;1520;0.01554310297566896
1399;1399;Population 2600;2600;sample_1399;1525;0.022657267342133056
1400;1400;Population 2600;2600;sample_1400;1530;0.017034215497831715
1401;1401;Population 2600;2600;sample_1401;1535;0.0019245965039557536
1402;1402;Population 2600;2600;sample_1402;1540;0.01999138820677516
1403;1403;Population 2600;2600;sample_1403;1545;-0.031111122489169307
1404;1404;Population 2600;2600;sample_1404;1550;-0.023359074564387388
1405;1405;Population 2600;2600;sample_1405;1555;-0.004047235979670765
1406;1406;Population 2600;2600;sample_1406;1560;0.011333372676667218
1407;1407;Population 2600;2600;sample_1407;1565;0.02644015876082585
1408;1408;Population 2600;2600;sample_1408;1570;-0.0005005935627875047
1409;1409;Population 2600;2600;sample_1409;1575;-0.03101842894589268
1410;1410;Population 2600;2600;sample_1410;1580;0.020734148154836058
1411;1411;Population 2600;2600;sample_1411;1585;0.019441633336949555
1412;1412;Population 2600;2600;sample_1412;1590;0.01459473627796705
1413;1413;Population 2600;2600;sample_1413;1595;-0.006978738170007793
1414;1414;Population 2600;2600;sample_1414;1600;-0.03156709340527119
1415;1415;Population 2600;2600;sample_1415;1605;-0.02024267542026411
1416;1416;Population 2600;2600;sample_1416;1610;0.02954812557472556
1417;1417;Population 2600;2600;sample_1417;1615;0.023653139715937223
1418;1418;Population 2600;2600;sample_1418;1620;-0.0002386525176742165
1419;1419;Population 2600;2600;sample_1419;1625;-0.02442053004729773
1420;1420;Population 2600;2600;sample_1420;1630;0.03208115915185695
1421;1421;Population 2600;2600;sample_1421;1635;0.024926454040130105
1422;1422;Population 2600;2600;sample_1422;1640;-0.006511440489434275
1423;1423;Population 2600;2600;sample_1423;1645;0.011050441857307705
1424;1424;Population 2600;2600;sample_1424;1650;-0.02212918185016822
1425;1425;Population 2600;2600;sample_1425;1655;-0.007796516552021051
1426;1426;Population 2600;2600;sample_1426;1660;0.012132976904268827
1427;1427;Population 2600;2600;sample_1427;1665;-0.012027844522159013
1428;1428;Population 2600;2600;sample_1428;1670;0.0008871281905082063
1429;1429;Population 2600;2600;sample_1429;1675;0.01597544786265848
1430;1430;Population 2600;2600;sample_1430;1680;-0.002430504690002835
1431;1431;Population 2600;2600;sample_1431;1685;-0.019591742641047776
1432;1432;Population 2600;2600;sample_1432;1690;0.03235109114723322
1433;1433;Population 2600;2600;sample_1433;1695;-0.02409833761277217
1434;1434;Population 2600;2600;sample_1434;1700;0.02269650398736525
1435;1435;Population 2600;2600;sample_1435;1705;-0.013756220651126215
1436;1436;Population 2600;2600;sample_1436;1710;0.03243000105885465
1437;1437;Population 2600;2600;sample_1437;1715;-0.006228809612875816
1438;1438;Population 2600;2600;sample_1438;1720;0.0019041067762068362
1439;1439;Population 2600;2600;sample_1439;1725;-0.020229584725595405
1440;1440;Population 2600;2600;sample_1440;1730;-0.006721416644029198
1441;1441;Population 2600;2600;sample_1441;1735;-0.0005866972569222885
1442;1442;Population 2600;2600;sample_1442;1740;-0.01793187728901647
1443;1443;Population 2600;2600;sample_1443;1745;0.014099128565021943
1444;1444;Population 2600;2600;sample_1444;1750;-0.04122878060338263
1445;1445;Population 2600;2600;sample_1445;1755;0.004061502049730195
1446;1446;Population 2600;2600;sample_1446;1760;0.0025160819281286662
1447;1447;Population 2600;2600;sample_1447;1765;0.011294492862144031
1448;1448;Population 2600;2600;sample_1448;1770;0.03060023821472481
1449;1449;Population 2600;2600;sample_1449;1775;0.038503558437220566
1450;1450;Population 2600;2600;sample_1450;1780;0.012651836544297392
1451;1451;Population 2600;2600;sample_1451;1785;0.011796737275950106
1452;1452;Population 2600;2600;sample_1452;1790;0.017131536898669725
1453;1453;Population 2600;2600;sample_1453;1795;0.026092088743582584
1454;1454;Population 2600;2600;sample_1454;1800;-0.007785665085586512
1455;1455;Population 2600;2600;sample_1455;1805;-0.012328013098440027
1456;1456;Population 2600;2600;sample_1456;1810;-0.014770874126593933
1457;1457;Population 2600;2600;sample_1457;1815;-0.003097338690551025
1458;1458;Population 2600;2600;sample_1458;1820;0.01211852271155804
1459;1459;Population 2600;2600;sample_1459;1825;0.007787138425698179
1460;1460;Population 2600;2600;sample_1460;1830;0.031422419738739535
1461;1461;Population 2600;2600;sample_1461;1835;0.025555951730494627
1462;1462;Population 2600;2600;sample_1462;1840;-0.008153732321019989
1463;1463;Population 2600;2600;sample_1463;1845;0.015456884196206349
1464;1464;Population 2600;2600;sample_1464;1850;0.025305809295695543
1465;1465;Population 2600;2600;sample_1465;1855;0.002667828788520655
1466;1466;Population 2600;2600;sample_1466;1860;0.032647832148493684
1467;1467;Population 2600;2600;sample_1467;1865;-0.002069845614350972
1468;1468;Population 2600;2600;sample_1468;1870;-0.0021286222780492674
1469;1469;Population 2600;2600;sample_1469;1875;-0.00772537114495769
1470;1470;Population 2600;2600;sample_1470;1880;-0.008206270938100418
1471;1471;Population 2600;2600;sample_1471;1885;-0.01286943365978691
1472;1472;Population 2600;2600;sample_1472;1890;0.006924428330628434
1473;1473;Population 2600;2600;sample_1473;1895;-0.009136609668404325
1474;1474;Population 2600;2600;sample_1474;1900;0.008106924890534817
1475;1475;Population 2600;2600;sample_1475;1905;0.028165538402297113
1476;1476;Population 2600;2600;sample_1476;1910;-0.0146723558651269
1477;1477;Population 2600;2600;sample_1477;1915;0.020610328422983666
1478;1478;Population 2600;2600;sample_1478;1920;-0.02485604411115792
1479;1479;Population 2600;2600;sample_1479;1925;-0.014779981832174148
1480;1480;Population 2600;2600;sample_1480;1930;-0.011176639549085406
1481;1481;Population 2600;2600;sample_1481;1935;-0.06014537821205446
1482;1482;Population 2600;2600;sample_1482;1940;-0.013885381651795458
1483;1483;Population 2600;2600;sample_1483;1945;0.03625038703911546
1484;1484;Population 2600;2600;sample_1484;1950;0.031029348017947087
1485;1485;Population 2600;2600;sample_1485;1955;0.019830037718641134
1486;1486;Population 2600;2600;sample_1486;1960;-0.020913820693014902
1487;1487;Population 2600;2600;sample_1487;1965;-0.0014432200168581172
1488;1488;Population 2600;2600;sample_1488;1970;-0.009419032016451402
1489;1489;Population 2600;2600;sample_1489;1975;0.02173259092429528
1490;1490;Population 2600;2600;sample_1490;1980;0.01268866781663881
1491;1491;Population 2600;2600;sample_1491;1985;0.021805306266262158
1492;1492;Population 2600;2600;sample_1492;1990;0.0009875136370651948
1493;1493;Population 2600;2600;sample_1493;1995;0.02288253191217234
1494;1494;Population 2600;2600;sample_1494;2000;-0.01919698156332704
1495;1495;Population 2600;2600;sample_1495;2005;0.010436709988530744
1496;1496;Population 2600;2600;sample_1496;2010;0.026617920554277613
1497;1497;Population 2600;2600;sample_1497;2015;0.03811913874536726
1498;1498;Population 2600;2600;sample_1498;2020;0.009881975127609792
1499;1499;Population 2600;2600;sample_1499;2025;-0.004790153369934
1500;1500;Population 2600;2600;sample_1500;2030;-0.007485819743183526
1501;1501;Population 2600;2600;sample_1501;2035;0.02740104210646013
1502;1502;Population 2600;2600;sample_1502;2040;-0.0027734441922023577
1503;1503;Population 2600;2600;sample_1503;2045;0.029096609378834914
1504;1504;Population 2600;2600;sample_1504;2050;-0.033918081877465665
1505;1505;Population 2600;2600;sample_1505;2055;-0.0027934253359731976
1506;1506;Population 2600;2600;sample_1506;2060;0.002078312199437366
1507;1507;Population 2600;2600;sample_1507;2065;0.0009695352069570824
1508;1508;Population 2600;2600;sample_1508;2070;0.013011310964052046
1509;1509;Population 2600;2600;sample_1509;2075;-0.010279188372754045
1510;1510;Population 2600;2600;sample_1510;2080;-0.0028135025843522865
1511;1511;Population 2600;2600;sample_1511;2085;0.0349246416411198
1512;1512;Population 2600;2600;sample_1512;2090;0.012383232163050088
1513;1513;Population 2600;2600;sample_1513;2095;0.029303988910130738
1514;1514;Population 2600;2600;sample_1514;2100;-0.03319787843665263
1515;1515;Population 2600;2600;sample_1515;2105;-0.009402542097234103
1516;1516;Population 2600;2600;sample_1516;2110;0.009723743357172583
1517;1517;Population 2600;2600;sample_1517;2115;-0.016745842006466876
1518;1518;Population 2600;2600;sample_1518;2120;0.024766350643800242
1519;1519;Population 2600;2600;sample_1519;2125;0.0198271759773599
1520;1520;Population 2600;2600;sample_1520;2130;0.02040353538704135
1521;1521;Population 2600;2600;sample_1521;2135;-0.004368252108363446
1522;1522;Population 2600;2600;sample_1522;2140;0.03140206543548011
1523;1523;Population 2600;2600;sample_1523;2145;0.001292852525518014
1524;1524;Population 2600;2600;sample_1524;2150;0.01527099104597382
1525;1525;Population 2600;2600;sample_1525;2155;-0.004656291420847569
1526;1526;Population 2600;2600;sample_1526;2160;0.003753279949871226
1527;1527;Population 2600;2600;sample_1527;2165;0.0015093184862829383
1528;1528;Population 2600;2600;sample_1528;2170;-0.020681764580932762
1529;1529;Population 2600;2600;sample_1529;2175;-0.00851411178443687
1530;1530;Population 2600;2600;sample_1530;2180;0.027861473583416983
1531;1531;Population 2600;2600;sample_1531;2185;-0.012978960707942432
1532;1532;Population 2600;2600;sample_1532;2190;0.0375551769377629
1533;1533;Population 2600;2600;sample_1533;2195;0.019637580501891294
1534;1534;Population 2600;2600;sample_1534;2200;0.0281805123636232
1535;1535;Population 2600;2600;sample_1535;2205;0.01830093238247474
1536;1536;Population 2600;2600;sample_1536;2210;0.013724738333587146
1537;1537;Population 2600;2600;sample_1537;2215;-0.00860454048182166
1538;1538;Population 2600;2600;sample_1538;2220;0.01996461557461073
1539;1539;Population 2600;2600;sample_1539;2225;0.041665334747062396
1540;1540;Population 2600;2600;sample_1540;2230;-0.026173252414154996
1541;1541;Population 2600;2600;sample_1541;2235;-0.0240374533144132
1542;1542;Population 2600;2600;sample_1542;2240;0.010016164141369813
1543;1543;Population 2600;2600;sample_1543;2245;-0.0015381013366620045
1544;1544;Population 2600;2600;sample_1544;2250;-0.010297177638524854
1545;1545;Population 2600;2600;sample_1545;2255;-0.018780392390329772
1546;1546;Population 2600;2600;sample_1546;2260;-0.007276341245073931
1547;1547;Population 2600;2600;sample_1547;2265;0.003265459712257011
1548;1548;Population 2600;2600;sample_1548;2270;-0.016373225114756355
1549;1549;Population 2600;2600;sample_1549;2275;0.0014836317528060996
1550;1550;Population 2600;2600;sample_1550;2280;0.008224580921899717
1551;1551;Population 2600;2600;sample_1551;2285;-0.0017486050222875625
1552;1552;Population 2600;2600;sample_1552;2290;-0.02725709946446366
1553;1553;Population 2600;2600;sample_1553;2295;0.003913522491356128
1554;1554;Population 2600;2600;sample_1554;2300;0.0017772703167242229
1555;1555;Population 2600;2600;sample_1555;2305;-0.009247388928569246
1556;1556;Population 2600;2600;sample_1556;2310;0.01279053744253794
1557;1557;Population 2600;2600;sample_1557;2315;0.0258037022753655
1558;1558;Population 2600;2600;sample_1558;2320;0.015094283117562331
1559;1559;Population 2600;2600;sample_1559;2325;0.018216526895606197
1560;1560;Population 2600;2600;sample_1560;2330;-0.013605552901154781
1561;1561;Population 2600;2600;sample_1561;2335;-0.025140966339675372
1562;1562;Population 2600;2600;sample_1562;2340;0.008120337446863631
1563;1563;Population 2600;2600;sample_1563;2345;0.0063683373003823
1564;1564;Population 2600;2600;sample_1564;2350;-0.011442474504565781
1565;1565;Population 2600;2600;sample_1565;2355;-0.0033659440676904848
1566;1566;Population 2600;2600;sample_1566;2360;0.020672853263808206
1567;1567;Population 2600;2600;sample_1567;2365;0.02017485263056052
1568;1568;Population 2600;2600;sample_1568;2370;0.009497680968928043
1569;1569;Population 2600;2600;sample_1569;2375;-0.02091906138556658
1570;1570;Population 2600;2600;sample_1570;2380;0.0076509037168169805
1571;1571;Population 2600;2600;sample_1571;2385;0.005038157083932422
1572;1572;Population 2600;2600;sample_1572;2390;0.002463229308014507
1573;1573;Population 2600;2600;sample_1573;2395;0.008959929326812296
1574;1574;Population 2600;2600;sample_1574;2400;0.020991188517873825
1575;1575;Population 2600;2600;sample_1575;2405;0.020947862599811157
1576;1576;Population 2600;2600;sample_1576;2410;0.020072006338728084
1577;1577;Population 2600;2600;sample_1577;2415;0.018592843456197748
1578;1578;Population 2600;2600;sample_1578;2420;0.025532443664274502
1579;1579;Population 2600;2600;sample_1579;2425;0.014991062413679842
1580;1580;Population 2600;2600;sample_1580;2430;-0.029653022844269714
1581;1581;Population 2600;2600;sample_1581;2435;-0.025787467136322725
1582;1582;Population 2600;2600;sample_1582;2440;0.004280213526359184
1583;1583;Population 2600;2600;sample_1583;2445;0.014121812287391344
1584;1584;Population 2600;2600;sample_1584;2450;0.017390229817318636
1585;1585;Population 2600;2600;sample_1585;2455;0.020389501342474088
1586;1586;Population 2600;2600;sample_1586;2460;-0.009132490782743564
1587;1587;Population 2600;2600;sample_1587;2465;-0.0062605951952242845
1588;1588;Population 2600;2600;sample_1588;2470;0.019285013822783203
1589;1589;Population 2600;2600;sample_1589;2475;0.020962227040374586
1590;1590;Population 2600;2600;sample_1590;2480;0.014038913243985337
1591;1591;Population 2600;2600;sample_1591;2485;0.009095040501491698
1592;1592;Population 2600;2600;sample_1592;2490;0.03373622430679802
1593;1593;Population 2600;2600;sample_1593;2495;-0.02751158499594238
1594;1594;Population 2600;2600;sample_1594;2500;0.023594019086080616
1595;1595;Population 2600;2600;sample_1595;2505;0.02633824690187756
1596;1596;Population 2600;2600;sample_1596;2510;-0.008818113518310258
1597;1597;Population 2600;2600;sample_1597;2515;0.009356412207589057
1598;1598;Population 2600;2600;sample_1598;2520;-0.001439134748989519
1599;1599;Population 2600;2600;sample_1599;2525;0.01896520894767319
1600;1600;Population 2600;2600;sample_1600;2530;0.0077966724715789965
1601;1601;Population 2600;2600;sample_1601;2535;0.003601990675784999
1602;1602;Population 2600;2600;sample_1602;2540;0.02293347654675547
1603;1603;Population 2600;2600;sample_1603;2545;0.0033129936061470715
1604;1604;Population 2600;2600;sample_1604;2550;0.006943837969008864
1605;1605;Population 2600;2600;sample_1605;2555;-0.01575950353661382
1606;1606;Population 2600;2600;sample_1606;2560;0.0021737043919473563
1607;1607;Population 2600;2600;sample_1607;2565;0.013438594255043308
1608;1608;Population 2600;2600;sample_1608;2570;-0.011735062572759039
1609;1609;Population 2600;2600;sample_1609;2575;0.02079019305660257
1610;1610;Population 2600;2600;sample_1610;2580;-0.009047333708829045
1611;1611;Population 2600;2600;sample_1611;2585;0.028634220364408932
1612;1612;Population 2600;2600;sample_1612;2590;0.010348022306982299
1613;1613;Population 2600;2600;sample_1613;2595;-0.002504050647156095
1614;1614;Population 3100;3100;sample_1614;5;-0.18543989145914277
1615;1615;Population 3100;3100;sample_1615;10;-0.2890347263203833
1616;1616;Population 3100;3100;sample_1616;15;-0.08786286559540894
1617;1617;Population 3100;3100;sample_1617;20;0.0968039221362835
1618;1618;Population 3100;3100;sample_1618;25;0.012040818188097763
1619;1619;Population 3100;3100;sample_1619;30;0.05464507804858543
1620;1620;Population 3100;3100;sample_1620;35;0.11394788517928782
1621;1621;Population 3100;3100;sample_1621;40;0.04315146819351966
1622;1622;Population 3100;3100;sample_1622;45;-0.24220619529335832
1623;1623;Population 3100;3100;sample_1623;50;-0.13185694294492722
1624;1624;Population 3100;3100;sample_1624;55;0.13644792199451852
1625;1625;Population 3100;3100;sample_1625;60;0.013623589082951082
1626;1626;Population 3100;3100;sample_1626;65;-0.02885993023241469
1627;1627;Population 3100;3100;sample_1627;70;0.04437743861736771
1628;1628;Population 3100;3100;sample_1628;75;0.020623182461787123
1629;1629;Population 3100;3100;sample_1629;80;0.009317557119172926
1630;1630;Population 3100;3100;sample_1630;85;0.00918808381693868
1631;1631;Population 3100;3100;sample_1631;90;0.1912733908635998
1632;1632;Population 3100;3100;sample_1632;95;-0.05262075413986539
1633;1633;Population 3100;3100;sample_1633;100;0.04334099556118339
1634;1634;Population 3100;3100;sample_1634;105;0.0566753602514676
1635;1635;Population 3100;3100;sample_1635;110;-0.04933862065089327
1636;1636;Population 3100;3100;sample_1636;115;-0.06648345207386165
1637;1637;Population 3100;3100;sample_1637;120;0.07177890175801087
1638;1638;Population 3100;3100;sample_1638;125;-0.02978353621509994
1639;1639;Population 3100;3100;sample_1639;130;0.04535430751414056
1640;1640;Population 3100;3100;sample_1640;135;-0.024740658711936547
1641;1641;Population 3100;3100;sample_1641;140;-0.049013647169081374
1642;1642;Population 3100;3100;sample_1642;145;-0.1653271157857182
1643;1643;Population 3100;3100;sample_1643;150;0.016022254204554873
1644;1644;Population 3100;3100;sample_1644;155;-0.1355996498015446
1645;1645;Population 3100;3100;sample_1645;160;-0.05293879403942283
1646;1646;Population 3100;3100;sample_1646;165;0.04171919704458617
1647;1647;Population 3100;3100;sample_1647;170;0.1126575446147623
1648;1648;Population 3100;3100;sample_1648;175;-0.14969741774587655
1649;1649;Population 3100;3100;sample_1649;180;-0.017671931341630347
1650;1650;Population 3100;3100;sample_1650;185;-0.042821971951255255
1651;1651;Population 3100;3100;sample_1651;190;-0.027568443710654426
1652;1652;Population 3100;3100;sample_1652;195;-0.01624697724344262
1653;1653;Population 3100;3100;sample_1653;200;0.015426083765686724
1654;1654;Population 3100;3100;sample_1654;205;-0.09970403894738573
1655;1655;Population 3100;3100;sample_1655;210;-0.04658506716314312
1656;1656;Population 3100;3100;sample_1656;215;-0.03830763850448194
1657;1657;Population 3100;3100;sample_1657;220;-0.019714965699265324
1658;1658;Population 3100;3100;sample_1658;225;-0.06376418101104063
1659;1659;Population 3100;3100;sample_1659;230;0.06621342682399937
1660;1660;Population 3100;3100;sample_1660;235;-0.02624475707042789
1661;1661;Population 3100;3100;sample_1661;240;0.07131821184338706
1662;1662;Population 3100;3100;sample_1662;245;0.12134148119978633
1663;1663;Population 3100;3100;sample_1663;250;0.06854937204039518
1664;1664;Population 3100;3100;sample_1664;255;0.06171291563476358
1665;1665;Population 3100;3100;sample_1665;260;-0.07130819485569112
1666;1666;Population 3100;3100;sample_1666;265;0.12603911204755502
1667;1667;Population 3100;3100;sample_1667;270;0.05968406311585927
1668;1668;Population 3100;3100;sample_1668;275;0.006662134018332383
1669;1669;Population 3100;3100;sample_1669;280;-0.015644755015524352
1670;1670;Population 3100;3100;sample_1670;285;0.029314950710658257
1671;1671;Population 3100;3100;sample_1671;290;0.06919320002841224
1672;1672;Population 3100;3100;sample_1672;295;-0.03245142756775415
1673;1673;Population 3100;3100;sample_1673;300;0.013956514212881571
1674;1674;Population 3100;3100;sample_1674;305;0.0436226718491939
1675;1675;Population 3100;3100;sample_1675;310;-0.11161413738196815
1676;1676;Population 3100;3100;sample_1676;315;-0.05945312558967194
1677;1677;Population 3100;3100;sample_1677;320;0.016041933729086997
1678;1678;Population 3100;3100;sample_1678;325;0.011888592003142505
1679;1679;Population 3100;3100;sample_1679;330;-0.03953622892423736
1680;1680;Population 3100;3100;sample_1680;335;-0.022617589238093507
1681;1681;Population 3100;3100;sample_1681;340;0.03616630401816333
1682;1682;Population 3100;3100;sample_1682;345;-0.02906502499092901
1683;1683;Population 3100;3100;sample_1683;350;-0.08734146882749419
1684;1684;Population 3100;3100;sample_1684;355;0.028259140216734174
1685;1685;Population 3100;3100;sample_1685;360;-0.02611157160865368
1686;1686;Population 3100;3100;sample_1686;365;0.011995015550292039
1687;1687;Population 3100;3100;sample_1687;370;0.012371870870584088
1688;1688;Population 3100;3100;sample_1688;375;-0.017292564029254512
1689;1689;Population 3100;3100;sample_1689;380;0.11038134820362389
1690;1690;Population 3100;3100;sample_1690;385;-0.026022301067867307
1691;1691;Population 3100;3100;sample_1691;390;-0.06121816342965169
1692;1692;Population 3100;3100;sample_1692;395;-0.024376233625091986
1693;1693;Population 3100;3100;sample_1693;400;0.004622128316003893
1694;1694;Population 3100;3100;sample_1694;405;-0.03625356148372608
1695;1695;Population 3100;3100;sample_1695;410;0.04952926456067369
1696;1696;Population 3100;3100;sample_1696;415;0.01415138838111828
1697;1697;Population 3100;3100;sample_1697;420;0.029422673243888208
1698;1698;Population 3100;3100;sample_1698;425;0.0005610858857171262
1699;1699;Population 3100;3100;sample_1699;430;-0.02537302649181991
1700;1700;Population 3100;3100;sample_1700;435;-0.015916404898234267
1701;1701;Population 3100;3100;sample_1701;440;0.056183294862827096
1702;1702;Population 3100;3100;sample_1702;445;0.009696720998192132
1703;1703;Population 3100;3100;sample_1703;450;-0.06203330309192905
1704;1704;Population 3100;3100;sample_1704;455;-0.02368421665802134
1705;1705;Population 3100;3100;sample_1705;460;0.03224696088590185
1706;1706;Population 3100;3100;sample_1706;465;-0.041943880188676896
1707;1707;Population 3100;3100;sample_1707;470;0.0005341089163893529
1708;1708;Population 3100;3100;sample_1708;475;0.04612797820653413
1709;1709;Population 3100;3100;sample_1709;480;-0.0132028413556059
1710;1710;Population 3100;3100;sample_1710;485;0.04290733275744966
1711;1711;Population 3100;3100;sample_1711;490;-0.05670924468949614
1712;1712;Population 3100;3100;sample_1712;495;-0.12440120745402163
1713;1713;Population 3100;3100;sample_1713;500;0.03042996062796105
1714;1714;Population 3100;3100;sample_1714;505;0.0448278885083595
1715;1715;Population 3100;3100;sample_1715;510;0.02037579457507985
1716;1716;Population 3100;3100;sample_1716;515;-0.01984350135820176
1717;1717;Population 3100;3100;sample_1717;520;-0.04547953494681613
1718;1718;Population 3100;3100;sample_1718;525;-0.003406707220956612
1719;1719;Population 3100;3100;sample_1719;530;-0.053627694120716
1720;1720;Population 3100;3100;sample_1720;535;-0.03403700566768901
1721;1721;Population 3100;3100;sample_1721;540;-0.042633175449731144
1722;1722;Population 3100;3100;sample_1722;545;0.030240505718776435
1723;1723;Population 3100;3100;sample_1723;550;0.014370904619863444
1724;1724;Population 3100;3100;sample_1724;555;-0.0035822703871096814
1725;1725;Population 3100;3100;sample_1725;560;-0.0030805469028301726
1726;1726;Population 3100;3100;sample_1726;565;-0.007197892660432218
1727;1727;Population 3100;3100;sample_1727;570;0.012468498651352133
1728;1728;Population 3100;3100;sample_1728;575;0.03225822413644384
1729;1729;Population 3100;3100;sample_1729;580;0.0346849430719992
1730;1730;Population 3100;3100;sample_1730;585;0.030047980398695467
1731;1731;Population 3100;3100;sample_1731;590;0.08990644518074682
1732;1732;Population 3100;3100;sample_1732;595;-0.018541551937735563
1733;1733;Population 3100;3100;sample_1733;600;0.0031791940745135665
1734;1734;Population 3100;3100;sample_1734;605;-0.038522911582796276
1735;1735;Population 3100;3100;sample_1735;610;0.010460407620970136
1736;1736;Population 3100;3100;sample_1736;615;-0.005740038656538415
1737;1737;Population 3100;3100;sample_1737;620;-0.035036224306551046
1738;1738;Population 3100;3100;sample_1738;625;-0.004691296102507047
1739;1739;Population 3100;3100;sample_1739;630;-0.03857382457722588
1740;1740;Population 3100;3100;sample_1740;635;-0.023626005614238905
1741;1741;Population 3100;3100;sample_1741;640;-0.02038077511715079
1742;1742;Population 3100;3100;sample_1742;645;-0.013214205195293125
1743;1743;Population 3100;3100;sample_1743;650;-0.002278069740091673
1744;1744;Population 3100;3100;sample_1744;655;0.007563062177768314
1745;1745;Population 3100;3100;sample_1745;660;0.01640333929618746
1746;1746;Population 3100;3100;sample_1746;665;0.07657861897897217
1747;1747;Population 3100;3100;sample_1747;670;0.005371635952405126
1748;1748;Population 3100;3100;sample_1748;675;0.04279759915786458
1749;1749;Population 3100;3100;sample_1749;680;0.06165339195191758
1750;1750;Population 3100;3100;sample_1750;685;-0.06955984718757849
1751;1751;Population 3100;3100;sample_1751;690;0.09136412491289289
1752;1752;Population 3100;3100;sample_1752;695;0.0396050511396144
1753;1753;Population 3100;3100;sample_1753;700;0.035704098160649185
1754;1754;Population 3100;3100;sample_1754;705;-0.03570207668275929
1755;1755;Population 3100;3100;sample_1755;710;0.010196459801420876
1756;1756;Population 3100;3100;sample_1756;715;-0.010571544259502444
1757;1757;Population 3100;3100;sample_1757;720;-0.0076041957515286685
1758;1758;Population 3100;3100;sample_1758;725;0.05473817493368125
1759;1759;Population 3100;3100;sample_1759;730;0.029331665079446245
1760;1760;Population 3100;3100;sample_1760;735;-0.03698740138329955
1761;1761;Population 3100;3100;sample_1761;740;0.0041186940683718126
1762;1762;Population 3100;3100;sample_1762;745;0.05218196849324363
1763;1763;Population 3100;3100;sample_1763;750;-0.09911566555580859
1764;1764;Population 3100;3100;sample_1764;755;0.11674376756354563
1765;1765;Population 3100;3100;sample_1765;760;0.017355557632527097
1766;1766;Population 3100;3100;sample_1766;765;-0.010833127987583503
1767;1767;Population 3100;3100;sample_1767;770;-0.008153943490774227
1768;1768;Population 3100;3100;sample_1768;775;-0.0031625967534845913
1769;1769;Population 3100;3100;sample_1769;780;-0.06337217072909403
1770;1770;Population 3100;3100;sample_1770;785;0.012986574461458554
1771;1771;Population 3100;3100;sample_1771;790;-0.009188552569284985
1772;1772;Population 3100;3100;sample_1772;795;-0.020268216054344354
1773;1773;Population 3100;3100;sample_1773;800;-0.030559336341116225
1774;1774;Population 3100;3100;sample_1774;805;0.05118086704947192
1775;1775;Population 3100;3100;sample_1775;810;-0.05519279379162871
1776;1776;Population 3100;3100;sample_1776;815;0.053289399393113564
1777;1777;Population 3100;3100;sample_1777;820;0.03891820284917202
1778;1778;Population 3100;3100;sample_1778;825;0.009628409797705791
1779;1779;Population 3100;3100;sample_1779;830;0.04083736854928022
1780;1780;Population 3100;3100;sample_1780;835;0.0132041766197169
1781;1781;Population 3100;3100;sample_1781;840;0.013375526005189183
1782;1782;Population 3100;3100;sample_1782;845;0.012181234901357538
1783;1783;Population 3100;3100;sample_1783;850;-0.036908869930336964
1784;1784;Population 3100;3100;sample_1784;855;-0.05650316844780683
1785;1785;Population 3100;3100;sample_1785;860;-0.015514435136070778
1786;1786;Population 3100;3100;sample_1786;865;-0.02686719199050854
1787;1787;Population 3100;3100;sample_1787;870;0.0286166131128616
1788;1788;Population 3100;3100;sample_1788;875;0.04093853178092095
1789;1789;Population 3100;3100;sample_1789;880;0.07498204322374746
1790;1790;Population 3100;3100;sample_1790;885;-0.05182451486599481
1791;1791;Population 3100;3100;sample_1791;890;0.018259291528791848
1792;1792;Population 3100;3100;sample_1792;895;0.031557344671950455
1793;1793;Population 3100;3100;sample_1793;900;0.0028127840924348528
1794;1794;Population 3100;3100;sample_1794;905;0.005775128219466909
1795;1795;Population 3100;3100;sample_1795;910;-0.018121057796295307
1796;1796;Population 3100;3100;sample_1796;915;-0.004140369048958754
1797;1797;Population 3100;3100;sample_1797;920;-0.0077972595997418855
1798;1798;Population 3100;3100;sample_1798;925;-0.005430333946030568
1799;1799;Population 3100;3100;sample_1799;930;0.03961852171159682
1800;1800;Population 3100;3100;sample_1800;935;0.034805557275826994
1801;1801;Population 3100;3100;sample_1801;940;0.015507958771256042
1802;1802;Population 3100;3100;sample_1802;945;-0.05186096642715021
1803;1803;Population 3100;3100;sample_1803;950;-0.00852358097247438
1804;1804;Population 3100;3100;sample_1804;955;0.02758825665968651
1805;1805;Population 3100;3100;sample_1805;960;0.0015414767216479607
1806;1806;Population 3100;3100;sample_1806;965;-0.001982289075556372
1807;1807;Population 3100;3100;sample_1807;970;0.07421518652723867
1808;1808;Population 3100;3100;sample_1808;975;-0.005358727104280715
1809;1809;Population 3100;3100;sample_1809;980;0.043082248419282695
1810;1810;Population 3100;3100;sample_1810;985;0.013774894487380153
1811;1811;Population 3100;3100;sample_1811;990;0.024222057247626542
1812;1812;Population 3100;3100;sample_1812;995;0.028627895751508408
1813;1813;Population 3100;3100;sample_1813;1000;-0.01506195316009094
1814;1814;Population 3100;3100;sample_1814;1005;-0.013724462880012746
1815;1815;Population 3100;3100;sample_1815;1010;-0.027401804225812586
1816;1816;Population 3100;3100;sample_1816;1015;-0.049085419725815156
1817;1817;Population 3100;3100;sample_1817;1020;-0.03453593024926635
1818;1818;Population 3100;3100;sample_1818;1025;-0.017627701938988927
1819;1819;Population 3100;3100;sample_1819;1030;-0.008260440339554245
1820;1820;Population 3100;3100;sample_1820;1035;0.014078576015646788
1821;1821;Population 3100;3100;sample_1821;1040;-0.0011754760119772184
1822;1822;Population 3100;3100;sample_1822;1045;0.03605671439354379
1823;1823;Population 3100;3100;sample_1823;1050;-0.005744596764619721
1824;1824;Population 3100;3100;sample_1824;1055;0.01332839432315011
1825;1825;Population 3100;3100;sample_1825;1060;0.00522348348325026
1826;1826;Population 3100;3100;sample_1826;1065;0.034557761898843915
1827;1827;Population 3100;3100;sample_1827;1070;0.0638540792337282
1828;1828;Population 3100;3100;sample_1828;1075;-0.03829998057454465
1829;1829;Population 3100;3100;sample_1829;1080;-0.002170241895538948
1830;1830;Population 3100;3100;sample_1830;1085;0.017582518324786856
1831;1831;Population 3100;3100;sample_1831;1090;-0.024935289496645183
1832;1832;Population 3100;3100;sample_1832;1095;0.04145251853755538
1833;1833;Population 3100;3100;sample_1833;1100;0.023902907858889676
1834;1834;Population 3100;3100;sample_1834;1105;0.013721019941653383
1835;1835;Population 3100;3100;sample_1835;1110;0.022546963640865617
1836;1836;Population 3100;3100;sample_1836;1115;-0.02557452570617471
1837;1837;Population 3100;3100;sample_1837;1120;-0.00424563620412948
1838;1838;Population 3100;3100;sample_1838;1125;0.013803554414349072
1839;1839;Population 3100;3100;sample_1839;1130;0.026312984639469125
1840;1840;Population 3100;3100;sample_1840;1135;0.053321516503401986
1841;1841;Population 3100;3100;sample_1841;1140;0.02136179921165549
1842;1842;Population 3100;3100;sample_1842;1145;-0.03310387901054715
1843;1843;Population 3100;3100;sample_1843;1150;0.018292606638617624
1844;1844;Population 3100;3100;sample_1844;1155;0.02998342036852792
1845;1845;Population 3100;3100;sample_1845;1160;0.029108942804816625
1846;1846;Population 3100;3100;sample_1846;1165;-0.0004961815684291933
1847;1847;Population 3100;3100;sample_1847;1170;-0.0019961946075934683
1848;1848;Population 3100;3100;sample_1848;1175;0.019473061818646678
1849;1849;Population 3100;3100;sample_1849;1180;0.006674166341868396
1850;1850;Population 3100;3100;sample_1850;1185;-0.019263133302911732
1851;1851;Population 3100;3100;sample_1851;1190;0.003697450470800336
1852;1852;Population 3100;3100;sample_1852;1195;-0.01381091477882891
1853;1853;Population 3100;3100;sample_1853;1200;0.03929675620739921
1854;1854;Population 3100;3100;sample_1854;1205;0.07947853604752411
1855;1855;Population 3100;3100;sample_1855;1210;0.03507494855011763
1856;1856;Population 3100;3100;sample_1856;1215;0.017118202691362033
1857;1857;Population 3100;3100;sample_1857;1220;0.038703107259439304
1858;1858;Population 3100;3100;sample_1858;1225;-0.03712309835235676
1859;1859;Population 3100;3100;sample_1859;1230;0.02864424386917504
1860;1860;Population 3100;3100;sample_1860;1235;0.030285393735582363
1861;1861;Population 3100;3100;sample_1861;1240;0.03336644857695823
1862;1862;Population 3100;3100;sample_1862;1245;-0.010741360270037357
1863;1863;Population 3100;3100;sample_1863;1250;-0.0020973620775933855
1864;1864;Population 3100;3100;sample_1864;1255;0.04555292277180447
1865;1865;Population 3100;3100;sample_1865;1260;-0.0010667576076491667
1866;1866;Population 3100;3100;sample_1866;1265;0.0228446723279216
1867;1867;Population 3100;3100;sample_1867;1270;-0.03167590130164139
1868;1868;Population 3100;3100;sample_1868;1275;0.011912801279450174
1869;1869;Population 3100;3100;sample_1869;1280;0.03663198489126895
1870;1870;Population 3100;3100;sample_1870;1285;-0.008159591767049126
1871;1871;Population 3100;3100;sample_1871;1290;0.03232987945354237
1872;1872;Population 3100;3100;sample_1872;1295;0.016438162173851013
1873;1873;Population 3100;3100;sample_1873;1300;0.02287302150660838
1874;1874;Population 3100;3100;sample_1874;1305;-0.004263284759351164
1875;1875;Population 3100;3100;sample_1875;1310;-0.00034204151870245036
1876;1876;Population 3100;3100;sample_1876;1315;0.014599933362914031
1877;1877;Population 3100;3100;sample_1877;1320;0.015627474992147655
1878;1878;Population 3100;3100;sample_1878;1325;0.008735397276548594
1879;1879;Population 3100;3100;sample_1879;1330;-0.004916220754993301
1880;1880;Population 3100;3100;sample_1880;1335;0.025494058998885977
1881;1881;Population 3100;3100;sample_1881;1340;0.023694606268981584
1882;1882;Population 3100;3100;sample_1882;1345;0.0420178209198127
1883;1883;Population 3100;3100;sample_1883;1350;0.04756710877629425
1884;1884;Population 3100;3100;sample_1884;1355;0.023043743296707678
1885;1885;Population 3100;3100;sample_1885;1360;-0.022949660292384374
1886;1886;Population 3100;3100;sample_1886;1365;0.01346644027845307
1887;1887;Population 3100;3100;sample_1887;1370;-0.0073418253004242226
1888;1888;Population 3100;3100;sample_1888;1375;-0.02849921908908199
1889;1889;Population 3100;3100;sample_1889;1380;-0.005689498881582351
1890;1890;Population 3100;3100;sample_1890;1385;0.020225479459551728
1891;1891;Population 3100;3100;sample_1891;1390;-0.032240789170729756
1892;1892;Population 3100;3100;sample_1892;1395;0.026506678478425878
1893;1893;Population 3100;3100;sample_1893;1400;-0.005710920986710859
1894;1894;Population 3100;3100;sample_1894;1405;0.03876487788075356
1895;1895;Population 3100;3100;sample_1895;1410;0.0001297306843888608
1896;1896;Population 3100;3100;sample_1896;1415;0.02536710628179219
1897;1897;Population 3100;3100;sample_1897;1420;-0.01893370738986009
1898;1898;Population 3100;3100;sample_1898;1425;0.00029755341995284647
1899;1899;Population 3100;3100;sample_1899;1430;0.032646153331485614
1900;1900;Population 3100;3100;sample_1900;1435;0.0072895460775619396
1901;1901;Population 3100;3100;sample_1901;1440;0.01873193958877602
1902;1902;Population 3100;3100;sample_1902;1445;-0.004319260495672413
1903;1903;Population 3100;3100;sample_1903;1450;0.021363235607343024
1904;1904;Population 3100;3100;sample_1904;1455;0.015534351880848889
1905;1905;Population 3100;3100;sample_1905;1460;0.012389772115595927
1906;1906;Population 3100;3100;sample_1906;1465;0.018794130313137227
1907;1907;Population 3100;3100;sample_1907;1470;-0.02118451067329304
1908;1908;Population 3100;3100;sample_1908;1475;0.02233502701753067
1909;1909;Population 3100;3100;sample_1909;1480;0.040676698086281035
1910;1910;Population 3100;3100;sample_1910;1485;0.015442091081003964
1911;1911;Population 3100;3100;sample_1911;1490;-0.0011339924225071106
1912;1912;Population 3100;3100;sample_1912;1495;-0.009514806263475175
1913;1913;Population 3100;3100;sample_1913;1500;-0.009918823517983677
1914;1914;Population 3100;3100;sample_1914;1505;0.03741124569440815
1915;1915;Population 3100;3100;sample_1915;1510;0.005321434822598867
1916;1916;Population 3100;3100;sample_1916;1515;0.008197077644620162
1917;1917;Population 3100;3100;sample_1917;1520;-0.008055983247051968
1918;1918;Population 3100;3100;sample_1918;1525;-0.003640731781543501
1919;1919;Population 3100;3100;sample_1919;1530;0.012440813717200195
1920;1920;Population 3100;3100;sample_1920;1535;-0.0248650329205825
1921;1921;Population 3100;3100;sample_1921;1540;0.012572098723943716
1922;1922;Population 3100;3100;sample_1922;1545;-0.022749493245883334
1923;1923;Population 3100;3100;sample_1923;1550;0.0068096886577759435
1924;1924;Population 3100;3100;sample_1924;1555;0.022177101363374172
1925;1925;Population 3100;3100;sample_1925;1560;-0.022290369706562552
1926;1926;Population 3100;3100;sample_1926;1565;-0.0028046847404813928
1927;1927;Population 3100;3100;sample_1927;1570;0.019688333415973536
1928;1928;Population 3100;3100;sample_1928;1575;0.046802545167195606
1929;1929;Population 3100;3100;sample_1929;1580;-0.001668865995954307
1930;1930;Population 3100;3100;sample_1930;1585;0.019699223186992125
1931;1931;Population 3100;3100;sample_1931;1590;-0.03630746889216822
1932;1932;Population 3100;3100;sample_1932;1595;0.014869688777009846
1933;1933;Population 3100;3100;sample_1933;1600;-0.008652882553538806
1934;1934;Population 3100;3100;sample_1934;1605;0.024600914554665915
1935;1935;Population 3100;3100;sample_1935;1610;-0.003872956418988995
1936;1936;Population 3100;3100;sample_1936;1615;0.04210662408010121
1937;1937;Population 3100;3100;sample_1937;1620;0.020226817050774965
1938;1938;Population 3100;3100;sample_1938;1625;0.021053081590670566
1939;1939;Population 3100;3100;sample_1939;1630;0.013294279761957538
1940;1940;Population 3100;3100;sample_1940;1635;0.020085792777140798
1941;1941;Population 3100;3100;sample_1941;1640;0.006956445187701619
1942;1942;Population 3100;3100;sample_1942;1645;0.006579470890645744
1943;1943;Population 3100;3100;sample_1943;1650;0.007156246191413503
1944;1944;Population 3100;3100;sample_1944;1655;0.016860681836189977
1945;1945;Population 3100;3100;sample_1945;1660;0.011239800778188414
1946;1946;Population 3100;3100;sample_1946;1665;-0.000324829224865181
1947;1947;Population 3100;3100;sample_1947;1670;0.03682534028490071
1948;1948;Population 3100;3100;sample_1948;1675;-0.021172612461345924
1949;1949;Population 3100;3100;sample_1949;1680;0.03661333447501055
1950;1950;Population 3100;3100;sample_1950;1685;0.038317348725794335
1951;1951;Population 3100;3100;sample_1951;1690;0.01852088356474119
1952;1952;Population 3100;3100;sample_1952;1695;-0.004310363615018466
1953;1953;Population 3100;3100;sample_1953;1700;0.0023024869468031574
1954;1954;Population 3100;3100;sample_1954;1705;0.017880558120900194
1955;1955;Population 3100;3100;sample_1955;1710;-0.021050230942486904
1956;1956;Population 3100;3100;sample_1956;1715;0.03433135494073334
1957;1957;Population 3100;3100;sample_1957;1720;0.003533976609579377
1958;1958;Population 3100;3100;sample_1958;1725;0.0024349427511925143
1959;1959;Population 3100;3100;sample_1959;1730;0.006418466141115361
1960;1960;Population 3100;3100;sample_1960;1735;0.013061907675684038
1961;1961;Population 3100;3100;sample_1961;1740;0.017131048110474903
1962;1962;Population 3100;3100;sample_1962;1745;0.014887201988748166
1963;1963;Population 3100;3100;sample_1963;1750;0.01053981201336104
1964;1964;Population 3100;3100;sample_1964;1755;0.057364145988978724
1965;1965;Population 3100;3100;sample_1965;1760;0.0391719500911124
1966;1966;Population 3100;3100;sample_1966;1765;0.0326175707723462
1967;1967;Population 3100;3100;sample_1967;1770;0.018234481701598443
1968;1968;Population 3100;3100;sample_1968;1775;0.014063435882453028
1969;1969;Population 3100;3100;sample_1969;1780;0.01139693976537728
1970;1970;Population 3100;3100;sample_1970;1785;0.006712979211894118
1971;1971;Population 3100;3100;sample_1971;1790;0.018229593869066904
1972;1972;Population 3100;3100;sample_1972;1795;-0.0053001069717303765
1973;1973;Population 3100;3100;sample_1973;1800;0.012737646943598338
1974;1974;Population 3100;3100;sample_1974;1805;0.002798736309270227
1975;1975;Population 3100;3100;sample_1975;1810;0.007909221673601587
1976;1976;Population 3100;3100;sample_1976;1815;0.008763822182846586
1977;1977;Population 3100;3100;sample_1977;1820;0.006767209463658098
1978;1978;Population 3100;3100;sample_1978;1825;-0.008558150734329936
1979;1979;Population 3100;3100;sample_1979;1830;-0.002050975287726244
1980;1980;Population 3100;3100;sample_1980;1835;-0.010387595579909255
1981;1981;Population 3100;3100;sample_1981;1840;-0.020852972309517884
1982;1982;Population 3100;3100;sample_1982;1845;0.011740018551346296
1983;1983;Population 3100;3100;sample_1983;1850;-0.006973653420713485
1984;1984;Population 3100;3100;sample_1984;1855;-0.007597614364447626
1985;1985;Population 3100;3100;sample_1985;1860;-0.022577584074994238
1986;1986;Population 3100;3100;sample_1986;1865;-0.022326574953127083
1987;1987;Population 3100;3100;sample_1987;1870;0.008718553930319109
1988;1988;Population 3100;3100;sample_1988;1875;0.02732394902788968
1989;1989;Population 3100;3100;sample_1989;1880;0.0009478402128145017
1990;1990;Population 3100;3100;sample_1990;1885;-0.018124635126383577
1991;1991;Population 3100;3100;sample_1991;1890;0.00666654527926864
1992;1992;Population 3100;3100;sample_1992;1895;0.007476672728204447
1993;1993;Population 3100;3100;sample_1993;1900;-0.008847841550009524
1994;1994;Population 3100;3100;sample_1994;1905;-0.0068767426083975606
1995;1995;Population 3100;3100;sample_1995;1910;0.026670007057192028
1996;1996;Population 3100;3100;sample_1996;1915;0.008176268849487786
1997;1997;Population 3100;3100;sample_1997;1920;-0.013633287994678809
1998;1998;Population 3100;3100;sample_1998;1925;0.010365654127725743
1999;1999;Population 3100;3100;sample_1999;1930;0.010098830161579553
2000;2000;Population 3100;3100;sample_2000;1935;0.00908031087677175
2001;2001;Population 3100;3100;sample_2001;1940;0.02957355429162678
2002;2002;Population 3100;3100;sample_2002;1945;-0.013328110170603034
2003;2003;Population 3100;3100;sample_2003;1950;0.004042457232302818
2004;2004;Population 3100;3100;sample_2004;1955;0.022276072645720093
2005;2005;Population 3100;3100;sample_2005;1960;0.041382639339055796
2006;2006;Population 3100;3100;sample_2006;1965;-0.02652092655718899
2007;2007;Population 3100;3100;sample_2007;1970;0.02427928494345349
2008;2008;Population 3100;3100;sample_2008;1975;0.05413148939671318
2009;2009;Population 3100;3100;sample_2009;1980;-0.004222101382028882
2010;2010;Population 3100;3100;sample_2010;1985;-0.0068469994130257485
2011;2011;Population 3100;3100;sample_2011;1990;-0.008210310877111297
2012;2012;Population 3100;3100;sample_2012;1995;0.024881633748238208
2013;2013;Population 3100;3100;sample_2013;2000;0.01133086240977662
2014;2014;Population 3100;3100;sample_2014;2005;0.011192856725595725
2015;2015;Population 3100;3100;sample_2015;2010;-0.0037223163325199133
2016;2016;Population 3100;3100;sample_2016;2015;0.019069227857019436
2017;2017;Population 3100;3100;sample_2017;2020;0.030617495156068944
2018;2018;Population 3100;3100;sample_2018;2025;0.01300311985209357
2019;2019;Population 3100;3100;sample_2019;2030;0.022143948013444367
2020;2020;Population 3100;3100;sample_2020;2035;0.031721975157374044
2021;2021;Population 3100;3100;sample_2021;2040;0.015631629283562144
2022;2022;Population 3100;3100;sample_2022;2045;0.004788315192848596
2023;2023;Population 3100;3100;sample_2023;2050;0.02836641360492566
2024;2024;Population 3100;3100;sample_2024;2055;0.025312988294952654
2025;2025;Population 3100;3100;sample_2025;2060;0.007479346041067534
2026;2026;Population 3100;3100;sample_2026;2065;0.014855256904960435
2027;2027;Population 3100;3100;sample_2027;2070;0.015329356985667208
2028;2028;Population 3100;3100;sample_2028;2075;0.0046767579541615095
2029;2029;Population 3100;3100;sample_2029;2080;0.01699214767443285
2030;2030;Population 3100;3100;sample_2030;2085;0.009419683724348418
2031;2031;Population 3100;3100;sample_2031;2090;-0.033235459253100924
2032;2032;Population 3100;3100;sample_2032;2095;0.04185093028229287
2033;2033;Population 3100;3100;sample_2033;2100;0.03154099704937243
2034;2034;Population 3100;3100;sample_2034;2105;0.01360883090168531
2035;2035;Population 3100;3100;sample_2035;2110;0.0038433215847178
2036;2036;Population 3100;3100;sample_2036;2115;0.00554635243261209
2037;2037;Population 3100;3100;sample_2037;2120;0.02197412017073852
2038;2038;Population 3100;3100;sample_2038;2125;0.006543913201187506
2039;2039;Population 3100;3100;sample_2039;2130;-0.023250803723434618
2040;2040;Population 3100;3100;sample_2040;2135;0.01851350856553644
2041;2041;Population 3100;3100;sample_2041;2140;0.014334928792132341
2042;2042;Population 3100;3100;sample_2042;2145;0.0075788530059674305
2043;2043;Population 3100;3100;sample_2043;2150;0.010740683316244101
2044;2044;Population 3100;3100;sample_2044;2155;-0.03426898644044989
2045;2045;Population 3100;3100;sample_2045;2160;-0.004345008501024904
2046;2046;Population 3100;3100;sample_2046;2165;-0.00271273618814016
2047;2047;Population 3100;3100;sample_2047;2170;0.01740461217237103
2048;2048;Population 3100;3100;sample_2048;2175;6.0459728143921824e-05
2049;2049;Population 3100;3100;sample_2049;2180;0.012901325819926458
2050;2050;Population 3100;3100;sample_2050;2185;-0.03116141928514461
2051;2051;Population 3100;3100;sample_2051;2190;-0.007333471385125509
2052;2052;Population 3100;3100;sample_2052;2195;-0.008039224036175652
2053;2053;Population 3100;3100;sample_2053;2200;-0.01106555586144822
2054;2054;Population 3100;3100;sample_2054;2205;0.010985695764331699
2055;2055;Population 3100;3100;sample_2055;2210;-0.006094549927828278
2056;2056;Population 3100;3100;sample_2056;2215;-0.014140065450421622
2057;2057;Population 3100;3100;sample_2057;2220;-0.030649609487163672
2058;2058;Population 3100;3100;sample_2058;2225;-0.01839258639458882
2059;2059;Population 3100;3100;sample_2059;2230;0.01355270166095117
2060;2060;Population 3100;3100;sample_2060;2235;0.03206498070277437
2061;2061;Population 3100;3100;sample_2061;2240;-0.011803786648431411
2062;2062;Population 3100;3100;sample_2062;2245;-0.0391430433550866
2063;2063;Population 3100;3100;sample_2063;2250;-0.005932220613708243
2064;2064;Population 3100;3100;sample_2064;2255;0.009530066046700276
2065;2065;Population 3100;3100;sample_2065;2260;0.0013670348300513105
2066;2066;Population 3100;3100;sample_2066;2265;-0.002843882402948097
2067;2067;Population 3100;3100;sample_2067;2270;0.02604536912095508
2068;2068;Population 3100;3100;sample_2068;2275;-0.012974611108984053
2069;2069;Population 3100;3100;sample_2069;2280;0.03652843909488806
2070;2070;Population 3100;3100;sample_2070;2285;-0.0035231103426154823
2071;2071;Population 3100;3100;sample_2071;2290;0.024096930528675925
2072;2072;Population 3100;3100;sample_2072;2295;0.017160236047816663
2073;2073;Population 3100;3100;sample_2073;2300;0.002700178104175366
2074;2074;Population 3100;3100;sample_2074;2305;-0.002510674555045622
2075;2075;Population 3100;3100;sample_2075;2310;0.02320948776475798
2076;2076;Population 3100;3100;sample_2076;2315;0.0006922658363988712
2077;2077;Population 3100;3100;sample_2077;2320;-0.004059063354392728
2078;2078;Population 3100;3100;sample_2078;2325;0.01486612775338869
2079;2079;Population 3100;3100;sample_2079;2330;-0.0021412555914623018
2080;2080;Population 3100;3100;sample_2080;2335;0.005610144039386619
2081;2081;Population 3100;3100;sample_2081;2340;0.03783065010456312
2082;2082;Population 3100;3100;sample_2082;2345;-0.008554695022567695
2083;2083;Population 3100;3100;sample_2083;2350;0.027222446299317388
2084;2084;Population 3100;3100;sample_2084;2355;-0.00704906393939264
2085;2085;Population 3100;3100;sample_2085;2360;0.008141306902219432
2086;2086;Population 3100;3100;sample_2086;2365;-0.011279202231920188
2087;2087;Population 3100;3100;sample_2087;2370;-0.021516036857140368
2088;2088;Population 3100;3100;sample_2088;2375;-0.006711672342589654
2089;2089;Population 3100;3100;sample_2089;2380;0.03255128071835343
2090;2090;Population 3100;3100;sample_2090;2385;-0.014620457726025623
2091;2091;Population 3100;3100;sample_2091;2390;0.016215169941065116
2092;2092;Population 3100;3100;sample_2092;2395;0.00492644936342487
2093;2093;Population 3100;3100;sample_2093;2400;0.005808811919019372
2094;2094;Population 3100;3100;sample_2094;2405;-0.02745863677231595
2095;2095;Population 3100;3100;sample_2095;2410;0.015097003346191993
2096;2096;Population 3100;3100;sample_2096;2415;0.016939615893337447
2097;2097;Population 3100;3100;sample_2097;2420;-0.0029973498596017225
2098;2098;Population 3100;3100;sample_2098;2425;0.054053469058475384
2099;2099;Population 3100;3100;sample_2099;2430;-0.003019754008462824
2100;2100;Population 3100;3100;sample_2100;2435;-0.014881154898188599
2101;2101;Population 3100;3100;sample_2101;2440;0.004700676675092359
2102;2102;Population 3100;3100;sample_2102;2445;-0.017389811919303538
2103;2103;Population 3100;3100;sample_2103;2450;0.04284318356437102
2104;2104;Population 3100;3100;sample_2104;2455;-0.025715529156823437
2105;2105;Population 3100;3100;sample_2105;2460;-0.0024659909587979698
2106;2106;Population 3100;3100;sample_2106;2465;0.003252933086430417
2107;2107;Population 3100;3100;sample_2107;2470;0.017444495502593523
2108;2108;Population 3100;3100;sample_2108;2475;0.01095330960538813
2109;2109;Population 3100;3100;sample_2109;2480;-0.014813038639256369
2110;2110;Population 3100;3100;sample_2110;2485;-0.015106543666596766
2111;2111;Population 3100;3100;sample_2111;2490;-0.00787224162160697
2112;2112;Population 3100;3100;sample_2112;2495;-0.006824584811730524
2113;2113;Population 3100;3100;sample_2113;2500;-0.013249871694500393
2114;2114;Population 3100;3100;sample_2114;2505;0.02106098770403007
2115;2115;Population 3100;3100;sample_2115;2510;-0.01795754528298866
2116;2116;Population 3100;3100;sample_2116;2515;-0.009895955037475075
2117;2117;Population 3100;3100;sample_2117;2520;-0.014497836686599135
2118;2118;Population 3100;3100;sample_2118;2525;-0.007586917379727244
2119;2119;Population 3100;3100;sample_2119;2530;0.005751083456931633
2120;2120;Population 3100;3100;sample_2120;2535;-0.017712669631967905
2121;2121;Population 3100;3100;sample_2121;2540;-0.00492847043872431
2122;2122;Population 3100;3100;sample_2122;2545;-0.0015995709957251953
2123;2123;Population 3100;3100;sample_2123;2550;-0.005629512663415042
2124;2124;Population 3100;3100;sample_2124;2555;-0.0008826686372577883
2125;2125;Population 3100;3100;sample_2125;2560;0.015137939389642977
2126;2126;Population 3100;3100;sample_2126;2565;0.01067835315051109
2127;2127;Population 3100;3100;sample_2127;2570;0.015433244021995507
2128;2128;Population 3100;3100;sample_2128;2575;0.0011621363422879354
2129;2129;Population 3100;3100;sample_2129;2580;-0.00424160116745197
2130;2130;Population 3100;3100;sample_2130;2585;0.016864984243133888
2131;2131;Population 3100;3100;sample_2131;2590;0.022385204717623317
2132;2132;Population 3100;3100;sample_2132;2595;0.02048563506902976
2133;2133;Population 3100;3100;sample_2133;2600;0.024181267260719123
2134;2134;Population 3100;3100;sample_2134;2605;0.02445020200885011
2135;2135;Population 3100;3100;sample_2135;2610;0.0005350830915246653
2136;2136;Population 3100;3100;sample_2136;2615;0.002199796992438589
2137;2137;Population 3100;3100;sample_2137;2620;0.0037692238366435543
2138;2138;Population 3100;3100;sample_2138;2625;0.020352551118520128
2139;2139;Population 3100;3100;sample_2139;2630;-0.0067283967435131835
2140;2140;Population 3100;3100;sample_2140;2635;-0.007317920639372514
2141;2141;Population 3100;3100;sample_2141;2640;0.019302881432664596
2142;2142;Population 3100;3100;sample_2142;2645;-0.0023918781233461636
2143;2143;Population 3100;3100;sample_2143;2650;0.0224440232254357
2144;2144;Population 3100;3100;sample_2144;2655;-0.025568572862835898
2145;2145;Population 3100;3100;sample_2145;2660;-0.027263579146819678
2146;2146;Population 3100;3100;sample_2146;2665;0.029800144096440218
2147;2147;Population 3100;3100;sample_2147;2670;0.03058523064861646
2148;2148;Population 3100;3100;sample_2148;2675;-0.007976686441790204
2149;2149;Population 3100;3100;sample_2149;2680;-0.02125485949188002
2150;2150;Population 3100;3100;sample_2150;2685;0.006309738447409023
2151;2151;Population 3100;3100;sample_2151;2690;0.02916332950373531
2152;2152;Population 3100;3100;sample_2152;2695;0.0027470294338134906
2153;2153;Population 3100;3100;sample_2153;2700;-0.004727228079115685
2154;2154;Population 3100;3100;sample_2154;2705;0.012837940111493962
2155;2155;Population 3100;3100;sample_2155;2710;0.01887800416200133
2156;2156;Population 3100;3100;sample_2156;2715;0.004050037584849466
2157;2157;Population 3100;3100;sample_2157;2720;0.00949549465919104
2158;2158;Population 3100;3100;sample_2158;2725;0.029341929789554005
2159;2159;Population 3100;3100;sample_2159;2730;0.00734912405370325
2160;2160;Population 3100;3100;sample_2160;2735;-0.007761994583165495
2161;2161;Population 3100;3100;sample_2161;2740;0.005257979813781289
2162;2162;Population 3100;3100;sample_2162;2745;-0.008859157718257925
2163;2163;Population 3100;3100;sample_2163;2750;0.004863570765376815
2164;2164;Population 3100;3100;sample_2164;2755;0.011691646477652444
2165;2165;Population 3100;3100;sample_2165;2760;-0.0008006826916064856
2166;2166;Population 3100;3100;sample_2166;2765;-0.008852261482092547
2167;2167;Population 3100;3100;sample_2167;2770;0.0023446079679143817
2168;2168;Population 3100;3100;sample_2168;2775;0.010127351224753368
2169;2169;Population 3100;3100;sample_2169;2780;0.0025798738895160193
2170;2170;Population 3100;3100;sample_2170;2785;-0.0020050941639082522
2171;2171;Population 3100;3100;sample_2171;2790;0.0003661443954946649
2172;2172;Population 3100;3100;sample_2172;2795;-0.001767264935609843
2173;2173;Population 3100;3100;sample_2173;2800;0.002551871131420017
2174;2174;Population 3100;3100;sample_2174;2805;-0.014585670450164146
2175;2175;Population 3100;3100;sample_2175;2810;0.01113310162955738
2176;2176;Population 3100;3100;sample_2176;2815;0.023693323474119298
2177;2177;Population 3100;3100;sample_2177;2820;-0.0039560440483546
2178;2178;Population 3100;3100;sample_2178;2825;-0.012331550638951144
2179;2179;Population 3100;3100;sample_2179;2830;-0.008782929359953763
2180;2180;Population 3100;3100;sample_2180;2835;0.01082178876879608
2181;2181;Population 3100;3100;sample_2181;2840;0.024013537934457718
2182;2182;Population 3100;3100;sample_2182;2845;0.0073806019407131294
2183;2183;Population 3100;3100;sample_2183;2850;0.009154118502116957
2184;2184;Population 3100;3100;sample_2184;2855;0.00803426991036762
2185;2185;Population 3100;3100;sample_2185;2860;0.0028356743077945917
2186;2186;Population 3100;3100;sample_2186;2865;-0.0022754066527507803
2187;2187;Population 3100;3100;sample_2187;2870;-0.006636727240271775
2188;2188;Population 3100;3100;sample_2188;2875;-0.007425749270210742
2189;2189;Population 3100;3100;sample_2189;2880;-0.001429672581340074
2190;2190;Population 3100;3100;sample_2190;2885;0.031094566908810583
2191;2191;Population 3100;3100;sample_2191;2890;-0.00871401957653266
2192;2192;Population 3100;3100;sample_2192;2895;-0.009247285319975963
2193;2193;Population 3100;3100;sample_2193;2900;0.013847726992730375
2194;2194;Population 3100;3100;sample_2194;2905;0.018430185533155924
2195;2195;Population 3100;3100;sample_2195;2910;0.018599436496979253
2196;2196;Population 3100;3100;sample_2196;2915;0.003373899303132265
2197;2197;Population 3100;3100;sample_2197;2920;0.02060354168032584
2198;2198;Population 3100;3100;sample_2198;2925;0.010992799801002711
2199;2199;Population 3100;3100;sample_2199;2930;0.025961926644811506
2200;2200;Population 3100;3100;sample_2200;2935;0.003027999717183778
2201;2201;Population 3100;3100;sample_2201;2940;-0.02415922220260997
2202;2202;Population 3100;3100;sample_2202;2945;0.008938817050219755
2203;2203;Population 3100;3100;sample_2203;2950;0.006420909863199809
2204;2204;Population 3100;3100;sample_2204;2955;0.0013521279993741857
2205;2205;Population 3100;3100;sample_2205;2960;0.025972483651575704
2206;2206;Population 3100;3100;sample_2206;2965;0.012662393610663136
2207;2207;Population 3100;3100;sample_2207;2970;0.014218644610630746
2208;2208;Population 3100;3100;sample_2208;2975;0.01549236218160797
2209;2209;Population 3100;3100;sample_2209;2980;-0.0007806530340518401
2210;2210;Population 3100;3100;sample_2210;2985;0.01379752865592209
2211;2211;Population 3100;3100;sample_2211;2990;-0.012325865706321543
2212;2212;Population 3100;3100;sample_2212;2995;0.01851368569201964
2213;2213;Population 3100;3100;sample_2213;3000;0.027650235470765082
2214;2214;Population 3100;3100;sample_2214;3005;0.0022518354588411385
2215;2215;Population 3100;3100;sample_2215;3010;-0.0017389075686435956
2216;2216;Population 3100;3100;sample_2216;3015;0.01526964469099452
2217;2217;Population 3100;3100;sample_2217;3020;0.000349936331245489
2218;2218;Population 3100;3100;sample_2218;3025;-0.010947565345491354
2219;2219;Population 3100;3100;sample_2219;3030;0.01433907254972199
2220;2220;Population 3100;3100;sample_2220;3035;0.015449423071389214
2221;2221;Population 3100;3100;sample_2221;3040;-0.03568778599668792
2222;2222;Population 3100;3100;sample_2222;3045;0.03155259838083082
2223;2223;Population 3100;3100;sample_2223;3050;0.020639986387129366
2224;2224;Population 3100;3100;sample_2224;3055;-0.0010586285081240778
2225;2225;Population 3100;3100;sample_2225;3060;0.011226787410575218
2226;2226;Population 3100;3100;sample_2226;3065;-0.006967988585297913
2227;2227;Population 3100;3100;sample_2227;3070;-0.020876917425977443
2228;2228;Population 3100;3100;sample_2228;3075;0.010671122619334809
2229;2229;Population 3100;3100;sample_2229;3080;0.02515486888422786
2230;2230;Population 3100;3100;sample_2230;3085;-0.013704692704983505
2231;2231;Population 3100;3100;sample_2231;3090;-0.01224823341862821
2232;2232;Population 3100;3100;sample_2232;3095;-0.009568166937875405
2233;2233;Population 3600;3600;sample_2233;5;0.6729699098064961
2234;2234;Population 3600;3600;sample_2234;10;-0.06573740457194936
2235;2235;Population 3600;3600;sample_2235;15;0.2305894376405813
2236;2236;Population 3600;3600;sample_2236;20;0.198552884431433
2237;2237;Population 3600;3600;sample_2237;25;-0.21159313546310232
2238;2238;Population 3600;3600;sample_2238;30;0.2573968747665334
2239;2239;Population 3600;3600;sample_2239;35;0.049140044191415835
2240;2240;Population 3600;3600;sample_2240;40;-0.02920063494584524
2241;2241;Population 3600;3600;sample_2241;45;-0.08350545351345649
2242;2242;Population 3600;3600;sample_2242;50;0.322625933698058
2243;2243;Population 3600;3600;sample_2243;55;-0.18004104070678675
2244;2244;Population 3600;3600;sample_2244;60;0.1119894868780885
2245;2245;Population 3600;3600;sample_2245;65;0.0010054141750956605
2246;2246;Population 3600;3600;sample_2246;70;-0.032391079733356684
2247;2247;Population 3600;3600;sample_2247;75;-0.09378495202994566
2248;2248;Population 3600;3600;sample_2248;80;-0.14920545822056472
2249;2249;Population 3600;3600;sample_2249;85;0.0114861610603633
2250;2250;Population 3600;3600;sample_2250;90;-0.0625587557331582
2251;2251;Population 3600;3600;sample_2251;95;0.04433166030073123
2252;2252;Population 3600;3600;sample_2252;100;0.07408931229654701
2253;2253;Population 3600;3600;sample_2253;105;0.1270927590908719
2254;2254;Population 3600;3600;sample_2254;110;0.07812797867472623
2255;2255;Population 3600;3600;sample_2255;115;-0.15383816818085716
2256;2256;Population 3600;3600;sample_2256;120;-0.045114610076489
2257;2257;Population 3600;3600;sample_2257;125;0.09374084468924337
2258;2258;Population 3600;3600;sample_2258;130;-0.15075247839438963
2259;2259;Population 3600;3600;sample_2259;135;0.11478826349938717
2260;2260;Population 3600;3600;sample_2260;140;0.05271088202929262
2261;2261;Population 3600;3600;sample_2261;145;-0.09007420316239204
2262;2262;Population 3600;3600;sample_2262;150;-0.03757727857793628
2263;2263;Population 3600;3600;sample_2263;155;0.09912614042107108
2264;2264;Population 3600;3600;sample_2264;160;0.03922222808378477
2265;2265;Population 3600;3600;sample_2265;165;0.034231089513360825
2266;2266;Population 3600;3600;sample_2266;170;0.04194130490685603
2267;2267;Population 3600;3600;sample_2267;175;-0.004421355082449381
2268;2268;Population 3600;3600;sample_2268;180;-0.09015404369048158
2269;2269;Population 3600;3600;sample_2269;185;-0.05804674083078482
2270;2270;Population 3600;3600;sample_2270;190;-0.09616967226955145
2271;2271;Population 3600;3600;sample_2271;195;-0.11479121296387072
2272;2272;Population 3600;3600;sample_2272;200;-0.004121076420142149
2273;2273;Population 3600;3600;sample_2273;205;-0.03983447741730315
2274;2274;Population 3600;3600;sample_2274;210;-0.02758131007413341
2275;2275;Population 3600;3600;sample_2275;215;0.024976527428560758
2276;2276;Population 3600;3600;sample_2276;220;-0.1302185971622029
2277;2277;Population 3600;3600;sample_2277;225;0.015220577007362134
2278;2278;Population 3600;3600;sample_2278;230;0.00130050292641534
2279;2279;Population 3600;3600;sample_2279;235;0.012239240806841616
2280;2280;Population 3600;3600;sample_2280;240;0.09120704892384011
2281;2281;Population 3600;3600;sample_2281;245;0.028703652572353005
2282;2282;Population 3600;3600;sample_2282;250;0.1381825061033724
2283;2283;Population 3600;3600;sample_2283;255;-0.023710045242524475
2284;2284;Population 3600;3600;sample_2284;260;0.01799335427154324
2285;2285;Population 3600;3600;sample_2285;265;-0.003374085607865891
2286;2286;Population 3600;3600;sample_2286;270;0.03418964978859674
2287;2287;Population 3600;3600;sample_2287;275;0.03034506917426196
2288;2288;Population 3600;3600;sample_2288;280;-0.015818131230054513
2289;2289;Population 3600;3600;sample_2289;285;0.007296724988979252
2290;2290;Population 3600;3600;sample_2290;290;0.10040463062448357
2291;2291;Population 3600;3600;sample_2291;295;0.060980451004967774
2292;2292;Population 3600;3600;sample_2292;300;-0.055907945262290114
2293;2293;Population 3600;3600;sample_2293;305;0.05212529349997735
2294;2294;Population 3600;3600;sample_2294;310;-0.05894083110288099
2295;2295;Population 3600;3600;sample_2295;315;-0.10556113870977427
2296;2296;Population 3600;3600;sample_2296;320;0.012602297041594112
2297;2297;Population 3600;3600;sample_2297;325;0.07502239999737129
2298;2298;Population 3600;3600;sample_2298;330;-0.026090148876911037
2299;2299;Population 3600;3600;sample_2299;335;0.15059023841340544
2300;2300;Population 3600;3600;sample_2300;340;-0.018766645562703133
2301;2301;Population 3600;3600;sample_2301;345;-0.01676680578823011
2302;2302;Population 3600;3600;sample_2302;350;0.016768420587016376
2303;2303;Population 3600;3600;sample_2303;355;0.1120404366506152
2304;2304;Population 3600;3600;sample_2304;360;-0.01643581690718697
2305;2305;Population 3600;3600;sample_2305;365;0.06254353636550185
2306;2306;Population 3600;3600;sample_2306;370;0.02923363006083815
2307;2307;Population 3600;3600;sample_2307;375;-0.08339981767316892
2308;2308;Population 3600;3600;sample_2308;380;0.03880669909895064
2309;2309;Population 3600;3600;sample_2309;385;-0.021713758416412723
2310;2310;Population 3600;3600;sample_2310;390;0.04887102942940076
2311;2311;Population 3600;3600;sample_2311;395;0.08850968815793042
2312;2312;Population 3600;3600;sample_2312;400;0.00599446535282552
2313;2313;Population 3600;3600;sample_2313;405;0.015125888378814746
2314;2314;Population 3600;3600;sample_2314;410;-0.025047717516145748
2315;2315;Population 3600;3600;sample_2315;415;0.05197320573695808
2316;2316;Population 3600;3600;sample_2316;420;-0.009979167025192207
2317;2317;Population 3600;3600;sample_2317;425;-0.04070939768230219
2318;2318;Population 3600;3600;sample_2318;430;-0.04361786702475056
2319;2319;Population 3600;3600;sample_2319;435;0.02906031337995583
2320;2320;Population 3600;3600;sample_2320;440;0.002352275358525765
2321;2321;Population 3600;3600;sample_2321;445;-0.009153164130182172
2322;2322;Population 3600;3600;sample_2322;450;0.02330248539857116
2323;2323;Population 3600;3600;sample_2323;455;-0.011683468518182109
2324;2324;Population 3600;3600;sample_2324;460;0.048025420486101436
2325;2325;Population 3600;3600;sample_2325;465;0.004389808029510065
2326;2326;Population 3600;3600;sample_2326;470;0.056331709326459235
2327;2327;Population 3600;3600;sample_2327;475;0.03622690923435276
2328;2328;Population 3600;3600;sample_2328;480;0.043046194599382435
2329;2329;Population 3600;3600;sample_2329;485;-0.03451402800186626
2330;2330;Population 3600;3600;sample_2330;490;0.059407124028175426
2331;2331;Population 3600;3600;sample_2331;495;0.015344644575714933
2332;2332;Population 3600;3600;sample_2332;500;0.047458371694073236
2333;2333;Population 3600;3600;sample_2333;505;-0.02289223424147362
2334;2334;Population 3600;3600;sample_2334;510;0.07129862721291906
2335;2335;Population 3600;3600;sample_2335;515;0.06324176552844223
2336;2336;Population 3600;3600;sample_2336;520;0.004114223984253448
2337;2337;Population 3600;3600;sample_2337;525;0.024483947819970413
2338;2338;Population 3600;3600;sample_2338;530;0.039676859328101534
2339;2339;Population 3600;3600;sample_2339;535;-0.04398884985334598
2340;2340;Population 3600;3600;sample_2340;540;0.02493382980983671
2341;2341;Population 3600;3600;sample_2341;545;0.018711516140586762
2342;2342;Population 3600;3600;sample_2342;550;0.0876612615209423
2343;2343;Population 3600;3600;sample_2343;555;-0.0025724742298092623
2344;2344;Population 3600;3600;sample_2344;560;-0.020997981179666336
2345;2345;Population 3600;3600;sample_2345;565;0.007930563033212388
2346;2346;Population 3600;3600;sample_2346;570;0.03257588934970629
2347;2347;Population 3600;3600;sample_2347;575;0.019227347329130583
2348;2348;Population 3600;3600;sample_2348;580;-0.004536127049830134
2349;2349;Population 3600;3600;sample_2349;585;-0.0150463701952806
2350;2350;Population 3600;3600;sample_2350;590;0.015235734618502588
2351;2351;Population 3600;3600;sample_2351;595;0.028618027053225675
2352;2352;Population 3600;3600;sample_2352;600;-0.037926994126952905
2353;2353;Population 3600;3600;sample_2353;605;0.0499535168260652
2354;2354;Population 3600;3600;sample_2354;610;-0.0374243883752838
2355;2355;Population 3600;3600;sample_2355;615;-0.02831726933192436
2356;2356;Population 3600;3600;sample_2356;620;-0.025185229614621305
2357;2357;Population 3600;3600;sample_2357;625;-0.031049625211841902
2358;2358;Population 3600;3600;sample_2358;630;0.0012947531739939564
2359;2359;Population 3600;3600;sample_2359;635;0.004425893564296188
2360;2360;Population 3600;3600;sample_2360;640;0.06596539832346057
2361;2361;Population 3600;3600;sample_2361;645;0.016536252263069005
2362;2362;Population 3600;3600;sample_2362;650;0.025939059741657427
2363;2363;Population 3600;3600;sample_2363;655;0.07195517254734475
2364;2364;Population 3600;3600;sample_2364;660;0.0496889993338567
2365;2365;Population 3600;3600;sample_2365;665;-0.06704817021310662
2366;2366;Population 3600;3600;sample_2366;670;0.0189350739328862
2367;2367;Population 3600;3600;sample_2367;675;0.046402556496901
2368;2368;Population 3600;3600;sample_2368;680;0.040295618685038476
2369;2369;Population 3600;3600;sample_2369;685;0.004069112417869272
2370;2370;Population 3600;3600;sample_2370;690;0.03373690422225555
2371;2371;Population 3600;3600;sample_2371;695;-0.07011709618851787
2372;2372;Population 3600;3600;sample_2372;700;0.031235525263938108
2373;2373;Population 3600;3600;sample_2373;705;0.05191262786129551
2374;2374;Population 3600;3600;sample_2374;710;0.026506255611403923
2375;2375;Population 3600;3600;sample_2375;715;0.010391461806794759
2376;2376;Population 3600;3600;sample_2376;720;-0.027104387666024465
2377;2377;Population 3600;3600;sample_2377;725;-0.009949691781532027
2378;2378;Population 3600;3600;sample_2378;730;-0.03780405784314653
2379;2379;Population 3600;3600;sample_2379;735;-0.05257676103773402
2380;2380;Population 3600;3600;sample_2380;740;0.019488768775823492
2381;2381;Population 3600;3600;sample_2381;745;0.012048465163215555
2382;2382;Population 3600;3600;sample_2382;750;-0.05995591379525275
2383;2383;Population 3600;3600;sample_2383;755;0.05442510526043311
2384;2384;Population 3600;3600;sample_2384;760;-0.03802366405745343
2385;2385;Population 3600;3600;sample_2385;765;0.002621845638130105
2386;2386;Population 3600;3600;sample_2386;770;-0.0027287491459838985
2387;2387;Population 3600;3600;sample_2387;775;-0.028657047506609492
2388;2388;Population 3600;3600;sample_2388;780;-0.020978361038584532
2389;2389;Population 3600;3600;sample_2389;785;-0.06080744164522232
2390;2390;Population 3600;3600;sample_2390;790;0.0057789755377016415
2391;2391;Population 3600;3600;sample_2391;795;0.05057007804654288
2392;2392;Population 3600;3600;sample_2392;800;0.052014677782429304
2393;2393;Population 3600;3600;sample_2393;805;0.05758392165246091
2394;2394;Population 3600;3600;sample_2394;810;-0.00017112211704970926
2395;2395;Population 3600;3600;sample_2395;815;-0.014294412757558555
2396;2396;Population 3600;3600;sample_2396;820;0.06343956852228005
2397;2397;Population 3600;3600;sample_2397;825;0.07281014321081261
2398;2398;Population 3600;3600;sample_2398;830;-0.023460125496785167
2399;2399;Population 3600;3600;sample_2399;835;0.04176234418341833
2400;2400;Population 3600;3600;sample_2400;840;0.004842738667324219
2401;2401;Population 3600;3600;sample_2401;845;-0.020768841846888528
2402;2402;Population 3600;3600;sample_2402;850;0.009805297666930776
2403;2403;Population 3600;3600;sample_2403;855;-0.025234324872534408
2404;2404;Population 3600;3600;sample_2404;860;-0.010009046901373431
2405;2405;Population 3600;3600;sample_2405;865;-0.007282924787560401
2406;2406;Population 3600;3600;sample_2406;870;-0.0019512105046948138
2407;2407;Population 3600;3600;sample_2407;875;-0.02828791908904408
2408;2408;Population 3600;3600;sample_2408;880;-0.0032730184119105585
2409;2409;Population 3600;3600;sample_2409;885;0.00495419999114315
2410;2410;Population 3600;3600;sample_2410;890;0.0038672189891817686
2411;2411;Population 3600;3600;sample_2411;895;0.020891705275803644
2412;2412;Population 3600;3600;sample_2412;900;-0.011985472969196054
2413;2413;Population 3600;3600;sample_2413;905;0.02165230424856289
2414;2414;Population 3600;3600;sample_2414;910;0.0026801418673229192
2415;2415;Population 3600;3600;sample_2415;915;-0.06021383429304904
2416;2416;Population 3600;3600;sample_2416;920;0.022736115178614826
2417;2417;Population 3600;3600;sample_2417;925;0.014385563399244707
2418;2418;Population 3600;3600;sample_2418;930;0.03552804819074774
2419;2419;Population 3600;3600;sample_2419;935;0.027991635185130356
2420;2420;Population 3600;3600;sample_2420;940;-0.005887026984876057
2421;2421;Population 3600;3600;sample_2421;945;-0.03010776620843134
2422;2422;Population 3600;3600;sample_2422;950;0.004602188456001991
2423;2423;Population 3600;3600;sample_2423;955;-0.0232630278659402
2424;2424;Population 3600;3600;sample_2424;960;-0.00633129688316747
2425;2425;Population 3600;3600;sample_2425;965;0.06389017232374287
2426;2426;Population 3600;3600;sample_2426;970;0.040122766328884917
2427;2427;Population 3600;3600;sample_2427;975;0.014912379641281835
2428;2428;Population 3600;3600;sample_2428;980;-0.007821224848464347
2429;2429;Population 3600;3600;sample_2429;985;0.014909131408740377
2430;2430;Population 3600;3600;sample_2430;990;-0.005977366637254418
2431;2431;Population 3600;3600;sample_2431;995;-0.04458581992498118
2432;2432;Population 3600;3600;sample_2432;1000;-0.024654654797815485
2433;2433;Population 3600;3600;sample_2433;1005;0.0026110806540835087
2434;2434;Population 3600;3600;sample_2434;1010;0.04909590320768162
2435;2435;Population 3600;3600;sample_2435;1015;0.02067591066486878
2436;2436;Population 3600;3600;sample_2436;1020;0.019444426321569667
2437;2437;Population 3600;3600;sample_2437;1025;0.02642685088161509
2438;2438;Population 3600;3600;sample_2438;1030;0.013837306732372939
2439;2439;Population 3600;3600;sample_2439;1035;-0.00514581614016302
2440;2440;Population 3600;3600;sample_2440;1040;0.009035358132293185
2441;2441;Population 3600;3600;sample_2441;1045;0.029710095475973305
2442;2442;Population 3600;3600;sample_2442;1050;0.048740489717221856
2443;2443;Population 3600;3600;sample_2443;1055;-0.013126100502574782
2444;2444;Population 3600;3600;sample_2444;1060;-0.02585849755384702
2445;2445;Population 3600;3600;sample_2445;1065;-0.016633354908420096
2446;2446;Population 3600;3600;sample_2446;1070;-0.05468842159278927
2447;2447;Population 3600;3600;sample_2447;1075;0.033403708641242605
2448;2448;Population 3600;3600;sample_2448;1080;-0.028274541929142027
2449;2449;Population 3600;3600;sample_2449;1085;0.039130903030732064
2450;2450;Population 3600;3600;sample_2450;1090;0.011318645850643402
2451;2451;Population 3600;3600;sample_2451;1095;-0.04519384783034863
2452;2452;Population 3600;3600;sample_2452;1100;0.0015719347988108433
2453;2453;Population 3600;3600;sample_2453;1105;-0.021727133535320603
2454;2454;Population 3600;3600;sample_2454;1110;-0.00571758844176536
2455;2455;Population 3600;3600;sample_2455;1115;-0.00068865838443636
2456;2456;Population 3600;3600;sample_2456;1120;0.01830171289591829
2457;2457;Population 3600;3600;sample_2457;1125;0.04357082768069833
2458;2458;Population 3600;3600;sample_2458;1130;-0.009011152372752018
2459;2459;Population 3600;3600;sample_2459;1135;-0.030441608391915672
2460;2460;Population 3600;3600;sample_2460;1140;0.022981873700908668
2461;2461;Population 3600;3600;sample_2461;1145;0.038266955805587526
2462;2462;Population 3600;3600;sample_2462;1150;-0.015434390240950089
2463;2463;Population 3600;3600;sample_2463;1155;-0.0037983477126328803
2464;2464;Population 3600;3600;sample_2464;1160;0.04823701159521408
2465;2465;Population 3600;3600;sample_2465;1165;0.023684985656053918
2466;2466;Population 3600;3600;sample_2466;1170;0.0344569980781946
2467;2467;Population 3600;3600;sample_2467;1175;-0.03514675819452817
2468;2468;Population 3600;3600;sample_2468;1180;0.03406932217369546
2469;2469;Population 3600;3600;sample_2469;1185;-0.011604312746527188
2470;2470;Population 3600;3600;sample_2470;1190;0.024533359473278823
2471;2471;Population 3600;3600;sample_2471;1195;0.010352911262729865
2472;2472;Population 3600;3600;sample_2472;1200;-0.028440171930911234
2473;2473;Population 3600;3600;sample_2473;1205;0.021909943778680836
2474;2474;Population 3600;3600;sample_2474;1210;-0.00905838487103296
2475;2475;Population 3600;3600;sample_2475;1215;-0.02843667585721347
2476;2476;Population 3600;3600;sample_2476;1220;-0.019817652194864598
2477;2477;Population 3600;3600;sample_2477;1225;-0.015943470598638123
2478;2478;Population 3600;3600;sample_2478;1230;0.015071516933919457
2479;2479;Population 3600;3600;sample_2479;1235;-0.01240650981747866
2480;2480;Population 3600;3600;sample_2480;1240;0.016640011708541715
2481;2481;Population 3600;3600;sample_2481;1245;0.014165772781829575
2482;2482;Population 3600;3600;sample_2482;1250;0.029379220190634964
2483;2483;Population 3600;3600;sample_2483;1255;-0.029144998561821723
2484;2484;Population 3600;3600;sample_2484;1260;-0.019263155184419258
2485;2485;Population 3600;3600;sample_2485;1265;0.021459590229750483
2486;2486;Population 3600;3600;sample_2486;1270;-0.031296012939157944
2487;2487;Population 3600;3600;sample_2487;1275;-0.002466414881643233
2488;2488;Population 3600;3600;sample_2488;1280;0.016982971159681153
2489;2489;Population 3600;3600;sample_2489;1285;-0.03812057133413129
2490;2490;Population 3600;3600;sample_2490;1290;-0.024777944809975184
2491;2491;Population 3600;3600;sample_2491;1295;-0.001317061523609439
2492;2492;Population 3600;3600;sample_2492;1300;0.033834211606545886
2493;2493;Population 3600;3600;sample_2493;1305;-0.0116705782130702
2494;2494;Population 3600;3600;sample_2494;1310;0.0016032532627048013
2495;2495;Population 3600;3600;sample_2495;1315;-0.005644853023883638
2496;2496;Population 3600;3600;sample_2496;1320;-0.0028578711520220634
2497;2497;Population 3600;3600;sample_2497;1325;-0.02520189754268722
2498;2498;Population 3600;3600;sample_2498;1330;0.01908103650476112
2499;2499;Population 3600;3600;sample_2499;1335;0.003227082275328085
2500;2500;Population 3600;3600;sample_2500;1340;0.001521390496840433
2501;2501;Population 3600;3600;sample_2501;1345;-0.006014041636241223
2502;2502;Population 3600;3600;sample_2502;1350;-0.027308120023617013
2503;2503;Population 3600;3600;sample_2503;1355;-0.029552861472300188
2504;2504;Population 3600;3600;sample_2504;1360;0.011050112531253934
2505;2505;Population 3600;3600;sample_2505;1365;0.0530121279610748
2506;2506;Population 3600;3600;sample_2506;1370;0.004706423052101656
2507;2507;Population 3600;3600;sample_2507;1375;0.011172575173399629
2508;2508;Population 3600;3600;sample_2508;1380;0.030651498962946937
2509;2509;Population 3600;3600;sample_2509;1385;-0.0029973845511605986
2510;2510;Population 3600;3600;sample_2510;1390;0.018730838856488824
2511;2511;Population 3600;3600;sample_2511;1395;-0.02201404801972112
2512;2512;Population 3600;3600;sample_2512;1400;0.02006079358735959
2513;2513;Population 3600;3600;sample_2513;1405;0.008724690817290917
2514;2514;Population 3600;3600;sample_2514;1410;0.04309156224827021
2515;2515;Population 3600;3600;sample_2515;1415;-0.056521425759962676
2516;2516;Population 3600;3600;sample_2516;1420;-0.009033024571577702
2517;2517;Population 3600;3600;sample_2517;1425;-0.028214353419523327
2518;2518;Population 3600;3600;sample_2518;1430;0.02168407790119081
2519;2519;Population 3600;3600;sample_2519;1435;0.0008628735949046188
2520;2520;Population 3600;3600;sample_2520;1440;-0.008519853526135957
2521;2521;Population 3600;3600;sample_2521;1445;-0.023484365978185897
2522;2522;Population 3600;3600;sample_2522;1450;0.05231511436613483
2523;2523;Population 3600;3600;sample_2523;1455;0.009330591477760624
2524;2524;Population 3600;3600;sample_2524;1460;-0.006434609493792893
2525;2525;Population 3600;3600;sample_2525;1465;0.013844475791072845
2526;2526;Population 3600;3600;sample_2526;1470;0.0012201100688567132
2527;2527;Population 3600;3600;sample_2527;1475;-0.03176028848964081
2528;2528;Population 3600;3600;sample_2528;1480;0.01776779785037001
2529;2529;Population 3600;3600;sample_2529;1485;0.008117823320633955
2530;2530;Population 3600;3600;sample_2530;1490;0.0618884593102972
2531;2531;Population 3600;3600;sample_2531;1495;-0.002856441478473342
2532;2532;Population 3600;3600;sample_2532;1500;0.03535527125502329
2533;2533;Population 3600;3600;sample_2533;1505;-0.013740725868014447
2534;2534;Population 3600;3600;sample_2534;1510;-0.005293070250478472
2535;2535;Population 3600;3600;sample_2535;1515;-0.020705779933477737
2536;2536;Population 3600;3600;sample_2536;1520;-0.002467014404963029
2537;2537;Population 3600;3600;sample_2537;1525;0.019623782120057238
2538;2538;Population 3600;3600;sample_2538;1530;-0.0015022153082536976
2539;2539;Population 3600;3600;sample_2539;1535;-0.026087264727078136
2540;2540;Population 3600;3600;sample_2540;1540;0.02143321334376555
2541;2541;Population 3600;3600;sample_2541;1545;-0.005846650926652323
2542;2542;Population 3600;3600;sample_2542;1550;0.01438264978238961
2543;2543;Population 3600;3600;sample_2543;1555;0.026319991876555638
2544;2544;Population 3600;3600;sample_2544;1560;0.02518603279760268
2545;2545;Population 3600;3600;sample_2545;1565;-0.011588772425963349
2546;2546;Population 3600;3600;sample_2546;1570;-0.009461740167446433
2547;2547;Population 3600;3600;sample_2547;1575;-0.040505024341231155
2548;2548;Population 3600;3600;sample_2548;1580;0.023549046014882922
2549;2549;Population 3600;3600;sample_2549;1585;-0.0016589320666633598
2550;2550;Population 3600;3600;sample_2550;1590;0.009006450849982134
2551;2551;Population 3600;3600;sample_2551;1595;-0.008867689852756494
2552;2552;Population 3600;3600;sample_2552;1600;0.01758284129995253
2553;2553;Population 3600;3600;sample_2553;1605;0.007666906400257276
2554;2554;Population 3600;3600;sample_2554;1610;-0.006234713981225216
2555;2555;Population 3600;3600;sample_2555;1615;0.0018298967509647378
2556;2556;Population 3600;3600;sample_2556;1620;0.03674219823721085
2557;2557;Population 3600;3600;sample_2557;1625;0.0032215359683061967
2558;2558;Population 3600;3600;sample_2558;1630;-0.005721064428196774
2559;2559;Population 3600;3600;sample_2559;1635;-0.024179181444469434
2560;2560;Population 3600;3600;sample_2560;1640;0.03417825301047436
2561;2561;Population 3600;3600;sample_2561;1645;0.02398627071561801
2562;2562;Population 3600;3600;sample_2562;1650;-0.01860039662522535
2563;2563;Population 3600;3600;sample_2563;1655;-0.002630185846344609
2564;2564;Population 3600;3600;sample_2564;1660;0.004205046386945285
2565;2565;Population 3600;3600;sample_2565;1665;-0.015762365451531143
2566;2566;Population 3600;3600;sample_2566;1670;-0.03822252594086482
2567;2567;Population 3600;3600;sample_2567;1675;-0.02056026111934679
2568;2568;Population 3600;3600;sample_2568;1680;0.03482130266954962
2569;2569;Population 3600;3600;sample_2569;1685;-0.012719304856257281
2570;2570;Population 3600;3600;sample_2570;1690;-0.0014517895981055213
2571;2571;Population 3600;3600;sample_2571;1695;-0.010403856625720973
2572;2572;Population 3600;3600;sample_2572;1700;0.0033420367945882776
2573;2573;Population 3600;3600;sample_2573;1705;0.03002418638822406
2574;2574;Population 3600;3600;sample_2574;1710;-0.0037854142866437703
2575;2575;Population 3600;3600;sample_2575;1715;-0.0003997392549702983
2576;2576;Population 3600;3600;sample_2576;1720;-0.00673438856491366
2577;2577;Population 3600;3600;sample_2577;1725;0.010091826534641938
2578;2578;Population 3600;3600;sample_2578;1730;0.02387960888788081
2579;2579;Population 3600;3600;sample_2579;1735;0.0010080627587634404
2580;2580;Population 3600;3600;sample_2580;1740;0.039264799021566266
2581;2581;Population 3600;3600;sample_2581;1745;-0.027435847371740187
2582;2582;Population 3600;3600;sample_2582;1750;0.01671665423952638
2583;2583;Population 3600;3600;sample_2583;1755;-0.008811911829205531
2584;2584;Population 3600;3600;sample_2584;1760;0.009789692642774198
2585;2585;Population 3600;3600;sample_2585;1765;0.02580035210326041
2586;2586;Population 3600;3600;sample_2586;1770;-0.0030800321907344646
2587;2587;Population 3600;3600;sample_2587;1775;0.004994127106370597
2588;2588;Population 3600;3600;sample_2588;1780;0.02983714825976834
2589;2589;Population 3600;3600;sample_2589;1785;-0.025361813678678593
2590;2590;Population 3600;3600;sample_2590;1790;0.006752168054413943
2591;2591;Population 3600;3600;sample_2591;1795;-0.0193637994802123
2592;2592;Population 3600;3600;sample_2592;1800;0.008589718138153709
2593;2593;Population 3600;3600;sample_2593;1805;0.007386696990636438
2594;2594;Population 3600;3600;sample_2594;1810;-0.007219659041406662
2595;2595;Population 3600;3600;sample_2595;1815;-0.0010606116176152221
2596;2596;Population 3600;3600;sample_2596;1820;-0.008889280605095768
2597;2597;Population 3600;3600;sample_2597;1825;0.019135919508327232
2598;2598;Population 3600;3600;sample_2598;1830;0.006351069469709102
2599;2599;Population 3600;3600;sample_2599;1835;0.027762249758962562
2600;2600;Population 3600;3600;sample_2600;1840;-0.0035468331903002787
2601;2601;Population 3600;3600;sample_2601;1845;0.0013965965542697514
2602;2602;Population 3600;3600;sample_2602;1850;-0.013008078201221282
2603;2603;Population 3600;3600;sample_2603;1855;0.007673298329624493
2604;2604;Population 3600;3600;sample_2604;1860;-0.03346179048328345
2605;2605;Population 3600;3600;sample_2605;1865;-0.0003084308038018963
2606;2606;Population 3600;3600;sample_2606;1870;-0.012083851559350715
2607;2607;Population 3600;3600;sample_2607;1875;0.018875352296297273
2608;2608;Population 3600;3600;sample_2608;1880;-0.006641752052009928
2609;2609;Population 3600;3600;sample_2609;1885;0.036744627599577674
2610;2610;Population 3600;3600;sample_2610;1890;0.031834975817340634
2611;2611;Population 3600;3600;sample_2611;1895;-0.004728451658744731
2612;2612;Population 3600;3600;sample_2612;1900;0.021627729291958733
2613;2613;Population 3600;3600;sample_2613;1905;-0.0040327928708132335
2614;2614;Population 3600;3600;sample_2614;1910;-0.025687862477045072
2615;2615;Population 3600;3600;sample_2615;1915;-0.004171260024992159
2616;2616;Population 3600;3600;sample_2616;1920;-0.017802456597440564
2617;2617;Population 3600;3600;sample_2617;1925;0.0056235477542020155
2618;2618;Population 3600;3600;sample_2618;1930;0.01183370521009064
2619;2619;Population 3600;3600;sample_2619;1935;-0.008659446932758906
2620;2620;Population 3600;3600;sample_2620;1940;-0.007463321526539854
2621;2621;Population 3600;3600;sample_2621;1945;0.01531937860826192
2622;2622;Population 3600;3600;sample_2622;1950;-0.0050293006059992625
2623;2623;Population 3600;3600;sample_2623;1955;0.008374103249286531
2624;2624;Population 3600;3600;sample_2624;1960;-0.0005752930706875017
2625;2625;Population 3600;3600;sample_2625;1965;-0.006083573448910538
2626;2626;Population 3600;3600;sample_2626;1970;-0.021524092841033567
2627;2627;Population 3600;3600;sample_2627;1975;0.005443036304650715
2628;2628;Population 3600;3600;sample_2628;1980;0.006525639687375946
2629;2629;Population 3600;3600;sample_2629;1985;0.02723068163606545
2630;2630;Population 3600;3600;sample_2630;1990;0.012206994824766672
2631;2631;Population 3600;3600;sample_2631;1995;-0.02447821925381865
2632;2632;Population 3600;3600;sample_2632;2000;0.017394445555734803
2633;2633;Population 3600;3600;sample_2633;2005;-0.015466161620447597
2634;2634;Population 3600;3600;sample_2634;2010;-0.009103347669353657
2635;2635;Population 3600;3600;sample_2635;2015;0.0032309508182218486
2636;2636;Population 3600;3600;sample_2636;2020;0.01279139366012056
2637;2637;Population 3600;3600;sample_2637;2025;-0.007606928706533957
2638;2638;Population 3600;3600;sample_2638;2030;0.024163204100580378
2639;2639;Population 3600;3600;sample_2639;2035;0.020857820739131637
2640;2640;Population 3600;3600;sample_2640;2040;0.007887685546856678
2641;2641;Population 3600;3600;sample_2641;2045;0.0177400168735888
2642;2642;Population 3600;3600;sample_2642;2050;0.008812864659768473
2643;2643;Population 3600;3600;sample_2643;2055;0.023041130182853697
2644;2644;Population 3600;3600;sample_2644;2060;0.03173649342958397
2645;2645;Population 3600;3600;sample_2645;2065;0.015766631726894013
2646;2646;Population 3600;3600;sample_2646;2070;-0.001525446400980029
2647;2647;Population 3600;3600;sample_2647;2075;0.0008852169532827726
2648;2648;Population 3600;3600;sample_2648;2080;0.03062602070306431
2649;2649;Population 3600;3600;sample_2649;2085;0.03522424692408184
2650;2650;Population 3600;3600;sample_2650;2090;0.004162526508691367
2651;2651;Population 3600;3600;sample_2651;2095;-0.013682392007169223
2652;2652;Population 3600;3600;sample_2652;2100;0.010188905641011884
2653;2653;Population 3600;3600;sample_2653;2105;0.010279458508489787
2654;2654;Population 3600;3600;sample_2654;2110;0.002480326035049255
2655;2655;Population 3600;3600;sample_2655;2115;-0.005349808005662823
2656;2656;Population 3600;3600;sample_2656;2120;-0.0024627864281867944
2657;2657;Population 3600;3600;sample_2657;2125;0.005466519029260212
2658;2658;Population 3600;3600;sample_2658;2130;-0.030059735189064206
2659;2659;Population 3600;3600;sample_2659;2135;0.013409652958356662
2660;2660;Population 3600;3600;sample_2660;2140;0.015251315833155598
2661;2661;Population 3600;3600;sample_2661;2145;-0.022446504668521845
2662;2662;Population 3600;3600;sample_2662;2150;0.04553094805129905
2663;2663;Population 3600;3600;sample_2663;2155;-0.0037008880876903405
2664;2664;Population 3600;3600;sample_2664;2160;-0.007126516570108868
2665;2665;Population 3600;3600;sample_2665;2165;0.027776735245775307
2666;2666;Population 3600;3600;sample_2666;2170;0.013741490081054599
2667;2667;Population 3600;3600;sample_2667;2175;-0.024194712693725945
2668;2668;Population 3600;3600;sample_2668;2180;-0.007176058933731198
2669;2669;Population 3600;3600;sample_2669;2185;0.013188703754216234
2670;2670;Population 3600;3600;sample_2670;2190;-0.020589982286466503
2671;2671;Population 3600;3600;sample_2671;2195;-0.0031358575463126233
2672;2672;Population 3600;3600;sample_2672;2200;-0.004957027922945446
2673;2673;Population 3600;3600;sample_2673;2205;0.015939994676316297
2674;2674;Population 3600;3600;sample_2674;2210;-0.011287482288484155
2675;2675;Population 3600;3600;sample_2675;2215;0.022353159481528072
2676;2676;Population 3600;3600;sample_2676;2220;-0.012415423134402297
2677;2677;Population 3600;3600;sample_2677;2225;0.009699192831784302
2678;2678;Population 3600;3600;sample_2678;2230;0.017312406583930285
2679;2679;Population 3600;3600;sample_2679;2235;-0.016516010985903804
2680;2680;Population 3600;3600;sample_2680;2240;-0.02302395634045078
2681;2681;Population 3600;3600;sample_2681;2245;-0.01014692150406274
2682;2682;Population 3600;3600;sample_2682;2250;-0.016782472527827167
2683;2683;Population 3600;3600;sample_2683;2255;0.01999479013963148
2684;2684;Population 3600;3600;sample_2684;2260;-0.014141732436750458
2685;2685;Population 3600;3600;sample_2685;2265;-0.021354162535955696
2686;2686;Population 3600;3600;sample_2686;2270;0.016744541074290235
2687;2687;Population 3600;3600;sample_2687;2275;0.01236228960280415
2688;2688;Population 3600;3600;sample_2688;2280;0.0036741954056426877
2689;2689;Population 3600;3600;sample_2689;2285;-0.020816581185612474
2690;2690;Population 3600;3600;sample_2690;2290;0.0012526370714033195
2691;2691;Population 3600;3600;sample_2691;2295;0.015673343872059466
2692;2692;Population 3600;3600;sample_2692;2300;0.008481250948431223
2693;2693;Population 3600;3600;sample_2693;2305;0.0030771784026786997
2694;2694;Population 3600;3600;sample_2694;2310;0.02367401218970558
2695;2695;Population 3600;3600;sample_2695;2315;-0.009299295426433592
2696;2696;Population 3600;3600;sample_2696;2320;0.011105706428227896
2697;2697;Population 3600;3600;sample_2697;2325;0.017578751157760076
2698;2698;Population 3600;3600;sample_2698;2330;0.04226593546768786
2699;2699;Population 3600;3600;sample_2699;2335;0.029732533048222272
2700;2700;Population 3600;3600;sample_2700;2340;0.020603461085051147
2701;2701;Population 3600;3600;sample_2701;2345;0.0019788247763603147
2702;2702;Population 3600;3600;sample_2702;2350;0.024527811906015995
2703;2703;Population 3600;3600;sample_2703;2355;0.03712359259833209
2704;2704;Population 3600;3600;sample_2704;2360;0.0033649873878319795
2705;2705;Population 3600;3600;sample_2705;2365;0.019175556984436532
2706;2706;Population 3600;3600;sample_2706;2370;0.010112924122141312
2707;2707;Population 3600;3600;sample_2707;2375;0.0326562117927615
2708;2708;Population 3600;3600;sample_2708;2380;0.024186994379742543
2709;2709;Population 3600;3600;sample_2709;2385;0.009027999726318871
2710;2710;Population 3600;3600;sample_2710;2390;-0.004758156327392035
2711;2711;Population 3600;3600;sample_2711;2395;0.01882161952647835
2712;2712;Population 3600;3600;sample_2712;2400;0.020523916664148448
2713;2713;Population 3600;3600;sample_2713;2405;-0.002443598443784045
2714;2714;Population 3600;3600;sample_2714;2410;-0.007669730376362255
2715;2715;Population 3600;3600;sample_2715;2415;0.0260590913733779
2716;2716;Population 3600;3600;sample_2716;2420;0.008666685845199903
2717;2717;Population 3600;3600;sample_2717;2425;0.006348205452438983
2718;2718;Population 3600;3600;sample_2718;2430;-0.012004979232042507
2719;2719;Population 3600;3600;sample_2719;2435;0.006897703359043309
2720;2720;Population 3600;3600;sample_2720;2440;0.024701391071832817
2721;2721;Population 3600;3600;sample_2721;2445;0.022508330372557256
2722;2722;Population 3600;3600;sample_2722;2450;0.007301529844343041
2723;2723;Population 3600;3600;sample_2723;2455;0.012098413166797358
2724;2724;Population 3600;3600;sample_2724;2460;-0.01040049369524013
2725;2725;Population 3600;3600;sample_2725;2465;0.008051025816712297
2726;2726;Population 3600;3600;sample_2726;2470;0.004790809539750078
2727;2727;Population 3600;3600;sample_2727;2475;0.014877137395480107
2728;2728;Population 3600;3600;sample_2728;2480;0.020011866086073495
2729;2729;Population 3600;3600;sample_2729;2485;-0.00487530929612593
2730;2730;Population 3600;3600;sample_2730;2490;0.0131578577162756
2731;2731;Population 3600;3600;sample_2731;2495;0.019737259376004034
2732;2732;Population 3600;3600;sample_2732;2500;-0.008048853179941579
2733;2733;Population 3600;3600;sample_2733;2505;0.03483296510103127
2734;2734;Population 3600;3600;sample_2734;2510;-0.012616821841859532
2735;2735;Population 3600;3600;sample_2735;2515;0.019977236260040755
2736;2736;Population 3600;3600;sample_2736;2520;0.041365106513725824
2737;2737;Population 3600;3600;sample_2737;2525;0.006117382470360783
2738;2738;Population 3600;3600;sample_2738;2530;-0.003910050403381785
2739;2739;Population 3600;3600;sample_2739;2535;-0.02360656404407006
2740;2740;Population 3600;3600;sample_2740;2540;0.0037393990448305334
2741;2741;Population 3600;3600;sample_2741;2545;-0.011201532872438814
2742;2742;Population 3600;3600;sample_2742;2550;-0.01211895130213294
2743;2743;Population 3600;3600;sample_2743;2555;0.02516950154625477
2744;2744;Population 3600;3600;sample_2744;2560;0.002769565149675972
2745;2745;Population 3600;3600;sample_2745;2565;0.012020940826619815
2746;2746;Population 3600;3600;sample_2746;2570;0.012638797933726846
2747;2747;Population 3600;3600;sample_2747;2575;0.017604140007970358
2748;2748;Population 3600;3600;sample_2748;2580;0.041990622861455364
2749;2749;Population 3600;3600;sample_2749;2585;0.02317361937600748
2750;2750;Population 3600;3600;sample_2750;2590;-0.010820073878957216
2751;2751;Population 3600;3600;sample_2751;2595;0.00476693029738106
2752;2752;Population 3600;3600;sample_2752;2600;0.0009405567618536637
2753;2753;Population 3600;3600;sample_2753;2605;0.0027215078104739334
2754;2754;Population 3600;3600;sample_2754;2610;-0.001921584764657369
2755;2755;Population 3600;3600;sample_2755;2615;0.025654745214880186
2756;2756;Population 3600;3600;sample_2756;2620;0.013907910266835058
2757;2757;Population 3600;3600;sample_2757;2625;-0.007220118377913041
2758;2758;Population 3600;3600;sample_2758;2630;-0.007956117503826179
2759;2759;Population 3600;3600;sample_2759;2635;0.018918892417254165
2760;2760;Population 3600;3600;sample_2760;2640;0.01307208014482276
2761;2761;Population 3600;3600;sample_2761;2645;0.007393414827200997
2762;2762;Population 3600;3600;sample_2762;2650;-0.012732376305411526
2763;2763;Population 3600;3600;sample_2763;2655;0.002500516360713377
2764;2764;Population 3600;3600;sample_2764;2660;0.018080157981690038
2765;2765;Population 3600;3600;sample_2765;2665;0.0011599013184722276
2766;2766;Population 3600;3600;sample_2766;2670;0.022219180496169128
2767;2767;Population 3600;3600;sample_2767;2675;-0.00255184354601355
2768;2768;Population 3600;3600;sample_2768;2680;-0.017994795614610454
2769;2769;Population 3600;3600;sample_2769;2685;0.005035478042403172
2770;2770;Population 3600;3600;sample_2770;2690;-0.007123435985688398
2771;2771;Population 3600;3600;sample_2771;2695;-0.0144927269470441
2772;2772;Population 3600;3600;sample_2772;2700;-0.004067347886538001
2773;2773;Population 3600;3600;sample_2773;2705;0.004919463508826297
2774;2774;Population 3600;3600;sample_2774;2710;-0.0236604719368299
2775;2775;Population 3600;3600;sample_2775;2715;-0.025773473037781932
2776;2776;Population 3600;3600;sample_2776;2720;0.018407163526444687
2777;2777;Population 3600;3600;sample_2777;2725;0.0070662948423975075
2778;2778;Population 3600;3600;sample_2778;2730;0.04617813371575397
2779;2779;Population 3600;3600;sample_2779;2735;-0.008573726308560606
2780;2780;Population 3600;3600;sample_2780;2740;-0.021581155236550704
2781;2781;Population 3600;3600;sample_2781;2745;0.004987917450563165
2782;2782;Population 3600;3600;sample_2782;2750;-0.0035832289010320575
2783;2783;Population 3600;3600;sample_2783;2755;0.017009995007231778
2784;2784;Population 3600;3600;sample_2784;2760;0.04082923378286167
2785;2785;Population 3600;3600;sample_2785;2765;0.013470863336683332
2786;2786;Population 3600;3600;sample_2786;2770;-0.0034721328706071443
2787;2787;Population 3600;3600;sample_2787;2775;-0.011571200413300347
2788;2788;Population 3600;3600;sample_2788;2780;-0.010662955562160294
2789;2789;Population 3600;3600;sample_2789;2785;0.008183854953928642
2790;2790;Population 3600;3600;sample_2790;2790;-0.010517317828029652
2791;2791;Population 3600;3600;sample_2791;2795;-0.02089242936436407
2792;2792;Population 3600;3600;sample_2792;2800;-0.004426197820418457
2793;2793;Population 3600;3600;sample_2793;2805;0.014120290407487295
2794;2794;Population 3600;3600;sample_2794;2810;0.012960371960142556
2795;2795;Population 3600;3600;sample_2795;2815;0.021254876795703332
2796;2796;Population 3600;3600;sample_2796;2820;-0.004193138900122785
2797;2797;Population 3600;3600;sample_2797;2825;-0.02589190944040299
2798;2798;Population 3600;3600;sample_2798;2830;0.004078264248629415
2799;2799;Population 3600;3600;sample_2799;2835;0.009119329170993958
2800;2800;Population 3600;3600;sample_2800;2840;0.00134007979628678
2801;2801;Population 3600;3600;sample_2801;2845;-0.0070963791999467995
2802;2802;Population 3600;3600;sample_2802;2850;-0.0016843672579879441
2803;2803;Population 3600;3600;sample_2803;2855;0.011462205131382712
2804;2804;Population 3600;3600;sample_2804;2860;0.01055357381226736
2805;2805;Population 3600;3600;sample_2805;2865;0.019368838286736308
2806;2806;Population 3600;3600;sample_2806;2870;0.01105053113084869
2807;2807;Population 3600;3600;sample_2807;2875;0.035970832865548946
2808;2808;Population 3600;3600;sample_2808;2880;0.006493500840025017
2809;2809;Population 3600;3600;sample_2809;2885;0.005221923867464344
2810;2810;Population 3600;3600;sample_2810;2890;-0.003326635102663663
2811;2811;Population 3600;3600;sample_2811;2895;0.000969442142020609
2812;2812;Population 3600;3600;sample_2812;2900;0.005045312853333913
2813;2813;Population 3600;3600;sample_2813;2905;-0.008014506702758368
2814;2814;Population 3600;3600;sample_2814;2910;0.028599680027068686
2815;2815;Population 3600;3600;sample_2815;2915;0.008419456788241223
2816;2816;Population 3600;3600;sample_2816;2920;0.019775334599856295
2817;2817;Population 3600;3600;sample_2817;2925;-0.0004124255790919817
2818;2818;Population 3600;3600;sample_2818;2930;0.004792017648538819
2819;2819;Population 3600;3600;sample_2819;2935;0.016325051849059705
2820;2820;Population 3600;3600;sample_2820;2940;0.024553186227093318
2821;2821;Population 3600;3600;sample_2821;2945;-0.002326665011452272
2822;2822;Population 3600;3600;sample_2822;2950;0.030608162206649425
2823;2823;Population 3600;3600;sample_2823;2955;0.0025649956566900626
2824;2824;Population 3600;3600;sample_2824;2960;0.004858209413548805
2825;2825;Population 3600;3600;sample_2825;2965;-0.012134093212348129
2826;2826;Population 3600;3600;sample_2826;2970;0.0021485560463076936
2827;2827;Population 3600;3600;sample_2827;2975;-0.005270031530258905
2828;2828;Population 3600;3600;sample_2828;2980;0.00522631357459406
2829;2829;Population 3600;3600;sample_2829;2985;0.00887156184921545
2830;2830;Population 3600;3600;sample_2830;2990;0.021761951887495024
2831;2831;Population 3600;3600;sample_2831;2995;0.01121475353700966
2832;2832;Population 3600;3600;sample_2832;3000;0.004180853030685986
2833;2833;Population 3600;3600;sample_2833;3005;-0.009876006935785544
2834;2834;Population 3600;3600;sample_2834;3010;0.004089311259797036
2835;2835;Population 3600;3600;sample_2835;3015;-0.002048296536246858
2836;2836;Population 3600;3600;sample_2836;3020;-0.0062592214780691
2837;2837;Population 3600;3600;sample_2837;3025;-0.019850650763485245
2838;2838;Population 3600;3600;sample_2838;3030;0.014332751972689609
2839;2839;Population 3600;3600;sample_2839;3035;-0.0045181200760479
2840;2840;Population 3600;3600;sample_2840;3040;-0.005825637553955979
2841;2841;Population 3600;3600;sample_2841;3045;0.022370217879020677
2842;2842;Population 3600;3600;sample_2842;3050;-0.0017766355467248877
2843;2843;Population 3600;3600;sample_2843;3055;0.0034227008217055073
2844;2844;Population 3600;3600;sample_2844;3060;0.014547261903311735
2845;2845;Population 3600;3600;sample_2845;3065;0.01698942697144014
2846;2846;Population 3600;3600;sample_2846;3070;0.027112244974745302
2847;2847;Population 3600;3600;sample_2847;3075;0.007016517015643949
2848;2848;Population 3600;3600;sample_2848;3080;-0.004379302344504539
2849;2849;Population 3600;3600;sample_2849;3085;0.01112900748503981
2850;2850;Population 3600;3600;sample_2850;3090;0.0035123728354920923
2851;2851;Population 3600;3600;sample_2851;3095;0.014243872068980324
2852;2852;Population 3600;3600;sample_2852;3100;-0.004015123689865789
2853;2853;Population 3600;3600;sample_2853;3105;0.012213969835063997
2854;2854;Population 3600;3600;sample_2854;3110;0.014263670692427526
2855;2855;Population 3600;3600;sample_2855;3115;-0.007322123195568143
2856;2856;Population 3600;3600;sample_2856;3120;0.03802208032355519
2857;2857;Population 3600;3600;sample_2857;3125;0.015505788261385637
2858;2858;Population 3600;3600;sample_2858;3130;0.00790309728994627
2859;2859;Population 3600;3600;sample_2859;3135;0.013829192658708347
2860;2860;Population 3600;3600;sample_2860;3140;0.008371869516966599
2861;2861;Population 3600;3600;sample_2861;3145;0.02404988583994368
2862;2862;Population 3600;3600;sample_2862;3150;0.005502960427273539
2863;2863;Population 3600;3600;sample_2863;3155;0.0304076144878822
2864;2864;Population 3600;3600;sample_2864;3160;0.006814647337532913
2865;2865;Population 3600;3600;sample_2865;3165;0.020435191778918515
2866;2866;Population 3600;3600;sample_2866;3170;-0.0044473062977016965
2867;2867;Population 3600;3600;sample_2867;3175;-0.0027238094818893468
2868;2868;Population 3600;3600;sample_2868;3180;0.0066771033450593415
2869;2869;Population 3600;3600;sample_2869;3185;0.00041593302544796974
2870;2870;Population 3600;3600;sample_2870;3190;0.014392977500308714
2871;2871;Population 3600;3600;sample_2871;3195;0.0019933285035068997
2872;2872;Population 3600;3600;sample_2872;3200;0.019521151863118032
2873;2873;Population 3600;3600;sample_2873;3205;0.040846158713951725
2874;2874;Population 3600;3600;sample_2874;3210;0.002959797327413564
2875;2875;Population 3600;3600;sample_2875;3215;0.01756060534086396
2876;2876;Population 3600;3600;sample_2876;3220;0.014807293112650825
2877;2877;Population 3600;3600;sample_2877;3225;0.016701243419391932
2878;2878;Population 3600;3600;sample_2878;3230;0.0039725964945853355
2879;2879;Population 3600;3600;sample_2879;3235;0.01826209850196931
2880;2880;Population 3600;3600;sample_2880;3240;-0.0027131015934609847
2881;2881;Population 3600;3600;sample_2881;3245;0.0009517936055993971
2882;2882;Population 3600;3600;sample_2882;3250;0.010856427334544026
2883;2883;Population 3600;3600;sample_2883;3255;0.024900422579240057
2884;2884;Population 3600;3600;sample_2884;3260;0.010867904407946829
2885;2885;Population 3600;3600;sample_2885;3265;0.009168942828858908
2886;2886;Population 3600;3600;sample_2886;3270;-0.016203652493933563
2887;2887;Population 3600;3600;sample_2887;3275;0.000743220178115554
2888;2888;Population 3600;3600;sample_2888;3280;-0.008753891365539224
2889;2889;Population 3600;3600;sample_2889;3285;-0.0038775401649924716
2890;2890;Population 3600;3600;sample_2890;3290;0.012155733004131922
2891;2891;Population 3600;3600;sample_2891;3295;0.002825979925656471
2892;2892;Population 3600;3600;sample_2892;3300;-0.004340780998876551
2893;2893;Population 3600;3600;sample_2893;3305;-0.0022363912657728593
2894;2894;Population 3600;3600;sample_2894;3310;0.009088042193493068
2895;2895;Population 3600;3600;sample_2895;3315;-0.0015469514714854327
2896;2896;Population 3600;3600;sample_2896;3320;0.0012009541740518855
2897;2897;Population 3600;3600;sample_2897;3325;0.016892905314154667
2898;2898;Population 3600;3600;sample_2898;3330;0.023767366582364446
2899;2899;Population 3600;3600;sample_2899;3335;0.013871781205496335
2900;2900;Population 3600;3600;sample_2900;3340;0.005641582572740285
2901;2901;Population 3600;3600;sample_2901;3345;0.011227512022399513
2902;2902;Population 3600;3600;sample_2902;3350;0.01739960972366961
2903;2903;Population 3600;3600;sample_2903;3355;0.013457776967402179
2904;2904;Population 3600;3600;sample_2904;3360;0.0058370322209737304
2905;2905;Population 3600;3600;sample_2905;3365;0.0175564726938807
2906;2906;Population 3600;3600;sample_2906;3370;0.006311093101410185
2907;2907;Population 3600;3600;sample_2907;3375;0.01380358540284703
2908;2908;Population 3600;3600;sample_2908;3380;-0.028371882086988744
2909;2909;Population 3600;3600;sample_2909;3385;-0.011606564175191743
2910;2910;Population 3600;3600;sample_2910;3390;0.001660177951282509
2911;2911;Population 3600;3600;sample_2911;3395;0.011633110923833019
2912;2912;Population 3600;3600;sample_2912;3400;-0.00674976849367556
2913;2913;Population 3600;3600;sample_2913;3405;0.02354906641835137
2914;2914;Population 3600;3600;sample_2914;3410;0.0032990768907917526
2915;2915;Population 3600;3600;sample_2915;3415;0.002905137891534729
2916;2916;Population 3600;3600;sample_2916;3420;0.019770310141339224
2917;2917;Population 3600;3600;sample_2917;3425;0.0020901442929010697
2918;2918;Population 3600;3600;sample_2918;3430;0.0012785946504733443
2919;2919;Population 3600;3600;sample_2919;3435;0.019102276329188254
2920;2920;Population 3600;3600;sample_2920;3440;0.014536852666315402
2921;2921;Population 3600;3600;sample_2921;3445;-0.016408245535438043
2922;2922;Population 3600;3600;sample_2922;3450;0.0018653002672750895
2923;2923;Population 3600;3600;sample_2923;3455;-0.001708734405268164
2924;2924;Population 3600;3600;sample_2924;3460;0.025270101166523347
2925;2925;Population 3600;3600;sample_2925;3465;0.003778941550937878
2926;2926;Population 3600;3600;sample_2926;3470;0.004665638277415476
2927;2927;Population 3600;3600;sample_2927;3475;0.03480651865113245
2928;2928;Population 3600;3600;sample_2928;3480;0.019007417089067054
2929;2929;Population 3600;3600;sample_2929;3485;0.004644081362041197
2930;2930;Population 3600;3600;sample_2930;3490;-0.013563838006539418
2931;2931;Population 3600;3600;sample_2931;3495;0.005035026664645801
2932;2932;Population 3600;3600;sample_2932;3500;-0.005793360507386853
2933;2933;Population 3600;3600;sample_2933;3505;0.010142193724891162
2934;2934;Population 3600;3600;sample_2934;3510;0.010690825583787521
2935;2935;Population 3600;3600;sample_2935;3515;0.027192491647499657
2936;2936;Population 3600;3600;sample_2936;3520;-0.013136701727539212
2937;2937;Population 3600;3600;sample_2937;3525;0.01418699762446934
2938;2938;Population 3600;3600;sample_2938;3530;0.0003895191661728112
2939;2939;Population 3600;3600;sample_2939;3535;0.0064455242954164025
2940;2940;Population 3600;3600;sample_2940;3540;0.01325717234430565
2941;2941;Population 3600;3600;sample_2941;3545;0.016650513013634044
2942;2942;Population 3600;3600;sample_2942;3550;0.006787175622920988
2943;2943;Population 3600;3600;sample_2943;3555;0.01752914018603607
2944;2944;Population 3600;3600;sample_2944;3560;0.0013627369909187247
2945;2945;Population 3600;3600;sample_2945;3565;0.00826231265894012
2946;2946;Population 3600;3600;sample_2946;3570;-0.008672079503844845
2947;2947;Population 3600;3600;sample_2947;3575;0.0156426634072539
2948;2948;Population 3600;3600;sample_2948;3580;0.004349038770629926
2949;2949;Population 3600;3600;sample_2949;3585;-0.014341337041068972
2950;2950;Population 3600;3600;sample_2950;3590;0.009254830670019129
2951;2951;Population 3600;3600;sample_2951;3595;0.01741790627677832
2952;2952;Population 4100;4100;sample_2952;5;-0.051325243451885605
2953;2953;Population 4100;4100;sample_2953;10;-0.003580845234216279
2954;2954;Population 4100;4100;sample_2954;15;-0.011515424136342824
2955;2955;Population 4100;4100;sample_2955;20;0.06191657555631831
2956;2956;Population 4100;4100;sample_2956;25;0.10839637013326542
2957;2957;Population 4100;4100;sample_2957;30;0.26611261077998605
2958;2958;Population 4100;4100;sample_2958;35;0.10204980127130248
2959;2959;Population 4100;4100;sample_2959;40;-0.04036428551520197
2960;2960;Population 4100;4100;sample_2960;45;-0.09773166096163913
2961;2961;Population 4100;4100;sample_2961;50;0.006939605452710443
2962;2962;Population 4100;4100;sample_2962;55;0.06090638086749627
2963;2963;Population 4100;4100;sample_2963;60;0.07494832871536405
2964;2964;Population 4100;4100;sample_2964;65;-0.08568099467037048
2965;2965;Population 4100;4100;sample_2965;70;0.07599433684691735
2966;2966;Population 4100;4100;sample_2966;75;0.08486031064812538
2967;2967;Population 4100;4100;sample_2967;80;-0.18565310180060363
2968;2968;Population 4100;4100;sample_2968;85;-0.12156178986080513
2969;2969;Population 4100;4100;sample_2969;90;0.10933143245978323
2970;2970;Population 4100;4100;sample_2970;95;0.22956925729633518
2971;2971;Population 4100;4100;sample_2971;100;-0.027697245934563495
2972;2972;Population 4100;4100;sample_2972;105;-0.032420731067726714
2973;2973;Population 4100;4100;sample_2973;110;0.00816796957757946
2974;2974;Population 4100;4100;sample_2974;115;-0.05059983259547052
2975;2975;Population 4100;4100;sample_2975;120;0.011257736786798207
2976;2976;Population 4100;4100;sample_2976;125;-0.03877233547452738
2977;2977;Population 4100;4100;sample_2977;130;0.06293060412841918
2978;2978;Population 4100;4100;sample_2978;135;0.00549913488394999
2979;2979;Population 4100;4100;sample_2979;140;0.0680927844598927
2980;2980;Population 4100;4100;sample_2980;145;-0.033570297054131316
2981;2981;Population 4100;4100;sample_2981;150;-0.050426544101056354
2982;2982;Population 4100;4100;sample_2982;155;-0.2044583463363934
2983;2983;Population 4100;4100;sample_2983;160;-0.007084993398222508
2984;2984;Population 4100;4100;sample_2984;165;-0.004213079224536147
2985;2985;Population 4100;4100;sample_2985;170;0.04890494684881132
2986;2986;Population 4100;4100;sample_2986;175;-0.03278029925696738
2987;2987;Population 4100;4100;sample_2987;180;-0.030191889790913626
2988;2988;Population 4100;4100;sample_2988;185;-0.04325517960787271
2989;2989;Population 4100;4100;sample_2989;190;0.09347558594657929
2990;2990;Population 4100;4100;sample_2990;195;-0.1360438009935313
2991;2991;Population 4100;4100;sample_2991;200;-0.006385444814977004
2992;2992;Population 4100;4100;sample_2992;205;0.07237100822370188
2993;2993;Population 4100;4100;sample_2993;210;0.04859334185913437
2994;2994;Population 4100;4100;sample_2994;215;0.035620462969538615
2995;2995;Population 4100;4100;sample_2995;220;0.039543823852267124
2996;2996;Population 4100;4100;sample_2996;225;0.029919048935312772
2997;2997;Population 4100;4100;sample_2997;230;0.03908651264891865
2998;2998;Population 4100;4100;sample_2998;235;0.07615794785694957
2999;2999;Population 4100;4100;sample_2999;240;0.0288110911550001
3000;3000;Population 4100;4100;sample_3000;245;-0.011545396940635637
3001;3001;Population 4100;4100;sample_3001;250;0.03242336485716702
3002;3002;Population 4100;4100;sample_3002;255;-0.052374567606974294
3003;3003;Population 4100;4100;sample_3003;260;-0.15552452424650154
3004;3004;Population 4100;4100;sample_3004;265;-0.04512310562661586
3005;3005;Population 4100;4100;sample_3005;270;0.026177402656435294
3006;3006;Population 4100;4100;sample_3006;275;-0.007531777025107396
3007;3007;Population 4100;4100;sample_3007;280;0.06369030418096078
3008;3008;Population 4100;4100;sample_3008;285;0.0060648681317513825
3009;3009;Population 4100;4100;sample_3009;290;0.027972496413003794
3010;3010;Population 4100;4100;sample_3010;295;0.04301186095042764
3011;3011;Population 4100;4100;sample_3011;300;-0.05043422154172331
3012;3012;Population 4100;4100;sample_3012;305;-0.02359793430197267
3013;3013;Population 4100;4100;sample_3013;310;0.038707865085678105
3014;3014;Population 4100;4100;sample_3014;315;0.007737862473236663
3015;3015;Population 4100;4100;sample_3015;320;-0.039563614656081936
3016;3016;Population 4100;4100;sample_3016;325;0.05851921337595267
3017;3017;Population 4100;4100;sample_3017;330;-0.04292214591564119
3018;3018;Population 4100;4100;sample_3018;335;0.003160218293090597
3019;3019;Population 4100;4100;sample_3019;340;0.026131606420488857
3020;3020;Population 4100;4100;sample_3020;345;0.022643238368930906
3021;3021;Population 4100;4100;sample_3021;350;-0.03997378829517026
3022;3022;Population 4100;4100;sample_3022;355;0.02201768069132453
3023;3023;Population 4100;4100;sample_3023;360;-0.05874530746216411
3024;3024;Population 4100;4100;sample_3024;365;-0.05125871150685585
3025;3025;Population 4100;4100;sample_3025;370;0.039474554546576154
3026;3026;Population 4100;4100;sample_3026;375;0.10101468480423152
3027;3027;Population 4100;4100;sample_3027;380;0.026561809133360897
3028;3028;Population 4100;4100;sample_3028;385;0.06531660629532166
3029;3029;Population 4100;4100;sample_3029;390;-0.05774731744486647
3030;3030;Population 4100;4100;sample_3030;395;-0.03364236604186132
3031;3031;Population 4100;4100;sample_3031;400;-0.0873612062720054
3032;3032;Population 4100;4100;sample_3032;405;-0.0452411594318251
3033;3033;Population 4100;4100;sample_3033;410;0.04702100332578262
3034;3034;Population 4100;4100;sample_3034;415;-0.044680126565777904
3035;3035;Population 4100;4100;sample_3035;420;0.03381199253044501
3036;3036;Population 4100;4100;sample_3036;425;0.1234402935375122
3037;3037;Population 4100;4100;sample_3037;430;-0.03882043232299595
3038;3038;Population 4100;4100;sample_3038;435;0.05703137833635671
3039;3039;Population 4100;4100;sample_3039;440;0.04060394270406257
3040;3040;Population 4100;4100;sample_3040;445;-0.007176106921248153
3041;3041;Population 4100;4100;sample_3041;450;-0.04317358826141502
3042;3042;Population 4100;4100;sample_3042;455;0.051353259493038116
3043;3043;Population 4100;4100;sample_3043;460;-0.003058796668342763
3044;3044;Population 4100;4100;sample_3044;465;0.026796215115773916
3045;3045;Population 4100;4100;sample_3045;470;0.03837500541135731
3046;3046;Population 4100;4100;sample_3046;475;-0.05653647035261548
3047;3047;Population 4100;4100;sample_3047;480;0.01471753133846084
3048;3048;Population 4100;4100;sample_3048;485;-0.03671982256562788
3049;3049;Population 4100;4100;sample_3049;490;-0.03183267695752891
3050;3050;Population 4100;4100;sample_3050;495;-0.01234493647349194
3051;3051;Population 4100;4100;sample_3051;500;0.029604621099139004
3052;3052;Population 4100;4100;sample_3052;505;-0.031066185956260015
3053;3053;Population 4100;4100;sample_3053;510;-0.019474090417853376
3054;3054;Population 4100;4100;sample_3054;515;0.06390101842181586
3055;3055;Population 4100;4100;sample_3055;520;-0.047917105020479946
3056;3056;Population 4100;4100;sample_3056;525;0.014276070357230898
3057;3057;Population 4100;4100;sample_3057;530;0.037271955770034906
3058;3058;Population 4100;4100;sample_3058;535;0.03842366458874883
3059;3059;Population 4100;4100;sample_3059;540;0.006029231759234745
3060;3060;Population 4100;4100;sample_3060;545;-0.007546599861363403
3061;3061;Population 4100;4100;sample_3061;550;0.06592722839526927
3062;3062;Population 4100;4100;sample_3062;555;0.010087378591207015
3063;3063;Population 4100;4100;sample_3063;560;-0.005141866945215334
3064;3064;Population 4100;4100;sample_3064;565;0.00027790286287939615
3065;3065;Population 4100;4100;sample_3065;570;0.07201725650049691
3066;3066;Population 4100;4100;sample_3066;575;-0.08655330217142883
3067;3067;Population 4100;4100;sample_3067;580;0.03125261366991789
3068;3068;Population 4100;4100;sample_3068;585;-0.029693479102659636
3069;3069;Population 4100;4100;sample_3069;590;0.03629744736623472
3070;3070;Population 4100;4100;sample_3070;595;-0.06468531185450163
3071;3071;Population 4100;4100;sample_3071;600;-0.022993658996808556
3072;3072;Population 4100;4100;sample_3072;605;-0.007319952133671325
3073;3073;Population 4100;4100;sample_3073;610;-0.049113971416466166
3074;3074;Population 4100;4100;sample_3074;615;-0.007705038806417047
3075;3075;Population 4100;4100;sample_3075;620;0.04319903020529685
3076;3076;Population 4100;4100;sample_3076;625;0.08447743050651037
3077;3077;Population 4100;4100;sample_3077;630;0.0007490048209938207
3078;3078;Population 4100;4100;sample_3078;635;-0.03736865563690173
3079;3079;Population 4100;4100;sample_3079;640;0.015356470101166513
3080;3080;Population 4100;4100;sample_3080;645;0.0028388613544824103
3081;3081;Population 4100;4100;sample_3081;650;-0.02227981793916071
3082;3082;Population 4100;4100;sample_3082;655;-0.022148182252649213
3083;3083;Population 4100;4100;sample_3083;660;0.05697026001933642
3084;3084;Population 4100;4100;sample_3084;665;0.05002795606458092
3085;3085;Population 4100;4100;sample_3085;670;-0.001892495354786194
3086;3086;Population 4100;4100;sample_3086;675;0.0037485457584760353
3087;3087;Population 4100;4100;sample_3087;680;-0.01781957108620131
3088;3088;Population 4100;4100;sample_3088;685;0.07981251399194692
3089;3089;Population 4100;4100;sample_3089;690;0.09354743735489214
3090;3090;Population 4100;4100;sample_3090;695;-0.011202397419205883
3091;3091;Population 4100;4100;sample_3091;700;0.06487587462325368
3092;3092;Population 4100;4100;sample_3092;705;-0.02242252026371245
3093;3093;Population 4100;4100;sample_3093;710;-0.044863427298948516
3094;3094;Population 4100;4100;sample_3094;715;-0.017427534067938656
3095;3095;Population 4100;4100;sample_3095;720;-0.04123137251818433
3096;3096;Population 4100;4100;sample_3096;725;0.07775198858784366
3097;3097;Population 4100;4100;sample_3097;730;0.024249449044651296
3098;3098;Population 4100;4100;sample_3098;735;0.0424893728005296
3099;3099;Population 4100;4100;sample_3099;740;0.008607098804551282
3100;3100;Population 4100;4100;sample_3100;745;-0.00453150090865994
3101;3101;Population 4100;4100;sample_3101;750;0.034273276987763134
3102;3102;Population 4100;4100;sample_3102;755;0.020920371203594697
3103;3103;Population 4100;4100;sample_3103;760;0.0380007294875279
3104;3104;Population 4100;4100;sample_3104;765;0.06098738666374279
3105;3105;Population 4100;4100;sample_3105;770;0.030136664022393653
3106;3106;Population 4100;4100;sample_3106;775;0.030415790270229722
3107;3107;Population 4100;4100;sample_3107;780;-0.004266646090115295
3108;3108;Population 4100;4100;sample_3108;785;0.03614375091332155
3109;3109;Population 4100;4100;sample_3109;790;-0.026435622758199624
3110;3110;Population 4100;4100;sample_3110;795;0.028192526219612324
3111;3111;Population 4100;4100;sample_3111;800;-0.014347721350592035
3112;3112;Population 4100;4100;sample_3112;805;0.01890364766071583
3113;3113;Population 4100;4100;sample_3113;810;0.007078264483341106
3114;3114;Population 4100;4100;sample_3114;815;0.006802809917566607
3115;3115;Population 4100;4100;sample_3115;820;-0.024128933314997762
3116;3116;Population 4100;4100;sample_3116;825;0.07252262491907835
3117;3117;Population 4100;4100;sample_3117;830;-0.0034853530712126864
3118;3118;Population 4100;4100;sample_3118;835;0.015880492631672752
3119;3119;Population 4100;4100;sample_3119;840;-0.008508060318809617
3120;3120;Population 4100;4100;sample_3120;845;-0.0717612164961553
3121;3121;Population 4100;4100;sample_3121;850;-0.006504584792573514
3122;3122;Population 4100;4100;sample_3122;855;0.023126563701346917
3123;3123;Population 4100;4100;sample_3123;860;-0.013370393373704431
3124;3124;Population 4100;4100;sample_3124;865;-0.01826340495081378
3125;3125;Population 4100;4100;sample_3125;870;0.00988227083968832
3126;3126;Population 4100;4100;sample_3126;875;0.010836892867119285
3127;3127;Population 4100;4100;sample_3127;880;0.025327594019881917
3128;3128;Population 4100;4100;sample_3128;885;0.012512050893800376
3129;3129;Population 4100;4100;sample_3129;890;-0.05453768782386341
3130;3130;Population 4100;4100;sample_3130;895;-0.05323214044291321
3131;3131;Population 4100;4100;sample_3131;900;0.008635337170043604
3132;3132;Population 4100;4100;sample_3132;905;0.04226644027262796
3133;3133;Population 4100;4100;sample_3133;910;-0.02130506766985812
3134;3134;Population 4100;4100;sample_3134;915;-0.027273485379503987
3135;3135;Population 4100;4100;sample_3135;920;-0.03398834712155232
3136;3136;Population 4100;4100;sample_3136;925;-0.013650447140249152
3137;3137;Population 4100;4100;sample_3137;930;0.006780121671260943
3138;3138;Population 4100;4100;sample_3138;935;0.004670283035934816
3139;3139;Population 4100;4100;sample_3139;940;0.04606343917268869
3140;3140;Population 4100;4100;sample_3140;945;-0.02786754320964384
3141;3141;Population 4100;4100;sample_3141;950;2.62514745874702e-05
3142;3142;Population 4100;4100;sample_3142;955;0.00841989663962636
3143;3143;Population 4100;4100;sample_3143;960;-0.024372708181211906
3144;3144;Population 4100;4100;sample_3144;965;0.01744795970431316
3145;3145;Population 4100;4100;sample_3145;970;0.045281542587155464
3146;3146;Population 4100;4100;sample_3146;975;-0.001197475385226057
3147;3147;Population 4100;4100;sample_3147;980;0.03598446644340291
3148;3148;Population 4100;4100;sample_3148;985;0.026361466254816383
3149;3149;Population 4100;4100;sample_3149;990;-0.024308876322903773
3150;3150;Population 4100;4100;sample_3150;995;0.014844026738967297
3151;3151;Population 4100;4100;sample_3151;1000;0.01146485687323925
3152;3152;Population 4100;4100;sample_3152;1005;0.010034366778993494
3153;3153;Population 4100;4100;sample_3153;1010;-0.043351202354664574
3154;3154;Population 4100;4100;sample_3154;1015;-0.028199907266807572
3155;3155;Population 4100;4100;sample_3155;1020;-0.016149692457911428
3156;3156;Population 4100;4100;sample_3156;1025;-0.014521790039546557
3157;3157;Population 4100;4100;sample_3157;1030;0.005958112075569892
3158;3158;Population 4100;4100;sample_3158;1035;0.018741360279403676
3159;3159;Population 4100;4100;sample_3159;1040;0.05421357109230078
3160;3160;Population 4100;4100;sample_3160;1045;-0.013547295768210654
3161;3161;Population 4100;4100;sample_3161;1050;-0.055567420450655214
3162;3162;Population 4100;4100;sample_3162;1055;0.0001478682467259396
3163;3163;Population 4100;4100;sample_3163;1060;-0.014133327076250972
3164;3164;Population 4100;4100;sample_3164;1065;-0.04232125985081836
3165;3165;Population 4100;4100;sample_3165;1070;-0.007575230056959793
3166;3166;Population 4100;4100;sample_3166;1075;-0.014518148508933239
3167;3167;Population 4100;4100;sample_3167;1080;0.007412653855337872
3168;3168;Population 4100;4100;sample_3168;1085;0.030642822300928328
3169;3169;Population 4100;4100;sample_3169;1090;-0.0009074425925269246
3170;3170;Population 4100;4100;sample_3170;1095;0.0028805093629576417
3171;3171;Population 4100;4100;sample_3171;1100;-0.029276170275907336
3172;3172;Population 4100;4100;sample_3172;1105;0.02277396255493275
3173;3173;Population 4100;4100;sample_3173;1110;-0.016802244029512064
3174;3174;Population 4100;4100;sample_3174;1115;-0.02826429122684428
3175;3175;Population 4100;4100;sample_3175;1120;-0.008103460729779364
3176;3176;Population 4100;4100;sample_3176;1125;0.05601153301844888
3177;3177;Population 4100;4100;sample_3177;1130;-0.012588992821698734
3178;3178;Population 4100;4100;sample_3178;1135;-0.011981879427774253
3179;3179;Population 4100;4100;sample_3179;1140;0.07836674768461598
3180;3180;Population 4100;4100;sample_3180;1145;0.00016243147331877097
3181;3181;Population 4100;4100;sample_3181;1150;-0.009513713335145562
3182;3182;Population 4100;4100;sample_3182;1155;0.031495190829194594
3183;3183;Population 4100;4100;sample_3183;1160;-0.05184766010169893
3184;3184;Population 4100;4100;sample_3184;1165;0.03260413688749696
3185;3185;Population 4100;4100;sample_3185;1170;0.021515193068760263
3186;3186;Population 4100;4100;sample_3186;1175;-0.01370586646251212
3187;3187;Population 4100;4100;sample_3187;1180;-0.022224335563268652
3188;3188;Population 4100;4100;sample_3188;1185;-0.00863302551673201
3189;3189;Population 4100;4100;sample_3189;1190;0.04074866667343986
3190;3190;Population 4100;4100;sample_3190;1195;0.030840176406343824
3191;3191;Population 4100;4100;sample_3191;1200;0.009116932892311415
3192;3192;Population 4100;4100;sample_3192;1205;0.051500607299945544
3193;3193;Population 4100;4100;sample_3193;1210;-0.016819788624321652
3194;3194;Population 4100;4100;sample_3194;1215;0.018427328722098194
3195;3195;Population 4100;4100;sample_3195;1220;0.017473123585674006
3196;3196;Population 4100;4100;sample_3196;1225;0.01927972011093912
3197;3197;Population 4100;4100;sample_3197;1230;-0.0036905980339192877
3198;3198;Population 4100;4100;sample_3198;1235;-0.03511433976714235
3199;3199;Population 4100;4100;sample_3199;1240;0.04802649573961819
3200;3200;Population 4100;4100;sample_3200;1245;-0.0195094564641239
3201;3201;Population 4100;4100;sample_3201;1250;-0.0037255427149637684
3202;3202;Population 4100;4100;sample_3202;1255;-0.0062502842728812714
3203;3203;Population 4100;4100;sample_3203;1260;0.03119371753955564
3204;3204;Population 4100;4100;sample_3204;1265;0.0019190399655166692
3205;3205;Population 4100;4100;sample_3205;1270;-0.0019216720627528124
3206;3206;Population 4100;4100;sample_3206;1275;0.0334276975462924
3207;3207;Population 4100;4100;sample_3207;1280;0.013645317159754377
3208;3208;Population 4100;4100;sample_3208;1285;-0.02321393823892439
3209;3209;Population 4100;4100;sample_3209;1290;-0.054106173267923455
3210;3210;Population 4100;4100;sample_3210;1295;0.023911095160910188
3211;3211;Population 4100;4100;sample_3211;1300;0.0024812707011717164
3212;3212;Population 4100;4100;sample_3212;1305;0.04873979913989042
3213;3213;Population 4100;4100;sample_3213;1310;-0.010795685613763449
3214;3214;Population 4100;4100;sample_3214;1315;-0.013722630959680996
3215;3215;Population 4100;4100;sample_3215;1320;0.018600016256411722
3216;3216;Population 4100;4100;sample_3216;1325;0.019854604663499458
3217;3217;Population 4100;4100;sample_3217;1330;0.011690930828449686
3218;3218;Population 4100;4100;sample_3218;1335;-0.008552732704779702
3219;3219;Population 4100;4100;sample_3219;1340;-0.02029272133505302
3220;3220;Population 4100;4100;sample_3220;1345;0.0018082972989118934
3221;3221;Population 4100;4100;sample_3221;1350;-0.01686060192284199
3222;3222;Population 4100;4100;sample_3222;1355;0.011496813761224443
3223;3223;Population 4100;4100;sample_3223;1360;-0.003290021670584192
3224;3224;Population 4100;4100;sample_3224;1365;-0.0003493669313232312
3225;3225;Population 4100;4100;sample_3225;1370;0.001268221302968377
3226;3226;Population 4100;4100;sample_3226;1375;-0.000976573510394182
3227;3227;Population 4100;4100;sample_3227;1380;-0.036797545369278116
3228;3228;Population 4100;4100;sample_3228;1385;0.031702217345702534
3229;3229;Population 4100;4100;sample_3229;1390;-0.012138855954795103
3230;3230;Population 4100;4100;sample_3230;1395;-0.016739334137580646
3231;3231;Population 4100;4100;sample_3231;1400;-0.0039010220262784808
3232;3232;Population 4100;4100;sample_3232;1405;0.005347460754749662
3233;3233;Population 4100;4100;sample_3233;1410;0.026384004565724192
3234;3234;Population 4100;4100;sample_3234;1415;0.04122572164814265
3235;3235;Population 4100;4100;sample_3235;1420;0.01530325250986269
3236;3236;Population 4100;4100;sample_3236;1425;-0.0017176484584768615
3237;3237;Population 4100;4100;sample_3237;1430;-0.03540403119617366
3238;3238;Population 4100;4100;sample_3238;1435;0.01272054575933713
3239;3239;Population 4100;4100;sample_3239;1440;0.0031009102695129624
3240;3240;Population 4100;4100;sample_3240;1445;0.04107570953418474
3241;3241;Population 4100;4100;sample_3241;1450;-0.0017509808214735854
3242;3242;Population 4100;4100;sample_3242;1455;-0.004002142458575385
3243;3243;Population 4100;4100;sample_3243;1460;-0.012055843386088253
3244;3244;Population 4100;4100;sample_3244;1465;-0.018090533774524655
3245;3245;Population 4100;4100;sample_3245;1470;-0.012313312166586056
3246;3246;Population 4100;4100;sample_3246;1475;0.013174905149572674
3247;3247;Population 4100;4100;sample_3247;1480;0.0061528204437075245
3248;3248;Population 4100;4100;sample_3248;1485;0.03987453002807155
3249;3249;Population 4100;4100;sample_3249;1490;-0.03442452848990733
3250;3250;Population 4100;4100;sample_3250;1495;-0.0023193228986968036
3251;3251;Population 4100;4100;sample_3251;1500;0.0401957313767229
3252;3252;Population 4100;4100;sample_3252;1505;0.020294169094156222
3253;3253;Population 4100;4100;sample_3253;1510;0.044881778190702125
3254;3254;Population 4100;4100;sample_3254;1515;0.0025673928132630016
3255;3255;Population 4100;4100;sample_3255;1520;-0.04463136668807484
3256;3256;Population 4100;4100;sample_3256;1525;-0.030536120935310607
3257;3257;Population 4100;4100;sample_3257;1530;0.015740486442902966
3258;3258;Population 4100;4100;sample_3258;1535;0.02822134056143484
3259;3259;Population 4100;4100;sample_3259;1540;0.01571210624463548
3260;3260;Population 4100;4100;sample_3260;1545;0.0004939796765792964
3261;3261;Population 4100;4100;sample_3261;1550;0.0482785923242398
3262;3262;Population 4100;4100;sample_3262;1555;0.01070652110693917
3263;3263;Population 4100;4100;sample_3263;1560;0.012881943869697392
3264;3264;Population 4100;4100;sample_3264;1565;-0.01963666678320578
3265;3265;Population 4100;4100;sample_3265;1570;-0.0006067144182675218
3266;3266;Population 4100;4100;sample_3266;1575;-0.03969018730741992
3267;3267;Population 4100;4100;sample_3267;1580;-0.020848705933855946
3268;3268;Population 4100;4100;sample_3268;1585;0.003140244445379876
3269;3269;Population 4100;4100;sample_3269;1590;0.029322978391850538
3270;3270;Population 4100;4100;sample_3270;1595;0.030739624436498966
3271;3271;Population 4100;4100;sample_3271;1600;0.0003373895647216729
3272;3272;Population 4100;4100;sample_3272;1605;-0.0019722496360459934
3273;3273;Population 4100;4100;sample_3273;1610;0.009198708619672097
3274;3274;Population 4100;4100;sample_3274;1615;0.03046635441312169
3275;3275;Population 4100;4100;sample_3275;1620;-0.0251414735412075
3276;3276;Population 4100;4100;sample_3276;1625;0.014052084481125148
3277;3277;Population 4100;4100;sample_3277;1630;0.004141398842061649
3278;3278;Population 4100;4100;sample_3278;1635;0.02824470120910661
3279;3279;Population 4100;4100;sample_3279;1640;-0.04863741745960049
3280;3280;Population 4100;4100;sample_3280;1645;-0.03703666852583573
3281;3281;Population 4100;4100;sample_3281;1650;0.04223205764911234
3282;3282;Population 4100;4100;sample_3282;1655;0.013827348035811449
3283;3283;Population 4100;4100;sample_3283;1660;-0.013566328497546517
3284;3284;Population 4100;4100;sample_3284;1665;0.008411632648822645
3285;3285;Population 4100;4100;sample_3285;1670;0.004570557484787154
3286;3286;Population 4100;4100;sample_3286;1675;-0.0320494267573508
3287;3287;Population 4100;4100;sample_3287;1680;0.051269193613978914
3288;3288;Population 4100;4100;sample_3288;1685;0.017144909565093666
3289;3289;Population 4100;4100;sample_3289;1690;0.012920980238867159
3290;3290;Population 4100;4100;sample_3290;1695;0.009729176376501033
3291;3291;Population 4100;4100;sample_3291;1700;-0.022131140508599597
3292;3292;Population 4100;4100;sample_3292;1705;0.04268169227905324
3293;3293;Population 4100;4100;sample_3293;1710;-0.020852982421025866
3294;3294;Population 4100;4100;sample_3294;1715;0.033984271828576926
3295;3295;Population 4100;4100;sample_3295;1720;0.0002088189648121772
3296;3296;Population 4100;4100;sample_3296;1725;-0.014351207872177418
3297;3297;Population 4100;4100;sample_3297;1730;-0.02059140568084036
3298;3298;Population 4100;4100;sample_3298;1735;0.010733659184576742
3299;3299;Population 4100;4100;sample_3299;1740;0.02112696405982178
3300;3300;Population 4100;4100;sample_3300;1745;0.03666695225765627
3301;3301;Population 4100;4100;sample_3301;1750;-0.008293638638439627
3302;3302;Population 4100;4100;sample_3302;1755;-0.04589119767765769
3303;3303;Population 4100;4100;sample_3303;1760;-0.026972402799977906
3304;3304;Population 4100;4100;sample_3304;1765;0.0006485928213282184
3305;3305;Population 4100;4100;sample_3305;1770;0.017288292930065407
3306;3306;Population 4100;4100;sample_3306;1775;0.0056741740285523685
3307;3307;Population 4100;4100;sample_3307;1780;0.028272166987417153
3308;3308;Population 4100;4100;sample_3308;1785;-0.0075935314341401446
3309;3309;Population 4100;4100;sample_3309;1790;-0.02674622472571001
3310;3310;Population 4100;4100;sample_3310;1795;0.004549848717967645
3311;3311;Population 4100;4100;sample_3311;1800;-0.008988047748815498
3312;3312;Population 4100;4100;sample_3312;1805;-0.004263661359186291
3313;3313;Population 4100;4100;sample_3313;1810;0.01509290967074372
3314;3314;Population 4100;4100;sample_3314;1815;0.028185788252648426
3315;3315;Population 4100;4100;sample_3315;1820;0.014841072286089193
3316;3316;Population 4100;4100;sample_3316;1825;0.030043463764266327
3317;3317;Population 4100;4100;sample_3317;1830;0.01193795134473384
3318;3318;Population 4100;4100;sample_3318;1835;0.008756048956164978
3319;3319;Population 4100;4100;sample_3319;1840;0.03513345132932222
3320;3320;Population 4100;4100;sample_3320;1845;0.012176292628596517
3321;3321;Population 4100;4100;sample_3321;1850;0.04043039344407475
3322;3322;Population 4100;4100;sample_3322;1855;0.034368455374576015
3323;3323;Population 4100;4100;sample_3323;1860;0.021449072250542118
3324;3324;Population 4100;4100;sample_3324;1865;-0.04168081872852803
3325;3325;Population 4100;4100;sample_3325;1870;0.02161671207983057
3326;3326;Population 4100;4100;sample_3326;1875;0.00835311205935262
3327;3327;Population 4100;4100;sample_3327;1880;-0.0405275764084265
3328;3328;Population 4100;4100;sample_3328;1885;0.035610834303750886
3329;3329;Population 4100;4100;sample_3329;1890;0.004655571434309224
3330;3330;Population 4100;4100;sample_3330;1895;0.016893030948293364
3331;3331;Population 4100;4100;sample_3331;1900;-0.006602450833724821
3332;3332;Population 4100;4100;sample_3332;1905;0.017975605332414633
3333;3333;Population 4100;4100;sample_3333;1910;0.02272685312965894
3334;3334;Population 4100;4100;sample_3334;1915;-0.005610346804350544
3335;3335;Population 4100;4100;sample_3335;1920;0.032026574227698425
3336;3336;Population 4100;4100;sample_3336;1925;0.006405879836698645
3337;3337;Population 4100;4100;sample_3337;1930;0.00456511456834483
3338;3338;Population 4100;4100;sample_3338;1935;-0.009868878992526914
3339;3339;Population 4100;4100;sample_3339;1940;-0.0060166738838523985
3340;3340;Population 4100;4100;sample_3340;1945;0.00030653136746426477
3341;3341;Population 4100;4100;sample_3341;1950;0.023773406941667703
3342;3342;Population 4100;4100;sample_3342;1955;-0.013912627406725862
3343;3343;Population 4100;4100;sample_3343;1960;0.011721468442557961
3344;3344;Population 4100;4100;sample_3344;1965;0.002675407333587981
3345;3345;Population 4100;4100;sample_3345;1970;-0.008138793080039161
3346;3346;Population 4100;4100;sample_3346;1975;0.007159456610286597
3347;3347;Population 4100;4100;sample_3347;1980;0.03680525160495396
3348;3348;Population 4100;4100;sample_3348;1985;0.007539010422183808
3349;3349;Population 4100;4100;sample_3349;1990;6.24784051293082e-06
3350;3350;Population 4100;4100;sample_3350;1995;-0.012811829235301357
3351;3351;Population 4100;4100;sample_3351;2000;0.006644966336717603
3352;3352;Population 4100;4100;sample_3352;2005;-0.03263769557756752
3353;3353;Population 4100;4100;sample_3353;2010;0.0383146276599195
3354;3354;Population 4100;4100;sample_3354;2015;0.007205546192400967
3355;3355;Population 4100;4100;sample_3355;2020;0.015474732988913593
3356;3356;Population 4100;4100;sample_3356;2025;-0.024296662667387826
3357;3357;Population 4100;4100;sample_3357;2030;0.0019278100606090099
3358;3358;Population 4100;4100;sample_3358;2035;0.021812155795377486
3359;3359;Population 4100;4100;sample_3359;2040;0.0076358946635737375
3360;3360;Population 4100;4100;sample_3360;2045;-0.0013448829453279964
3361;3361;Population 4100;4100;sample_3361;2050;0.020457945579352727
3362;3362;Population 4100;4100;sample_3362;2055;0.0530546529040319
3363;3363;Population 4100;4100;sample_3363;2060;0.014681312153828108
3364;3364;Population 4100;4100;sample_3364;2065;0.011597924176210252
3365;3365;Population 4100;4100;sample_3365;2070;0.013943828360540823
3366;3366;Population 4100;4100;sample_3366;2075;0.014392144485973797
3367;3367;Population 4100;4100;sample_3367;2080;-0.026914690204116104
3368;3368;Population 4100;4100;sample_3368;2085;-0.021928516801848628
3369;3369;Population 4100;4100;sample_3369;2090;0.03354117718219571
3370;3370;Population 4100;4100;sample_3370;2095;0.015686255541115517
3371;3371;Population 4100;4100;sample_3371;2100;-0.021413419054159877
3372;3372;Population 4100;4100;sample_3372;2105;0.011908368416638391
3373;3373;Population 4100;4100;sample_3373;2110;0.01767543737825293
3374;3374;Population 4100;4100;sample_3374;2115;-0.0011610382095224353
3375;3375;Population 4100;4100;sample_3375;2120;0.02451974752711883
3376;3376;Population 4100;4100;sample_3376;2125;0.023365467378305048
3377;3377;Population 4100;4100;sample_3377;2130;0.01835086117080896
3378;3378;Population 4100;4100;sample_3378;2135;-0.011112901082742387
3379;3379;Population 4100;4100;sample_3379;2140;-0.0056723327138411585
3380;3380;Population 4100;4100;sample_3380;2145;-0.0003828336599573115
3381;3381;Population 4100;4100;sample_3381;2150;-0.008013347732519788
3382;3382;Population 4100;4100;sample_3382;2155;-0.012877708287978644
3383;3383;Population 4100;4100;sample_3383;2160;-0.013989997793048886
3384;3384;Population 4100;4100;sample_3384;2165;0.0050795075660236486
3385;3385;Population 4100;4100;sample_3385;2170;0.014689800459377098
3386;3386;Population 4100;4100;sample_3386;2175;-0.00651813827007054
3387;3387;Population 4100;4100;sample_3387;2180;0.015796681009706312
3388;3388;Population 4100;4100;sample_3388;2185;0.025021060236572433
3389;3389;Population 4100;4100;sample_3389;2190;0.005144312218844149
3390;3390;Population 4100;4100;sample_3390;2195;-0.01868481653692668
3391;3391;Population 4100;4100;sample_3391;2200;0.023839300021288954
3392;3392;Population 4100;4100;sample_3392;2205;0.02246984126591318
3393;3393;Population 4100;4100;sample_3393;2210;-0.012062359245839857
3394;3394;Population 4100;4100;sample_3394;2215;0.010646569037298962
3395;3395;Population 4100;4100;sample_3395;2220;0.014355881982845481
3396;3396;Population 4100;4100;sample_3396;2225;0.0026911408828627337
3397;3397;Population 4100;4100;sample_3397;2230;0.006903780240427458
3398;3398;Population 4100;4100;sample_3398;2235;0.014031011232505324
3399;3399;Population 4100;4100;sample_3399;2240;0.016454917921493676
3400;3400;Population 4100;4100;sample_3400;2245;0.012708730572379985
3401;3401;Population 4100;4100;sample_3401;2250;-0.023281663891206353
3402;3402;Population 4100;4100;sample_3402;2255;0.01570157008443417
3403;3403;Population 4100;4100;sample_3403;2260;0.007178084309436467
3404;3404;Population 4100;4100;sample_3404;2265;-0.01701940928018072
3405;3405;Population 4100;4100;sample_3405;2270;0.011280851138435414
3406;3406;Population 4100;4100;sample_3406;2275;0.0153681425067357
3407;3407;Population 4100;4100;sample_3407;2280;0.0012726687637241148
3408;3408;Population 4100;4100;sample_3408;2285;-0.0017441445171628288
3409;3409;Population 4100;4100;sample_3409;2290;0.0008328605938367653
3410;3410;Population 4100;4100;sample_3410;2295;0.0008231054392934786
3411;3411;Population 4100;4100;sample_3411;2300;0.0021264378871669568
3412;3412;Population 4100;4100;sample_3412;2305;0.013337947727240734
3413;3413;Population 4100;4100;sample_3413;2310;-0.017642068204835396
3414;3414;Population 4100;4100;sample_3414;2315;-0.01880332928042424
3415;3415;Population 4100;4100;sample_3415;2320;0.01642957080024082
3416;3416;Population 4100;4100;sample_3416;2325;0.024757678536590236
3417;3417;Population 4100;4100;sample_3417;2330;-0.010441968655241867
3418;3418;Population 4100;4100;sample_3418;2335;-0.021587703663768693
3419;3419;Population 4100;4100;sample_3419;2340;-0.0021715557614223873
3420;3420;Population 4100;4100;sample_3420;2345;-0.009248284782804797
3421;3421;Population 4100;4100;sample_3421;2350;0.03980529693381452
3422;3422;Population 4100;4100;sample_3422;2355;-0.0033382430870003807
3423;3423;Population 4100;4100;sample_3423;2360;-0.007005449406775011
3424;3424;Population 4100;4100;sample_3424;2365;-0.0032944773523659217
3425;3425;Population 4100;4100;sample_3425;2370;0.011674072882718689
3426;3426;Population 4100;4100;sample_3426;2375;-0.02181845931562513
3427;3427;Population 4100;4100;sample_3427;2380;0.010549919717684948
3428;3428;Population 4100;4100;sample_3428;2385;-0.006725721661106388
3429;3429;Population 4100;4100;sample_3429;2390;0.004409843082937705
3430;3430;Population 4100;4100;sample_3430;2395;0.00013633133679686756
3431;3431;Population 4100;4100;sample_3431;2400;0.0038877756367063808
3432;3432;Population 4100;4100;sample_3432;2405;0.010047053231593214
3433;3433;Population 4100;4100;sample_3433;2410;-0.009091829340597405
3434;3434;Population 4100;4100;sample_3434;2415;0.02111775345118799
3435;3435;Population 4100;4100;sample_3435;2420;-0.003904501826287363
3436;3436;Population 4100;4100;sample_3436;2425;0.000486117428438042
3437;3437;Population 4100;4100;sample_3437;2430;-0.011804046780463944
3438;3438;Population 4100;4100;sample_3438;2435;-0.005746265815097323
3439;3439;Population 4100;4100;sample_3439;2440;0.005997030690938558
3440;3440;Population 4100;4100;sample_3440;2445;0.0003283773090894301
3441;3441;Population 4100;4100;sample_3441;2450;0.027238506167530353
3442;3442;Population 4100;4100;sample_3442;2455;0.015433074182211678
3443;3443;Population 4100;4100;sample_3443;2460;-0.006674498839854843
3444;3444;Population 4100;4100;sample_3444;2465;-0.020104397264217446
3445;3445;Population 4100;4100;sample_3445;2470;0.0036361211101614667
3446;3446;Population 4100;4100;sample_3446;2475;0.0027675647860986104
3447;3447;Population 4100;4100;sample_3447;2480;-0.00021595717720436763
3448;3448;Population 4100;4100;sample_3448;2485;0.005144251709789721
3449;3449;Population 4100;4100;sample_3449;2490;0.0005130345412737896
3450;3450;Population 4100;4100;sample_3450;2495;-0.0067666378565747354
3451;3451;Population 4100;4100;sample_3451;2500;0.03534844589539023
3452;3452;Population 4100;4100;sample_3452;2505;0.008866323120584553
3453;3453;Population 4100;4100;sample_3453;2510;-0.004401861267369866
3454;3454;Population 4100;4100;sample_3454;2515;-0.007153054209619268
3455;3455;Population 4100;4100;sample_3455;2520;0.01812238584594971
3456;3456;Population 4100;4100;sample_3456;2525;0.00908857030295278
3457;3457;Population 4100;4100;sample_3457;2530;0.012579189820298651
3458;3458;Population 4100;4100;sample_3458;2535;-0.004010696985524476
3459;3459;Population 4100;4100;sample_3459;2540;-0.00767716041419758
3460;3460;Population 4100;4100;sample_3460;2545;0.00830491260718528
3461;3461;Population 4100;4100;sample_3461;2550;0.02097625648011767
3462;3462;Population 4100;4100;sample_3462;2555;0.012559850522987687
3463;3463;Population 4100;4100;sample_3463;2560;-0.025232580205704243
3464;3464;Population 4100;4100;sample_3464;2565;0.021132343611096782
3465;3465;Population 4100;4100;sample_3465;2570;-0.014916961343097342
3466;3466;Population 4100;4100;sample_3466;2575;-0.004126055111945449
3467;3467;Population 4100;4100;sample_3467;2580;0.008321665058578108
3468;3468;Population 4100;4100;sample_3468;2585;-0.012961008855555997
3469;3469;Population 4100;4100;sample_3469;2590;-0.0016713557421403633
3470;3470;Population 4100;4100;sample_3470;2595;0.03194055148740172
3471;3471;Population 4100;4100;sample_3471;2600;0.01871055048999106
3472;3472;Population 4100;4100;sample_3472;2605;0.01843336569343204
3473;3473;Population 4100;4100;sample_3473;2610;0.018661123891975207
3474;3474;Population 4100;4100;sample_3474;2615;0.01637575086797072
3475;3475;Population 4100;4100;sample_3475;2620;0.004517467556854314
3476;3476;Population 4100;4100;sample_3476;2625;0.024627677115481573
3477;3477;Population 4100;4100;sample_3477;2630;-0.023770640347676765
3478;3478;Population 4100;4100;sample_3478;2635;-0.00187547876872653
3479;3479;Population 4100;4100;sample_3479;2640;-0.012238935457972428
3480;3480;Population 4100;4100;sample_3480;2645;-0.002492097360933476
3481;3481;Population 4100;4100;sample_3481;2650;0.0013124463218286376
3482;3482;Population 4100;4100;sample_3482;2655;0.01682844848168723
3483;3483;Population 4100;4100;sample_3483;2660;-0.005838247737110879
3484;3484;Population 4100;4100;sample_3484;2665;-0.004920099068207313
3485;3485;Population 4100;4100;sample_3485;2670;0.01863528782653337
3486;3486;Population 4100;4100;sample_3486;2675;0.03183699302450236
3487;3487;Population 4100;4100;sample_3487;2680;0.007015704576012934
3488;3488;Population 4100;4100;sample_3488;2685;0.000608688239352412
3489;3489;Population 4100;4100;sample_3489;2690;0.008367576813561489
3490;3490;Population 4100;4100;sample_3490;2695;0.007947906788253514
3491;3491;Population 4100;4100;sample_3491;2700;-0.020657521271197077
3492;3492;Population 4100;4100;sample_3492;2705;0.016909298868146443
3493;3493;Population 4100;4100;sample_3493;2710;0.016264752593239902
3494;3494;Population 4100;4100;sample_3494;2715;-0.0027453524524643784
3495;3495;Population 4100;4100;sample_3495;2720;-0.0017913279281251068
3496;3496;Population 4100;4100;sample_3496;2725;0.011171020455241912
3497;3497;Population 4100;4100;sample_3497;2730;-0.008159617053793223
3498;3498;Population 4100;4100;sample_3498;2735;0.005551351466197437
3499;3499;Population 4100;4100;sample_3499;2740;-0.0006971616578608921
3500;3500;Population 4100;4100;sample_3500;2745;0.013488140038660428
3501;3501;Population 4100;4100;sample_3501;2750;-0.005345403326348932
3502;3502;Population 4100;4100;sample_3502;2755;-0.009985300253193958
3503;3503;Population 4100;4100;sample_3503;2760;0.02486203109411864
3504;3504;Population 4100;4100;sample_3504;2765;0.03275043486762588
3505;3505;Population 4100;4100;sample_3505;2770;0.007339511647971238
3506;3506;Population 4100;4100;sample_3506;2775;0.013603432205391324
3507;3507;Population 4100;4100;sample_3507;2780;0.022121510151543507
3508;3508;Population 4100;4100;sample_3508;2785;0.010000451607921288
3509;3509;Population 4100;4100;sample_3509;2790;0.007378627523854871
3510;3510;Population 4100;4100;sample_3510;2795;0.011203128460296294
3511;3511;Population 4100;4100;sample_3511;2800;-0.006339583137564573
3512;3512;Population 4100;4100;sample_3512;2805;-0.012111659408839032
3513;3513;Population 4100;4100;sample_3513;2810;0.012069652607211667
3514;3514;Population 4100;4100;sample_3514;2815;0.013666385278304776
3515;3515;Population 4100;4100;sample_3515;2820;-0.011676299317753071
3516;3516;Population 4100;4100;sample_3516;2825;0.008622026056575851
3517;3517;Population 4100;4100;sample_3517;2830;0.00021073984720689455
3518;3518;Population 4100;4100;sample_3518;2835;0.007808242740754468
3519;3519;Population 4100;4100;sample_3519;2840;0.007044098486572923
3520;3520;Population 4100;4100;sample_3520;2845;0.0020213397068951176
3521;3521;Population 4100;4100;sample_3521;2850;0.01705510301219805
3522;3522;Population 4100;4100;sample_3522;2855;0.004143775477346826
3523;3523;Population 4100;4100;sample_3523;2860;-0.00621249731837129
3524;3524;Population 4100;4100;sample_3524;2865;0.0018721444812112473
3525;3525;Population 4100;4100;sample_3525;2870;-0.00010344820972834122
3526;3526;Population 4100;4100;sample_3526;2875;0.0001488126415900707
3527;3527;Population 4100;4100;sample_3527;2880;0.014831723609134833
3528;3528;Population 4100;4100;sample_3528;2885;-0.0033332928079465567
3529;3529;Population 4100;4100;sample_3529;2890;-0.005209915079692159
3530;3530;Population 4100;4100;sample_3530;2895;0.018495877807733308
3531;3531;Population 4100;4100;sample_3531;2900;0.0035684332734353024
3532;3532;Population 4100;4100;sample_3532;2905;8.182551207390446e-05
3533;3533;Population 4100;4100;sample_3533;2910;-0.008364360371031391
3534;3534;Population 4100;4100;sample_3534;2915;-0.003638297429403316
3535;3535;Population 4100;4100;sample_3535;2920;0.01351423595615183
3536;3536;Population 4100;4100;sample_3536;2925;0.0243993806421191
3537;3537;Population 4100;4100;sample_3537;2930;-0.016944340633915075
3538;3538;Population 4100;4100;sample_3538;2935;0.019687786716920803
3539;3539;Population 4100;4100;sample_3539;2940;-0.002433403349958606
3540;3540;Population 4100;4100;sample_3540;2945;-0.006758903788293495
3541;3541;Population 4100;4100;sample_3541;2950;0.013764652960043752
3542;3542;Population 4100;4100;sample_3542;2955;-0.020978355413869682
3543;3543;Population 4100;4100;sample_3543;2960;-0.00042945440760424795
3544;3544;Population 4100;4100;sample_3544;2965;-0.010689118221142449
3545;3545;Population 4100;4100;sample_3545;2970;0.031014338637779342
3546;3546;Population 4100;4100;sample_3546;2975;0.005777252550473731
3547;3547;Population 4100;4100;sample_3547;2980;0.010619563384841072
3548;3548;Population 4100;4100;sample_3548;2985;0.013445968487790663
3549;3549;Population 4100;4100;sample_3549;2990;0.017101192984904683
3550;3550;Population 4100;4100;sample_3550;2995;0.011989356801515742
3551;3551;Population 4100;4100;sample_3551;3000;0.0008605225390683274
3552;3552;Population 4100;4100;sample_3552;3005;0.0005196130916583488
3553;3553;Population 4100;4100;sample_3553;3010;-0.004109691997507603
3554;3554;Population 4100;4100;sample_3554;3015;0.012546804831155512
3555;3555;Population 4100;4100;sample_3555;3020;0.005697874457223362
3556;3556;Population 4100;4100;sample_3556;3025;0.009069486482520036
3557;3557;Population 4100;4100;sample_3557;3030;0.015026993848947578
3558;3558;Population 4100;4100;sample_3558;3035;0.021987984081790077
3559;3559;Population 4100;4100;sample_3559;3040;-0.008075615058480676
3560;3560;Population 4100;4100;sample_3560;3045;0.022357896505277957
3561;3561;Population 4100;4100;sample_3561;3050;0.016021556158315457
3562;3562;Population 4100;4100;sample_3562;3055;0.028838947614201072
3563;3563;Population 4100;4100;sample_3563;3060;0.020400555029277342
3564;3564;Population 4100;4100;sample_3564;3065;-0.0021760720609832218
3565;3565;Population 4100;4100;sample_3565;3070;0.0008203366484179048
3566;3566;Population 4100;4100;sample_3566;3075;0.0007134335175576947
3567;3567;Population 4100;4100;sample_3567;3080;0.019357531749019632
3568;3568;Population 4100;4100;sample_3568;3085;-0.0023223695259159943
3569;3569;Population 4100;4100;sample_3569;3090;-0.013518859480965588
3570;3570;Population 4100;4100;sample_3570;3095;0.0004614422386196341
3571;3571;Population 4100;4100;sample_3571;3100;-0.00022550892800176432
3572;3572;Population 4100;4100;sample_3572;3105;0.014537772122318613
3573;3573;Population 4100;4100;sample_3573;3110;-0.003745102952327941
3574;3574;Population 4100;4100;sample_3574;3115;-0.008678230072101376
3575;3575;Population 4100;4100;sample_3575;3120;0.007522261524821515
3576;3576;Population 4100;4100;sample_3576;3125;-0.004750781431124547
3577;3577;Population 4100;4100;sample_3577;3130;0.016466467672453237
3578;3578;Population 4100;4100;sample_3578;3135;0.007298853834208199
3579;3579;Population 4100;4100;sample_3579;3140;-0.0036113718539280675
3580;3580;Population 4100;4100;sample_3580;3145;-0.000742211705060393
3581;3581;Population 4100;4100;sample_3581;3150;-0.0016077600830330559
3582;3582;Population 4100;4100;sample_3582;3155;0.01002376147603255
3583;3583;Population 4100;4100;sample_3583;3160;0.011725820004081513
3584;3584;Population 4100;4100;sample_3584;3165;0.022347355271898968
3585;3585;Population 4100;4100;sample_3585;3170;0.008838814407028429
3586;3586;Population 4100;4100;sample_3586;3175;-0.004065058967886072
3587;3587;Population 4100;4100;sample_3587;3180;-0.0027310152961523278
3588;3588;Population 4100;4100;sample_3588;3185;0.025459178428649826
3589;3589;Population 4100;4100;sample_3589;3190;-0.007107354495914518
3590;3590;Population 4100;4100;sample_3590;3195;0.002694031815569849
3591;3591;Population 4100;4100;sample_3591;3200;0.00806402952447351
3592;3592;Population 4100;4100;sample_3592;3205;-0.004867565008781618
3593;3593;Population 4100;4100;sample_3593;3210;-0.005348934162510864
3594;3594;Population 4100;4100;sample_3594;3215;-0.003976871752924903
3595;3595;Population 4100;4100;sample_3595;3220;0.03689935323516209
3596;3596;Population 4100;4100;sample_3596;3225;0.010303608432369394
3597;3597;Population 4100;4100;sample_3597;3230;0.02606238330342868
3598;3598;Population 4100;4100;sample_3598;3235;0.006758383293855017
3599;3599;Population 4100;4100;sample_3599;3240;0.001445901957369525
3600;3600;Population 4100;4100;sample_3600;3245;0.018040349479633146
3601;3601;Population 4100;4100;sample_3601;3250;0.0022198512628800898
3602;3602;Population 4100;4100;sample_3602;3255;0.004491322460396094
3603;3603;Population 4100;4100;sample_3603;3260;0.01608633497358754
3604;3604;Population 4100;4100;sample_3604;3265;0.023238756390729115
3605;3605;Population 4100;4100;sample_3605;3270;0.014464713829784662
3606;3606;Population 4100;4100;sample_3606;3275;0.0076390891659901435
3607;3607;Population 4100;4100;sample_3607;3280;-0.013383901377948024
3608;3608;Population 4100;4100;sample_3608;3285;0.017740492497729233
3609;3609;Population 4100;4100;sample_3609;3290;-0.004514477118725051
3610;3610;Population 4100;4100;sample_3610;3295;0.006481189409803494
3611;3611;Population 4100;4100;sample_3611;3300;0.0061808183330325246
3612;3612;Population 4100;4100;sample_3612;3305;-0.005677847484080919
3613;3613;Population 4100;4100;sample_3613;3310;0.011071337964032644
3614;3614;Population 4100;4100;sample_3614;3315;0.014845290115713708
3615;3615;Population 4100;4100;sample_3615;3320;-0.006825838397810621
3616;3616;Population 4100;4100;sample_3616;3325;0.012578968741254574
3617;3617;Population 4100;4100;sample_3617;3330;0.01405117359225188
3618;3618;Population 4100;4100;sample_3618;3335;-0.0026376566701402167
3619;3619;Population 4100;4100;sample_3619;3340;0.008890198815427401
3620;3620;Population 4100;4100;sample_3620;3345;0.02058515270798172
3621;3621;Population 4100;4100;sample_3621;3350;0.023239925992965035
3622;3622;Population 4100;4100;sample_3622;3355;0.014080044706223316
3623;3623;Population 4100;4100;sample_3623;3360;0.003776440533348108
3624;3624;Population 4100;4100;sample_3624;3365;0.01833130755808161
3625;3625;Population 4100;4100;sample_3625;3370;-0.019691346411199562
3626;3626;Population 4100;4100;sample_3626;3375;0.018689299532475098
3627;3627;Population 4100;4100;sample_3627;3380;0.010237186881707628
3628;3628;Population 4100;4100;sample_3628;3385;0.0008456780398797564
3629;3629;Population 4100;4100;sample_3629;3390;0.020251087949311908
3630;3630;Population 4100;4100;sample_3630;3395;-0.015992002224353024
3631;3631;Population 4100;4100;sample_3631;3400;-0.02349656981390059
3632;3632;Population 4100;4100;sample_3632;3405;-0.0035151627407202903
3633;3633;Population 4100;4100;sample_3633;3410;0.008806369269798312
3634;3634;Population 4100;4100;sample_3634;3415;0.0016767716103457688
3635;3635;Population 4100;4100;sample_3635;3420;0.02462459672399821
3636;3636;Population 4100;4100;sample_3636;3425;0.0113785399717279
3637;3637;Population 4100;4100;sample_3637;3430;0.015528497822172154
3638;3638;Population 4100;4100;sample_3638;3435;0.013769470323904458
3639;3639;Population 4100;4100;sample_3639;3440;-0.00706784659389769
3640;3640;Population 4100;4100;sample_3640;3445;0.025781045260721922
3641;3641;Population 4100;4100;sample_3641;3450;-0.004587060353518147
3642;3642;Population 4100;4100;sample_3642;3455;-0.003601889172031573
3643;3643;Population 4100;4100;sample_3643;3460;0.00985357441816027
3644;3644;Population 4100;4100;sample_3644;3465;0.023210095699278337
3645;3645;Population 4100;4100;sample_3645;3470;0.0127025233676581
3646;3646;Population 4100;4100;sample_3646;3475;0.005383341450619661
3647;3647;Population 4100;4100;sample_3647;3480;-0.0032027272405039473
3648;3648;Population 4100;4100;sample_3648;3485;0.003514576726148447
3649;3649;Population 4100;4100;sample_3649;3490;-6.708532361701688e-05
3650;3650;Population 4100;4100;sample_3650;3495;0.0074951093962341685
3651;3651;Population 4100;4100;sample_3651;3500;-0.009334877142696547
3652;3652;Population 4100;4100;sample_3652;3505;0.009786117429305493
3653;3653;Population 4100;4100;sample_3653;3510;0.01056925901589023
3654;3654;Population 4100;4100;sample_3654;3515;-0.0064762243974404955
3655;3655;Population 4100;4100;sample_3655;3520;-0.0038270651202417915
3656;3656;Population 4100;4100;sample_3656;3525;-0.005030283578175337
3657;3657;Population 4100;4100;sample_3657;3530;-0.012227113243321732
3658;3658;Population 4100;4100;sample_3658;3535;-0.0008528817347181823
3659;3659;Population 4100;4100;sample_3659;3540;0.01448480576589575
3660;3660;Population 4100;4100;sample_3660;3545;0.002600922118039976
3661;3661;Population 4100;4100;sample_3661;3550;0.019497546198463857
3662;3662;Population 4100;4100;sample_3662;3555;0.012714288146631343
3663;3663;Population 4100;4100;sample_3663;3560;0.007923954812091275
3664;3664;Population 4100;4100;sample_3664;3565;0.014534588783500797
3665;3665;Population 4100;4100;sample_3665;3570;0.0069477634932674495
3666;3666;Population 4100;4100;sample_3666;3575;0.0072748432053280875
3667;3667;Population 4100;4100;sample_3667;3580;-0.008323768482564045
3668;3668;Population 4100;4100;sample_3668;3585;0.000930165931614976
3669;3669;Population 4100;4100;sample_3669;3590;0.01887173763905022
3670;3670;Population 4100;4100;sample_3670;3595;0.025528099698840862
3671;3671;Population 4100;4100;sample_3671;3600;0.017445122079749093
3672;3672;Population 4100;4100;sample_3672;3605;-0.0067654273585518645
3673;3673;Population 4100;4100;sample_3673;3610;0.013962237674162216
3674;3674;Population 4100;4100;sample_3674;3615;0.01500562193094558
3675;3675;Population 4100;4100;sample_3675;3620;-0.009870115244867236
3676;3676;Population 4100;4100;sample_3676;3625;0.01877078158828405
3677;3677;Population 4100;4100;sample_3677;3630;0.005605819363765471
3678;3678;Population 4100;4100;sample_3678;3635;-0.014402765822079139
3679;3679;Population 4100;4100;sample_3679;3640;0.017504658479187255
3680;3680;Population 4100;4100;sample_3680;3645;-0.00272600739991283
3681;3681;Population 4100;4100;sample_3681;3650;0.02052559972713825
3682;3682;Population 4100;4100;sample_3682;3655;0.012581697065076254
3683;3683;Population 4100;4100;sample_3683;3660;0.004864176001245462
3684;3684;Population 4100;4100;sample_3684;3665;0.028130851491835154
3685;3685;Population 4100;4100;sample_3685;3670;0.00012388910323421322
3686;3686;Population 4100;4100;sample_3686;3675;-0.002085977886446708
3687;3687;Population 4100;4100;sample_3687;3680;0.00497813777673847
3688;3688;Population 4100;4100;sample_3688;3685;0.013962958895712611
3689;3689;Population 4100;4100;sample_3689;3690;0.0005897482630723202
3690;3690;Population 4100;4100;sample_3690;3695;0.015621928731584887
3691;3691;Population 4100;4100;sample_3691;3700;0.0018201504040103614
3692;3692;Population 4100;4100;sample_3692;3705;-0.0004278473997275025
3693;3693;Population 4100;4100;sample_3693;3710;-0.0012674761292372405
3694;3694;Population 4100;4100;sample_3694;3715;0.015615146970299374
3695;3695;Population 4100;4100;sample_3695;3720;0.007277344856333856
3696;3696;Population 4100;4100;sample_3696;3725;0.001117424818755914
3697;3697;Population 4100;4100;sample_3697;3730;0.013338526104864194
3698;3698;Population 4100;4100;sample_3698;3735;0.007516332262608346
3699;3699;Population 4100;4100;sample_3699;3740;-0.0036695209766373794
3700;3700;Population 4100;4100;sample_3700;3745;0.013194627096195899
3701;3701;Population 4100;4100;sample_3701;3750;0.010285569220579584
3702;3702;Population 4100;4100;sample_3702;3755;-0.007044645559394701
3703;3703;Population 4100;4100;sample_3703;3760;0.01005194698204742
3704;3704;Population 4100;4100;sample_3704;3765;0.013996240313929995
3705;3705;Population 4100;4100;sample_3705;3770;0.0210360690721043
3706;3706;Population 4100;4100;sample_3706;3775;-0.013090958190760624
3707;3707;Population 4100;4100;sample_3707;3780;0.01495437361077508
3708;3708;Population 4100;4100;sample_3708;3785;0.005783560686875376
3709;3709;Population 4100;4100;sample_3709;3790;-0.002400491820289391
3710;3710;Population 4100;4100;sample_3710;3795;-0.01145722452927345
3711;3711;Population 4100;4100;sample_3711;3800;-0.0020060541673109357
3712;3712;Population 4100;4100;sample_3712;3805;-0.002787938189429227
3713;3713;Population 4100;4100;sample_3713;3810;0.016803611392142422
3714;3714;Population 4100;4100;sample_3714;3815;0.00218708447357171
3715;3715;Population 4100;4100;sample_3715;3820;0.01286937873971503
3716;3716;Population 4100;4100;sample_3716;3825;0.00687633543282263
3717;3717;Population 4100;4100;sample_3717;3830;-0.011412468725352948
3718;3718;Population 4100;4100;sample_3718;3835;-0.01145866709877804
3719;3719;Population 4100;4100;sample_3719;3840;-0.0020304603287903946
3720;3720;Population 4100;4100;sample_3720;3845;0.021871577392459745
3721;3721;Population 4100;4100;sample_3721;3850;0.004381992844899085
3722;3722;Population 4100;4100;sample_3722;3855;0.004749098398384221
3723;3723;Population 4100;4100;sample_3723;3860;0.026326884308512686
3724;3724;Population 4100;4100;sample_3724;3865;-0.0005316102315182337
3725;3725;Population 4100;4100;sample_3725;3870;0.00022164738902372792
3726;3726;Population 4100;4100;sample_3726;3875;0.005561563794226097
3727;3727;Population 4100;4100;sample_3727;3880;-0.0036710387691245763
3728;3728;Population 4100;4100;sample_3728;3885;0.02144958156906332
3729;3729;Population 4100;4100;sample_3729;3890;0.00234954875134232
3730;3730;Population 4100;4100;sample_3730;3895;-0.0032113074234949215
3731;3731;Population 4100;4100;sample_3731;3900;-0.0025822232319548315
3732;3732;Population 4100;4100;sample_3732;3905;0.011445967487163913
3733;3733;Population 4100;4100;sample_3733;3910;0.003089269386670458
3734;3734;Population 4100;4100;sample_3734;3915;0.005222035351378371
3735;3735;Population 4100;4100;sample_3735;3920;0.02047803241518271
3736;3736;Population 4100;4100;sample_3736;3925;0.019512055774327956
3737;3737;Population 4100;4100;sample_3737;3930;0.020265843038562263
3738;3738;Population 4100;4100;sample_3738;3935;-0.0003816440710891292
3739;3739;Population 4100;4100;sample_3739;3940;0.010391593324715127
3740;3740;Population 4100;4100;sample_3740;3945;-0.007248836923142077
3741;3741;Population 4100;4100;sample_3741;3950;-0.012241358252556435
3742;3742;Population 4100;4100;sample_3742;3955;0.004267313835939558
3743;3743;Population 4100;4100;sample_3743;3960;0.010507709043824035
3744;3744;Population 4100;4100;sample_3744;3965;0.003193035281646396
3745;3745;Population 4100;4100;sample_3745;3970;-0.00693277343544428
3746;3746;Population 4100;4100;sample_3746;3975;-0.008359230874907298
3747;3747;Population 4100;4100;sample_3747;3980;0.006706667421953819
3748;3748;Population 4100;4100;sample_3748;3985;0.005489975403431631
3749;3749;Population 4100;4100;sample_3749;3990;-0.006875432935968431
3750;3750;Population 4100;4100;sample_3750;3995;0.016558651802468294
3751;3751;Population 4100;4100;sample_3751;4000;0.01119262614435781
3752;3752;Population 4100;4100;sample_3752;4005;0.005058888869850819
3753;3753;Population 4100;4100;sample_3753;4010;0.006223706202821481
3754;3754;Population 4100;4100;sample_3754;4015;0.015499087251237923
3755;3755;Population 4100;4100;sample_3755;4020;-0.0006642793613361798
3756;3756;Population 4100;4100;sample_3756;4025;0.009890812591349881
3757;3757;Population 4100;4100;sample_3757;4030;-0.01577736901408421
3758;3758;Population 4100;4100;sample_3758;4035;-0.0047589161153537216
3759;3759;Population 4100;4100;sample_3759;4040;-0.002464287396018871
3760;3760;Population 4100;4100;sample_3760;4045;-0.005208387758449575
3761;3761;Population 4100;4100;sample_3761;4050;0.0023372198998423788
3762;3762;Population 4100;4100;sample_3762;4055;0.002535488104783659
3763;3763;Population 4100;4100;sample_3763;4060;0.012131049163066947
3764;3764;Population 4100;4100;sample_3764;4065;0.0076548128490884545
3765;3765;Population 4100;4100;sample_3765;4070;-0.010586295945116772
3766;3766;Population 4100;4100;sample_3766;4075;-0.005306839357663917
3767;3767;Population 4100;4100;sample_3767;4080;0.015377351287410726
3768;3768;Population 4100;4100;sample_3768;4085;0.003465877878677339
3769;3769;Population 4100;4100;sample_3769;4090;0.009742851178827458
3770;3770;Population 4100;4100;sample_3770;4095;0.013398991488687584
3771;3771;Population 4600;4600;sample_3771;5;0.12408517375228825
3772;3772;Population 4600;4600;sample_3772;10;0.0108597621764698
3773;3773;Population 4600;4600;sample_3773;15;0.40211849745348377
3774;3774;Population 4600;4600;sample_3774;20;-0.062217155708849135
3775;3775;Population 4600;4600;sample_3775;25;-0.2549274948078548
3776;3776;Population 4600;4600;sample_3776;30;-0.1836563074639515
3777;3777;Population 4600;4600;sample_3777;35;-0.28663692292266507
3778;3778;Population 4600;4600;sample_3778;40;0.10549556454167389
3779;3779;Population 4600;4600;sample_3779;45;0.008598105389442494
3780;3780;Population 4600;4600;sample_3780;50;0.04447052995946663
3781;3781;Population 4600;4600;sample_3781;55;0.044807977593986935
3782;3782;Population 4600;4600;sample_3782;60;0.12982893346584903
3783;3783;Population 4600;4600;sample_3783;65;-0.12201821375591268
3784;3784;Population 4600;4600;sample_3784;70;0.12000083603691437
3785;3785;Population 4600;4600;sample_3785;75;0.21068438895094324
3786;3786;Population 4600;4600;sample_3786;80;-0.12482240446725364
3787;3787;Population 4600;4600;sample_3787;85;-0.025206234045066733
3788;3788;Population 4600;4600;sample_3788;90;-0.09437486347242786
3789;3789;Population 4600;4600;sample_3789;95;0.21912362768261565
3790;3790;Population 4600;4600;sample_3790;100;0.1481819005069747
3791;3791;Population 4600;4600;sample_3791;105;-0.11423311532272253
3792;3792;Population 4600;4600;sample_3792;110;0.03380572576363305
3793;3793;Population 4600;4600;sample_3793;115;-0.02780595730854641
3794;3794;Population 4600;4600;sample_3794;120;-0.05371789230294047
3795;3795;Population 4600;4600;sample_3795;125;-0.03353084468404226
3796;3796;Population 4600;4600;sample_3796;130;0.2305067644617827
3797;3797;Population 4600;4600;sample_3797;135;-0.01629755376647508
3798;3798;Population 4600;4600;sample_3798;140;0.1777770752262224
3799;3799;Population 4600;4600;sample_3799;145;0.056472757031421884
3800;3800;Population 4600;4600;sample_3800;150;-0.037684490581037004
3801;3801;Population 4600;4600;sample_3801;155;-0.07593236025696935
3802;3802;Population 4600;4600;sample_3802;160;0.05068234603702841
3803;3803;Population 4600;4600;sample_3803;165;-0.06722235628195149
3804;3804;Population 4600;4600;sample_3804;170;0.058767190042641554
3805;3805;Population 4600;4600;sample_3805;175;0.09324798151429385
3806;3806;Population 4600;4600;sample_3806;180;0.0349336746532162
3807;3807;Population 4600;4600;sample_3807;185;0.23801688561406184
3808;3808;Population 4600;4600;sample_3808;190;-0.030321121337482684
3809;3809;Population 4600;4600;sample_3809;195;-0.08648617827113927
3810;3810;Population 4600;4600;sample_3810;200;-0.12981974100841565
3811;3811;Population 4600;4600;sample_3811;205;-0.004002284871665525
3812;3812;Population 4600;4600;sample_3812;210;-0.0692634314058123
3813;3813;Population 4600;4600;sample_3813;215;-0.08939450192614158
3814;3814;Population 4600;4600;sample_3814;220;0.0027344594027449774
3815;3815;Population 4600;4600;sample_3815;225;0.11766401021916326
3816;3816;Population 4600;4600;sample_3816;230;0.005842645673217967
3817;3817;Population 4600;4600;sample_3817;235;0.06769993492901008
3818;3818;Population 4600;4600;sample_3818;240;-0.08677683952182765
3819;3819;Population 4600;4600;sample_3819;245;0.011065938539973468
3820;3820;Population 4600;4600;sample_3820;250;0.03282146340438227
3821;3821;Population 4600;4600;sample_3821;255;-0.01315499650797894
3822;3822;Population 4600;4600;sample_3822;260;-0.03157754962834693
3823;3823;Population 4600;4600;sample_3823;265;0.012634909931426125
3824;3824;Population 4600;4600;sample_3824;270;0.0827893897083967
3825;3825;Population 4600;4600;sample_3825;275;0.05125641608029707
3826;3826;Population 4600;4600;sample_3826;280;-0.05418976564657089
3827;3827;Population 4600;4600;sample_3827;285;0.039605090273086015
3828;3828;Population 4600;4600;sample_3828;290;0.00505766567929717
3829;3829;Population 4600;4600;sample_3829;295;0.08326866620501164
3830;3830;Population 4600;4600;sample_3830;300;-0.034574678256946476
3831;3831;Population 4600;4600;sample_3831;305;0.039689084969953325
3832;3832;Population 4600;4600;sample_3832;310;-0.016344276594979095
3833;3833;Population 4600;4600;sample_3833;315;0.023737615464768595
3834;3834;Population 4600;4600;sample_3834;320;0.08087079929841587
3835;3835;Population 4600;4600;sample_3835;325;0.007281550047329389
3836;3836;Population 4600;4600;sample_3836;330;0.04613322819536894
3837;3837;Population 4600;4600;sample_3837;335;-0.10648609629236866
3838;3838;Population 4600;4600;sample_3838;340;0.02883647227747908
3839;3839;Population 4600;4600;sample_3839;345;0.06834705409832341
3840;3840;Population 4600;4600;sample_3840;350;0.08107698323190739
3841;3841;Population 4600;4600;sample_3841;355;-0.011559563747339767
3842;3842;Population 4600;4600;sample_3842;360;0.02542350479820704
3843;3843;Population 4600;4600;sample_3843;365;-0.02295942796712925
3844;3844;Population 4600;4600;sample_3844;370;0.03400895333299788
3845;3845;Population 4600;4600;sample_3845;375;-0.0026392229091358505
3846;3846;Population 4600;4600;sample_3846;380;-0.030132474232045073
3847;3847;Population 4600;4600;sample_3847;385;-0.024458345142459884
3848;3848;Population 4600;4600;sample_3848;390;-0.035559274461645064
3849;3849;Population 4600;4600;sample_3849;395;0.0014957311904367594
3850;3850;Population 4600;4600;sample_3850;400;0.02064517193780583
3851;3851;Population 4600;4600;sample_3851;405;0.05061515327591062
3852;3852;Population 4600;4600;sample_3852;410;0.0367745630942599
3853;3853;Population 4600;4600;sample_3853;415;0.012972491754912673
3854;3854;Population 4600;4600;sample_3854;420;0.027054357502441825
3855;3855;Population 4600;4600;sample_3855;425;-0.0010738814857226273
3856;3856;Population 4600;4600;sample_3856;430;0.017673936388469837
3857;3857;Population 4600;4600;sample_3857;435;0.010799930929675287
3858;3858;Population 4600;4600;sample_3858;440;0.09818881804369092
3859;3859;Population 4600;4600;sample_3859;445;-0.016922361264413054
3860;3860;Population 4600;4600;sample_3860;450;-0.006641146886733762
3861;3861;Population 4600;4600;sample_3861;455;0.011559216808329375
3862;3862;Population 4600;4600;sample_3862;460;0.02877547899301659
3863;3863;Population 4600;4600;sample_3863;465;-0.05755494251813786
3864;3864;Population 4600;4600;sample_3864;470;0.04060306127462664
3865;3865;Population 4600;4600;sample_3865;475;0.04460719059264354
3866;3866;Population 4600;4600;sample_3866;480;0.05977576799624918
3867;3867;Population 4600;4600;sample_3867;485;0.04211167953187701
3868;3868;Population 4600;4600;sample_3868;490;0.029017606416000673
3869;3869;Population 4600;4600;sample_3869;495;0.039930450041148514
3870;3870;Population 4600;4600;sample_3870;500;0.06125316932795647
3871;3871;Population 4600;4600;sample_3871;505;-0.012346924233725352
3872;3872;Population 4600;4600;sample_3872;510;0.01214310565927981
3873;3873;Population 4600;4600;sample_3873;515;-0.0012765148419903044
3874;3874;Population 4600;4600;sample_3874;520;0.02922361685215805
3875;3875;Population 4600;4600;sample_3875;525;0.05410695845472159
3876;3876;Population 4600;4600;sample_3876;530;-0.013802371629784382
3877;3877;Population 4600;4600;sample_3877;535;-0.014320403327594749
3878;3878;Population 4600;4600;sample_3878;540;0.03359094409787515
3879;3879;Population 4600;4600;sample_3879;545;0.03818266643635054
3880;3880;Population 4600;4600;sample_3880;550;0.03382814094300569
3881;3881;Population 4600;4600;sample_3881;555;-0.013716066115550552
3882;3882;Population 4600;4600;sample_3882;560;-0.044079041278693866
3883;3883;Population 4600;4600;sample_3883;565;0.06484953650854365
3884;3884;Population 4600;4600;sample_3884;570;0.020677935847376067
3885;3885;Population 4600;4600;sample_3885;575;0.040805740190255325
3886;3886;Population 4600;4600;sample_3886;580;-0.05933988552960874
3887;3887;Population 4600;4600;sample_3887;585;0.07204994350133867
3888;3888;Population 4600;4600;sample_3888;590;-0.011705603766436234
3889;3889;Population 4600;4600;sample_3889;595;0.06122636224105279
3890;3890;Population 4600;4600;sample_3890;600;-0.02994923816998557
3891;3891;Population 4600;4600;sample_3891;605;-0.028208688624791423
3892;3892;Population 4600;4600;sample_3892;610;-0.012061034633645622
3893;3893;Population 4600;4600;sample_3893;615;-0.016013657092235987
3894;3894;Population 4600;4600;sample_3894;620;0.09928326281085642
3895;3895;Population 4600;4600;sample_3895;625;0.00015738802421741128
3896;3896;Population 4600;4600;sample_3896;630;-0.01958732218321429
3897;3897;Population 4600;4600;sample_3897;635;-0.009191526363030972
3898;3898;Population 4600;4600;sample_3898;640;-0.017309702191241002
3899;3899;Population 4600;4600;sample_3899;645;0.05076576323143142
3900;3900;Population 4600;4600;sample_3900;650;0.016843052966611215
3901;3901;Population 4600;4600;sample_3901;655;0.021448522478886543
3902;3902;Population 4600;4600;sample_3902;660;-0.01820611703780463
3903;3903;Population 4600;4600;sample_3903;665;0.06331325094234323
3904;3904;Population 4600;4600;sample_3904;670;0.09767856957258261
3905;3905;Population 4600;4600;sample_3905;675;-0.045098133096619315
3906;3906;Population 4600;4600;sample_3906;680;0.028987839786034614
3907;3907;Population 4600;4600;sample_3907;685;0.018104332684701047
3908;3908;Population 4600;4600;sample_3908;690;0.05835825639447653
3909;3909;Population 4600;4600;sample_3909;695;-0.027176680681390942
3910;3910;Population 4600;4600;sample_3910;700;0.05259856692636739
3911;3911;Population 4600;4600;sample_3911;705;0.0043009243025140965
3912;3912;Population 4600;4600;sample_3912;710;0.01085204394740518
3913;3913;Population 4600;4600;sample_3913;715;0.0613701362620039
3914;3914;Population 4600;4600;sample_3914;720;0.009664751789861557
3915;3915;Population 4600;4600;sample_3915;725;-0.05454248974450179
3916;3916;Population 4600;4600;sample_3916;730;0.021241354175272464
3917;3917;Population 4600;4600;sample_3917;735;0.028079929385409094
3918;3918;Population 4600;4600;sample_3918;740;-0.02759729833612603
3919;3919;Population 4600;4600;sample_3919;745;-0.03261092785196594
3920;3920;Population 4600;4600;sample_3920;750;0.052354900078168
3921;3921;Population 4600;4600;sample_3921;755;-0.05930781435604186
3922;3922;Population 4600;4600;sample_3922;760;0.0211904366781209
3923;3923;Population 4600;4600;sample_3923;765;0.05728565923197959
3924;3924;Population 4600;4600;sample_3924;770;0.00748245365920683
3925;3925;Population 4600;4600;sample_3925;775;0.0391238089831959
3926;3926;Population 4600;4600;sample_3926;780;0.02312496568384289
3927;3927;Population 4600;4600;sample_3927;785;-0.011070127638983102
3928;3928;Population 4600;4600;sample_3928;790;0.010745099957146958
3929;3929;Population 4600;4600;sample_3929;795;0.06177786426419038
3930;3930;Population 4600;4600;sample_3930;800;-0.013005955059459198
3931;3931;Population 4600;4600;sample_3931;805;0.055939861417876886
3932;3932;Population 4600;4600;sample_3932;810;0.024689923090462428
3933;3933;Population 4600;4600;sample_3933;815;0.03921528649898465
3934;3934;Population 4600;4600;sample_3934;820;0.04722714021448343
3935;3935;Population 4600;4600;sample_3935;825;-0.03506007690631439
3936;3936;Population 4600;4600;sample_3936;830;-0.050360715557624065
3937;3937;Population 4600;4600;sample_3937;835;-0.021765062720901673
3938;3938;Population 4600;4600;sample_3938;840;-0.018404649306937523
3939;3939;Population 4600;4600;sample_3939;845;-0.012259979657278387
3940;3940;Population 4600;4600;sample_3940;850;0.010536277750427816
3941;3941;Population 4600;4600;sample_3941;855;-0.005861589392439488
3942;3942;Population 4600;4600;sample_3942;860;0.0130279253761175
3943;3943;Population 4600;4600;sample_3943;865;-0.034431534189801875
3944;3944;Population 4600;4600;sample_3944;870;0.033410091706073605
3945;3945;Population 4600;4600;sample_3945;875;-0.001511413279448683
3946;3946;Population 4600;4600;sample_3946;880;0.027420857712177903
3947;3947;Population 4600;4600;sample_3947;885;0.016751708649445436
3948;3948;Population 4600;4600;sample_3948;890;0.027400373130497147
3949;3949;Population 4600;4600;sample_3949;895;0.039551747348302475
3950;3950;Population 4600;4600;sample_3950;900;0.01926438583241855
3951;3951;Population 4600;4600;sample_3951;905;0.007181206167773692
3952;3952;Population 4600;4600;sample_3952;910;0.013837330978703991
3953;3953;Population 4600;4600;sample_3953;915;0.05321049543692504
3954;3954;Population 4600;4600;sample_3954;920;-0.014892462675691095
3955;3955;Population 4600;4600;sample_3955;925;-0.0036961629083902808
3956;3956;Population 4600;4600;sample_3956;930;0.013573960520485635
3957;3957;Population 4600;4600;sample_3957;935;-0.03702562693767355
3958;3958;Population 4600;4600;sample_3958;940;0.03301487116425417
3959;3959;Population 4600;4600;sample_3959;945;-0.035817932432007024
3960;3960;Population 4600;4600;sample_3960;950;0.007738985369058372
3961;3961;Population 4600;4600;sample_3961;955;-0.002030699586012474
3962;3962;Population 4600;4600;sample_3962;960;0.017635406153770333
3963;3963;Population 4600;4600;sample_3963;965;0.0006230854602074244
3964;3964;Population 4600;4600;sample_3964;970;-0.012933050645734261
3965;3965;Population 4600;4600;sample_3965;975;-0.04498848104939955
3966;3966;Population 4600;4600;sample_3966;980;-0.02435448060989182
3967;3967;Population 4600;4600;sample_3967;985;0.007056032452150018
3968;3968;Population 4600;4600;sample_3968;990;0.025481436971497823
3969;3969;Population 4600;4600;sample_3969;995;-0.0626774025166878
3970;3970;Population 4600;4600;sample_3970;1000;0.013426148635266163
3971;3971;Population 4600;4600;sample_3971;1005;0.023357959986766173
3972;3972;Population 4600;4600;sample_3972;1010;0.009316681159868716
3973;3973;Population 4600;4600;sample_3973;1015;0.019100451656118303
3974;3974;Population 4600;4600;sample_3974;1020;-0.022398630830081936
3975;3975;Population 4600;4600;sample_3975;1025;-0.03842649973266044
3976;3976;Population 4600;4600;sample_3976;1030;-0.0009345865283720463
3977;3977;Population 4600;4600;sample_3977;1035;-0.032596516741075006
3978;3978;Population 4600;4600;sample_3978;1040;-0.023442747482650794
3979;3979;Population 4600;4600;sample_3979;1045;0.06497617122163307
3980;3980;Population 4600;4600;sample_3980;1050;0.011288665159864854
3981;3981;Population 4600;4600;sample_3981;1055;-0.035681397905521044
3982;3982;Population 4600;4600;sample_3982;1060;-0.026113462045536075
3983;3983;Population 4600;4600;sample_3983;1065;0.03681025662396801
3984;3984;Population 4600;4600;sample_3984;1070;-0.0008831714808457196
3985;3985;Population 4600;4600;sample_3985;1075;-0.04957040951326593
3986;3986;Population 4600;4600;sample_3986;1080;0.009584286905126273
3987;3987;Population 4600;4600;sample_3987;1085;0.01600250373090232
3988;3988;Population 4600;4600;sample_3988;1090;0.05365667843705371
3989;3989;Population 4600;4600;sample_3989;1095;-0.0158810642602881
3990;3990;Population 4600;4600;sample_3990;1100;-0.024605990400168698
3991;3991;Population 4600;4600;sample_3991;1105;0.005205772357266827
3992;3992;Population 4600;4600;sample_3992;1110;0.008574110456660521
3993;3993;Population 4600;4600;sample_3993;1115;0.016166990467028554
3994;3994;Population 4600;4600;sample_3994;1120;0.02837854385443959
3995;3995;Population 4600;4600;sample_3995;1125;-0.026145367210686856
3996;3996;Population 4600;4600;sample_3996;1130;-0.011133588512023937
3997;3997;Population 4600;4600;sample_3997;1135;-0.001222426455392222
3998;3998;Population 4600;4600;sample_3998;1140;0.012133429399180102
3999;3999;Population 4600;4600;sample_3999;1145;-0.009309146117182738
4000;4000;Population 4600;4600;sample_4000;1150;0.040207335942794374
4001;4001;Population 4600;4600;sample_4001;1155;0.03565870557078779
4002;4002;Population 4600;4600;sample_4002;1160;0.01496898424751841
4003;4003;Population 4600;4600;sample_4003;1165;0.05550487188655682
4004;4004;Population 4600;4600;sample_4004;1170;-0.047964737109539066
4005;4005;Population 4600;4600;sample_4005;1175;-0.02489502639269382
4006;4006;Population 4600;4600;sample_4006;1180;0.014227565231229687
4007;4007;Population 4600;4600;sample_4007;1185;0.001799422473603078
4008;4008;Population 4600;4600;sample_4008;1190;-0.02851619329375092
4009;4009;Population 4600;4600;sample_4009;1195;0.01149388368197582
4010;4010;Population 4600;4600;sample_4010;1200;0.00795060856203502
4011;4011;Population 4600;4600;sample_4011;1205;0.039698167624792925
4012;4012;Population 4600;4600;sample_4012;1210;-0.010044722261632973
4013;4013;Population 4600;4600;sample_4013;1215;-0.012438326110809124
4014;4014;Population 4600;4600;sample_4014;1220;-0.01659609884389139
4015;4015;Population 4600;4600;sample_4015;1225;0.011567311091771965
4016;4016;Population 4600;4600;sample_4016;1230;0.010184396743013231
4017;4017;Population 4600;4600;sample_4017;1235;-0.00868430279121494
4018;4018;Population 4600;4600;sample_4018;1240;0.02988645636367457
4019;4019;Population 4600;4600;sample_4019;1245;-0.024914054141291664
4020;4020;Population 4600;4600;sample_4020;1250;-0.02763127819346533
4021;4021;Population 4600;4600;sample_4021;1255;0.0034434902345789557
4022;4022;Population 4600;4600;sample_4022;1260;0.008784145922193082
4023;4023;Population 4600;4600;sample_4023;1265;0.007515193783494426
4024;4024;Population 4600;4600;sample_4024;1270;0.01364440852015585
4025;4025;Population 4600;4600;sample_4025;1275;0.041267103886827444
4026;4026;Population 4600;4600;sample_4026;1280;-0.023512498852582813
4027;4027;Population 4600;4600;sample_4027;1285;-0.0234120298425002
4028;4028;Population 4600;4600;sample_4028;1290;-0.021851514803155274
4029;4029;Population 4600;4600;sample_4029;1295;-0.012921888942653871
4030;4030;Population 4600;4600;sample_4030;1300;0.002120478160763683
4031;4031;Population 4600;4600;sample_4031;1305;0.027878242493694465
4032;4032;Population 4600;4600;sample_4032;1310;0.03271429879339378
4033;4033;Population 4600;4600;sample_4033;1315;0.006992476037751646
4034;4034;Population 4600;4600;sample_4034;1320;0.02800709641727397
4035;4035;Population 4600;4600;sample_4035;1325;0.038027721918847866
4036;4036;Population 4600;4600;sample_4036;1330;-0.03552541572991608
4037;4037;Population 4600;4600;sample_4037;1335;0.027431123262854296
4038;4038;Population 4600;4600;sample_4038;1340;-0.001344343592302139
4039;4039;Population 4600;4600;sample_4039;1345;0.010047526031200939
4040;4040;Population 4600;4600;sample_4040;1350;0.0006535991414648241
4041;4041;Population 4600;4600;sample_4041;1355;0.017877139378591252
4042;4042;Population 4600;4600;sample_4042;1360;0.021759494506734846
4043;4043;Population 4600;4600;sample_4043;1365;-0.06078995498059845
4044;4044;Population 4600;4600;sample_4044;1370;0.03422703520732291
4045;4045;Population 4600;4600;sample_4045;1375;-0.013625091612780879
4046;4046;Population 4600;4600;sample_4046;1380;-0.011394284000396408
4047;4047;Population 4600;4600;sample_4047;1385;0.024417324205114468
4048;4048;Population 4600;4600;sample_4048;1390;-0.04365337855443546
4049;4049;Population 4600;4600;sample_4049;1395;0.020644662191959155
4050;4050;Population 4600;4600;sample_4050;1400;0.017928549544349862
4051;4051;Population 4600;4600;sample_4051;1405;0.022200872024583717
4052;4052;Population 4600;4600;sample_4052;1410;-0.0202056411363038
4053;4053;Population 4600;4600;sample_4053;1415;-0.021649258758885286
4054;4054;Population 4600;4600;sample_4054;1420;0.040924382771094336
4055;4055;Population 4600;4600;sample_4055;1425;-0.016427577476236133
4056;4056;Population 4600;4600;sample_4056;1430;-0.030832245846769423
4057;4057;Population 4600;4600;sample_4057;1435;-0.0085982842021329
4058;4058;Population 4600;4600;sample_4058;1440;-0.01764544892096255
4059;4059;Population 4600;4600;sample_4059;1445;0.02099680289775041
4060;4060;Population 4600;4600;sample_4060;1450;-0.006793323164145983
4061;4061;Population 4600;4600;sample_4061;1455;-0.001263343565031328
4062;4062;Population 4600;4600;sample_4062;1460;0.02609648892706802
4063;4063;Population 4600;4600;sample_4063;1465;0.0033705587834584375
4064;4064;Population 4600;4600;sample_4064;1470;0.03708516539764626
4065;4065;Population 4600;4600;sample_4065;1475;-0.03877722493134472
4066;4066;Population 4600;4600;sample_4066;1480;0.012217880539005204
4067;4067;Population 4600;4600;sample_4067;1485;0.05027951484631119
4068;4068;Population 4600;4600;sample_4068;1490;0.002345955002482875
4069;4069;Population 4600;4600;sample_4069;1495;-0.021475108733621958
4070;4070;Population 4600;4600;sample_4070;1500;0.010675649118749232
4071;4071;Population 4600;4600;sample_4071;1505;0.019443252957832766
4072;4072;Population 4600;4600;sample_4072;1510;0.012273966369033029
4073;4073;Population 4600;4600;sample_4073;1515;-0.03361177030603284
4074;4074;Population 4600;4600;sample_4074;1520;-0.03370351597162912
4075;4075;Population 4600;4600;sample_4075;1525;0.013778409581402
4076;4076;Population 4600;4600;sample_4076;1530;-0.014425249985470928
4077;4077;Population 4600;4600;sample_4077;1535;-0.014762811191494404
4078;4078;Population 4600;4600;sample_4078;1540;0.00832135739354395
4079;4079;Population 4600;4600;sample_4079;1545;-0.02350993070528082
4080;4080;Population 4600;4600;sample_4080;1550;0.037898885441915026
4081;4081;Population 4600;4600;sample_4081;1555;-0.0019834518835622327
4082;4082;Population 4600;4600;sample_4082;1560;-0.002120719839225138
4083;4083;Population 4600;4600;sample_4083;1565;-0.0037244423477265235
4084;4084;Population 4600;4600;sample_4084;1570;0.011694256340614023
4085;4085;Population 4600;4600;sample_4085;1575;-0.007893975597052834
4086;4086;Population 4600;4600;sample_4086;1580;0.00973463191704325
4087;4087;Population 4600;4600;sample_4087;1585;0.01859336085923931
4088;4088;Population 4600;4600;sample_4088;1590;-0.004744715357444253
4089;4089;Population 4600;4600;sample_4089;1595;0.013385010912783176
4090;4090;Population 4600;4600;sample_4090;1600;-0.0035361682109889226
4091;4091;Population 4600;4600;sample_4091;1605;0.008877965926247112
4092;4092;Population 4600;4600;sample_4092;1610;0.030523565323867748
4093;4093;Population 4600;4600;sample_4093;1615;-0.021984909681868975
4094;4094;Population 4600;4600;sample_4094;1620;0.012410325628338699
4095;4095;Population 4600;4600;sample_4095;1625;0.0014390514709560404
4096;4096;Population 4600;4600;sample_4096;1630;-0.004690356761798955
4097;4097;Population 4600;4600;sample_4097;1635;0.0022201318418476807
4098;4098;Population 4600;4600;sample_4098;1640;-0.005276348976382949
4099;4099;Population 4600;4600;sample_4099;1645;0.0003715517287965906
4100;4100;Population 4600;4600;sample_4100;1650;0.024323762178820756
4101;4101;Population 4600;4600;sample_4101;1655;-0.007421753870114553
4102;4102;Population 4600;4600;sample_4102;1660;0.041488491798737474
4103;4103;Population 4600;4600;sample_4103;1665;-0.006457662972357217
4104;4104;Population 4600;4600;sample_4104;1670;0.011741247100969158
4105;4105;Population 4600;4600;sample_4105;1675;0.008214414816650367
4106;4106;Population 4600;4600;sample_4106;1680;0.012248784292035627
4107;4107;Population 4600;4600;sample_4107;1685;0.009394154652401728
4108;4108;Population 4600;4600;sample_4108;1690;0.011957313635436038
4109;4109;Population 4600;4600;sample_4109;1695;0.021887933835822476
4110;4110;Population 4600;4600;sample_4110;1700;0.018058583153136798
4111;4111;Population 4600;4600;sample_4111;1705;-0.022995090337773454
4112;4112;Population 4600;4600;sample_4112;1710;0.005347429768633438
4113;4113;Population 4600;4600;sample_4113;1715;-0.007148069162138142
4114;4114;Population 4600;4600;sample_4114;1720;-0.006833361336394946
4115;4115;Population 4600;4600;sample_4115;1725;-0.024983070425451403
4116;4116;Population 4600;4600;sample_4116;1730;0.011873332310641723
4117;4117;Population 4600;4600;sample_4117;1735;0.031087114821669513
4118;4118;Population 4600;4600;sample_4118;1740;-0.007997273383746294
4119;4119;Population 4600;4600;sample_4119;1745;0.009653330791007882
4120;4120;Population 4600;4600;sample_4120;1750;0.012385942900935486
4121;4121;Population 4600;4600;sample_4121;1755;0.002044245773905634
4122;4122;Population 4600;4600;sample_4122;1760;0.012545832490203537
4123;4123;Population 4600;4600;sample_4123;1765;0.010996294416726584
4124;4124;Population 4600;4600;sample_4124;1770;0.013294259272303035
4125;4125;Population 4600;4600;sample_4125;1775;0.0024333361622176503
4126;4126;Population 4600;4600;sample_4126;1780;-0.0051797022609594385
4127;4127;Population 4600;4600;sample_4127;1785;-0.03262810715341405
4128;4128;Population 4600;4600;sample_4128;1790;0.021569957428386223
4129;4129;Population 4600;4600;sample_4129;1795;-0.013219302148679671
4130;4130;Population 4600;4600;sample_4130;1800;0.021426284641393938
4131;4131;Population 4600;4600;sample_4131;1805;-0.01208096468475575
4132;4132;Population 4600;4600;sample_4132;1810;-0.019688711228615197
4133;4133;Population 4600;4600;sample_4133;1815;-0.022070804317583993
4134;4134;Population 4600;4600;sample_4134;1820;-0.021670468297070818
4135;4135;Population 4600;4600;sample_4135;1825;-0.007101883406696599
4136;4136;Population 4600;4600;sample_4136;1830;-0.003305581392770066
4137;4137;Population 4600;4600;sample_4137;1835;-0.021649453922601574
4138;4138;Population 4600;4600;sample_4138;1840;-0.002022043731018535
4139;4139;Population 4600;4600;sample_4139;1845;0.0030676271941711335
4140;4140;Population 4600;4600;sample_4140;1850;0.010501135311687783
4141;4141;Population 4600;4600;sample_4141;1855;0.01566389275246487
4142;4142;Population 4600;4600;sample_4142;1860;0.013860757877639258
4143;4143;Population 4600;4600;sample_4143;1865;-0.012086702521746054
4144;4144;Population 4600;4600;sample_4144;1870;0.005514319259449144
4145;4145;Population 4600;4600;sample_4145;1875;0.013324990827920833
4146;4146;Population 4600;4600;sample_4146;1880;0.02406572615754155
4147;4147;Population 4600;4600;sample_4147;1885;-0.013323828634042372
4148;4148;Population 4600;4600;sample_4148;1890;0.0024047407950715132
4149;4149;Population 4600;4600;sample_4149;1895;0.015086772903118042
4150;4150;Population 4600;4600;sample_4150;1900;0.033369982206444736
4151;4151;Population 4600;4600;sample_4151;1905;-0.03612232930333367
4152;4152;Population 4600;4600;sample_4152;1910;-0.024112502471374794
4153;4153;Population 4600;4600;sample_4153;1915;-0.01256366265744972
4154;4154;Population 4600;4600;sample_4154;1920;-0.015278059354517115
4155;4155;Population 4600;4600;sample_4155;1925;0.011132938739102847
4156;4156;Population 4600;4600;sample_4156;1930;-0.010762669040381933
4157;4157;Population 4600;4600;sample_4157;1935;0.0316611092371235
4158;4158;Population 4600;4600;sample_4158;1940;0.010209154710740733
4159;4159;Population 4600;4600;sample_4159;1945;0.008526853751504906
4160;4160;Population 4600;4600;sample_4160;1950;0.04165053610544314
4161;4161;Population 4600;4600;sample_4161;1955;-0.03271656514838459
4162;4162;Population 4600;4600;sample_4162;1960;0.028129324547338956
4163;4163;Population 4600;4600;sample_4163;1965;0.02228300653819635
4164;4164;Population 4600;4600;sample_4164;1970;-0.006501176832242807
4165;4165;Population 4600;4600;sample_4165;1975;0.020603407857535463
4166;4166;Population 4600;4600;sample_4166;1980;-0.010609769166635275
4167;4167;Population 4600;4600;sample_4167;1985;-0.005495729120375794
4168;4168;Population 4600;4600;sample_4168;1990;0.000995771270639263
4169;4169;Population 4600;4600;sample_4169;1995;-0.02043736866296717
4170;4170;Population 4600;4600;sample_4170;2000;0.003820308133688403
4171;4171;Population 4600;4600;sample_4171;2005;-0.010559636259382676
4172;4172;Population 4600;4600;sample_4172;2010;-0.002870935995838432
4173;4173;Population 4600;4600;sample_4173;2015;0.007126025484267348
4174;4174;Population 4600;4600;sample_4174;2020;0.023902941102925204
4175;4175;Population 4600;4600;sample_4175;2025;0.008552276642052086
4176;4176;Population 4600;4600;sample_4176;2030;0.014201533033255508
4177;4177;Population 4600;4600;sample_4177;2035;0.0015161005786067444
4178;4178;Population 4600;4600;sample_4178;2040;0.008680357212968321
4179;4179;Population 4600;4600;sample_4179;2045;0.008163945430842891
4180;4180;Population 4600;4600;sample_4180;2050;0.02874669491866428
4181;4181;Population 4600;4600;sample_4181;2055;-0.027916900125612484
4182;4182;Population 4600;4600;sample_4182;2060;0.025909080247346408
4183;4183;Population 4600;4600;sample_4183;2065;-0.00812976105832561
4184;4184;Population 4600;4600;sample_4184;2070;-0.01121209368756113
4185;4185;Population 4600;4600;sample_4185;2075;-0.012340225988052697
4186;4186;Population 4600;4600;sample_4186;2080;0.017219823902407314
4187;4187;Population 4600;4600;sample_4187;2085;0.00013022031001034005
4188;4188;Population 4600;4600;sample_4188;2090;0.016903825419334776
4189;4189;Population 4600;4600;sample_4189;2095;0.010734065218841482
4190;4190;Population 4600;4600;sample_4190;2100;0.0013644669263208323
4191;4191;Population 4600;4600;sample_4191;2105;0.00849516591184246
4192;4192;Population 4600;4600;sample_4192;2110;-0.005853418791704595
4193;4193;Population 4600;4600;sample_4193;2115;-0.01046877776344494
4194;4194;Population 4600;4600;sample_4194;2120;0.002913591890478418
4195;4195;Population 4600;4600;sample_4195;2125;-0.02930221133334331
4196;4196;Population 4600;4600;sample_4196;2130;0.01920223972818196
4197;4197;Population 4600;4600;sample_4197;2135;0.011886814870615043
4198;4198;Population 4600;4600;sample_4198;2140;0.01188566800013
4199;4199;Population 4600;4600;sample_4199;2145;-0.012583336344494694
4200;4200;Population 4600;4600;sample_4200;2150;-0.011457078096112133
4201;4201;Population 4600;4600;sample_4201;2155;0.030394792796184195
4202;4202;Population 4600;4600;sample_4202;2160;0.005977286253337917
4203;4203;Population 4600;4600;sample_4203;2165;-0.025012078842590893
4204;4204;Population 4600;4600;sample_4204;2170;1.416450826835211e-05
4205;4205;Population 4600;4600;sample_4205;2175;0.022049862076272967
4206;4206;Population 4600;4600;sample_4206;2180;0.01090565954155026
4207;4207;Population 4600;4600;sample_4207;2185;-0.001997076693888048
4208;4208;Population 4600;4600;sample_4208;2190;0.009009933258376283
4209;4209;Population 4600;4600;sample_4209;2195;-0.006682428786412239
4210;4210;Population 4600;4600;sample_4210;2200;0.01199393673438842
4211;4211;Population 4600;4600;sample_4211;2205;0.01353530035259641
4212;4212;Population 4600;4600;sample_4212;2210;-0.0023334973644790562
4213;4213;Population 4600;4600;sample_4213;2215;-0.0042575663134416
4214;4214;Population 4600;4600;sample_4214;2220;0.018125590038456266
4215;4215;Population 4600;4600;sample_4215;2225;0.012911682069928833
4216;4216;Population 4600;4600;sample_4216;2230;-0.022456378320495452
4217;4217;Population 4600;4600;sample_4217;2235;-0.011815416260065515
4218;4218;Population 4600;4600;sample_4218;2240;0.0070981166442991815
4219;4219;Population 4600;4600;sample_4219;2245;-0.005076578928449707
4220;4220;Population 4600;4600;sample_4220;2250;0.005261910460130991
4221;4221;Population 4600;4600;sample_4221;2255;-0.0018477783342069735
4222;4222;Population 4600;4600;sample_4222;2260;0.009876083290430767
4223;4223;Population 4600;4600;sample_4223;2265;-0.02212511721657835
4224;4224;Population 4600;4600;sample_4224;2270;-0.016062112554536656
4225;4225;Population 4600;4600;sample_4225;2275;0.032173469826408965
4226;4226;Population 4600;4600;sample_4226;2280;0.011826711731374472
4227;4227;Population 4600;4600;sample_4227;2285;0.02321412227624782
4228;4228;Population 4600;4600;sample_4228;2290;0.018741190727535547
4229;4229;Population 4600;4600;sample_4229;2295;-0.004838414082158881
4230;4230;Population 4600;4600;sample_4230;2300;0.0020243564103744165
4231;4231;Population 4600;4600;sample_4231;2305;0.028785527720094014
4232;4232;Population 4600;4600;sample_4232;2310;0.019913086397024753
4233;4233;Population 4600;4600;sample_4233;2315;-0.014469844062109457
4234;4234;Population 4600;4600;sample_4234;2320;-0.023413387743586745
4235;4235;Population 4600;4600;sample_4235;2325;0.023816209595615152
4236;4236;Population 4600;4600;sample_4236;2330;-0.022167129209133368
4237;4237;Population 4600;4600;sample_4237;2335;0.013311046696731022
4238;4238;Population 4600;4600;sample_4238;2340;0.021136007247516745
4239;4239;Population 4600;4600;sample_4239;2345;0.014427931548957515
4240;4240;Population 4600;4600;sample_4240;2350;0.03188179710612887
4241;4241;Population 4600;4600;sample_4241;2355;-0.019244191780778054
4242;4242;Population 4600;4600;sample_4242;2360;-0.003269266904503104
4243;4243;Population 4600;4600;sample_4243;2365;-0.001983120990776303
4244;4244;Population 4600;4600;sample_4244;2370;0.02060815365655484
4245;4245;Population 4600;4600;sample_4245;2375;0.0244917107127689
4246;4246;Population 4600;4600;sample_4246;2380;0.034141751338816737
4247;4247;Population 4600;4600;sample_4247;2385;0.021914539228080794
4248;4248;Population 4600;4600;sample_4248;2390;0.006784906758711814
4249;4249;Population 4600;4600;sample_4249;2395;0.0008317668341235301
4250;4250;Population 4600;4600;sample_4250;2400;0.021571439356136937
4251;4251;Population 4600;4600;sample_4251;2405;-0.0012674267727613732
4252;4252;Population 4600;4600;sample_4252;2410;0.0008303806635578166
4253;4253;Population 4600;4600;sample_4253;2415;-0.001993289437692883
4254;4254;Population 4600;4600;sample_4254;2420;0.0008626893345902895
4255;4255;Population 4600;4600;sample_4255;2425;0.019408472756119177
4256;4256;Population 4600;4600;sample_4256;2430;0.0177030670146459
4257;4257;Population 4600;4600;sample_4257;2435;0.010625655799012071
4258;4258;Population 4600;4600;sample_4258;2440;-0.005698239058781425
4259;4259;Population 4600;4600;sample_4259;2445;-0.0023482657054111366
4260;4260;Population 4600;4600;sample_4260;2450;-0.007616102103114493
4261;4261;Population 4600;4600;sample_4261;2455;-0.011514692719699357
4262;4262;Population 4600;4600;sample_4262;2460;-0.002133299161706439
4263;4263;Population 4600;4600;sample_4263;2465;-0.007443531502184802
4264;4264;Population 4600;4600;sample_4264;2470;-0.010699588253887308
4265;4265;Population 4600;4600;sample_4265;2475;-0.0035400958989207734
4266;4266;Population 4600;4600;sample_4266;2480;0.022931986124737052
4267;4267;Population 4600;4600;sample_4267;2485;0.018735796176551956
4268;4268;Population 4600;4600;sample_4268;2490;-0.0053951116193098735
4269;4269;Population 4600;4600;sample_4269;2495;-0.00575197060871995
4270;4270;Population 4600;4600;sample_4270;2500;0.006025809741356433
4271;4271;Population 4600;4600;sample_4271;2505;0.010089764140318183
4272;4272;Population 4600;4600;sample_4272;2510;0.02375329299253348
4273;4273;Population 4600;4600;sample_4273;2515;0.002122618383476289
4274;4274;Population 4600;4600;sample_4274;2520;0.025488204077387444
4275;4275;Population 4600;4600;sample_4275;2525;0.011376958844287605
4276;4276;Population 4600;4600;sample_4276;2530;0.011429437148787311
4277;4277;Population 4600;4600;sample_4277;2535;-0.004621250019111609
4278;4278;Population 4600;4600;sample_4278;2540;7.01607647643081e-05
4279;4279;Population 4600;4600;sample_4279;2545;-0.008096542299927746
4280;4280;Population 4600;4600;sample_4280;2550;0.005381631149036586
4281;4281;Population 4600;4600;sample_4281;2555;-0.005071932810356463
4282;4282;Population 4600;4600;sample_4282;2560;-0.006720867546388889
4283;4283;Population 4600;4600;sample_4283;2565;0.017054868575901765
4284;4284;Population 4600;4600;sample_4284;2570;-0.022073229671963276
4285;4285;Population 4600;4600;sample_4285;2575;-0.005392084902384116
4286;4286;Population 4600;4600;sample_4286;2580;0.007584054165082271
4287;4287;Population 4600;4600;sample_4287;2585;0.022871067064657007
4288;4288;Population 4600;4600;sample_4288;2590;0.03579315738967434
4289;4289;Population 4600;4600;sample_4289;2595;0.0015629523632335947
4290;4290;Population 4600;4600;sample_4290;2600;-0.009335627045294597
4291;4291;Population 4600;4600;sample_4291;2605;0.017456239952429457
4292;4292;Population 4600;4600;sample_4292;2610;0.007288333394540609
4293;4293;Population 4600;4600;sample_4293;2615;0.02105879475568711
4294;4294;Population 4600;4600;sample_4294;2620;0.04322942803138068
4295;4295;Population 4600;4600;sample_4295;2625;-0.0057546471702693116
4296;4296;Population 4600;4600;sample_4296;2630;-0.004701096934148523
4297;4297;Population 4600;4600;sample_4297;2635;0.03430934348086242
4298;4298;Population 4600;4600;sample_4298;2640;0.005266168625025695
4299;4299;Population 4600;4600;sample_4299;2645;0.014604950610561008
4300;4300;Population 4600;4600;sample_4300;2650;0.009033328987629078
4301;4301;Population 4600;4600;sample_4301;2655;-0.001557082774838357
4302;4302;Population 4600;4600;sample_4302;2660;0.015882083152900066
4303;4303;Population 4600;4600;sample_4303;2665;-0.0026041316121024854
4304;4304;Population 4600;4600;sample_4304;2670;0.030585161539401055
4305;4305;Population 4600;4600;sample_4305;2675;0.02293131667141217
4306;4306;Population 4600;4600;sample_4306;2680;-0.0037802502083346436
4307;4307;Population 4600;4600;sample_4307;2685;-0.0009029933439605421
4308;4308;Population 4600;4600;sample_4308;2690;-0.01578397372319743
4309;4309;Population 4600;4600;sample_4309;2695;-0.0169666408137443
4310;4310;Population 4600;4600;sample_4310;2700;-0.003046406552474742
4311;4311;Population 4600;4600;sample_4311;2705;-0.02258262979595749
4312;4312;Population 4600;4600;sample_4312;2710;0.0006874901214004882
4313;4313;Population 4600;4600;sample_4313;2715;-0.005987259355824379
4314;4314;Population 4600;4600;sample_4314;2720;0.029273791522812724
4315;4315;Population 4600;4600;sample_4315;2725;0.04366126044655098
4316;4316;Population 4600;4600;sample_4316;2730;0.004433148202926548
4317;4317;Population 4600;4600;sample_4317;2735;0.0005248593929357758
4318;4318;Population 4600;4600;sample_4318;2740;0.0046300957354068
4319;4319;Population 4600;4600;sample_4319;2745;-0.04211871791003546
4320;4320;Population 4600;4600;sample_4320;2750;-6.609096249800282e-05
4321;4321;Population 4600;4600;sample_4321;2755;-0.007707920429602011
4322;4322;Population 4600;4600;sample_4322;2760;-0.028238532690728887
4323;4323;Population 4600;4600;sample_4323;2765;0.021976222388456382
4324;4324;Population 4600;4600;sample_4324;2770;0.002444276611176125
4325;4325;Population 4600;4600;sample_4325;2775;0.013576638259159318
4326;4326;Population 4600;4600;sample_4326;2780;0.010441861406456334
4327;4327;Population 4600;4600;sample_4327;2785;-0.007712467648935145
4328;4328;Population 4600;4600;sample_4328;2790;-0.00035644362564665733
4329;4329;Population 4600;4600;sample_4329;2795;0.020828872407146336
4330;4330;Population 4600;4600;sample_4330;2800;0.00203004011350578
4331;4331;Population 4600;4600;sample_4331;2805;0.0030158312489691886
4332;4332;Population 4600;4600;sample_4332;2810;0.017378444512214583
4333;4333;Population 4600;4600;sample_4333;2815;-0.0012609179590128675
4334;4334;Population 4600;4600;sample_4334;2820;0.022792919324933176
4335;4335;Population 4600;4600;sample_4335;2825;-0.001052750162343259
4336;4336;Population 4600;4600;sample_4336;2830;-0.004383566578161134
4337;4337;Population 4600;4600;sample_4337;2835;0.011014859404573788
4338;4338;Population 4600;4600;sample_4338;2840;-0.005822691219608012
4339;4339;Population 4600;4600;sample_4339;2845;0.009351264356555665
4340;4340;Population 4600;4600;sample_4340;2850;0.003424264033980575
4341;4341;Population 4600;4600;sample_4341;2855;0.005379255282631726
4342;4342;Population 4600;4600;sample_4342;2860;0.014933092895933881
4343;4343;Population 4600;4600;sample_4343;2865;0.013522748029223697
4344;4344;Population 4600;4600;sample_4344;2870;-0.00994211363019473
4345;4345;Population 4600;4600;sample_4345;2875;0.011824451442298746
4346;4346;Population 4600;4600;sample_4346;2880;0.017742628464924044
4347;4347;Population 4600;4600;sample_4347;2885;-0.002793156102034401
4348;4348;Population 4600;4600;sample_4348;2890;-0.0006026649999149746
4349;4349;Population 4600;4600;sample_4349;2895;0.007429826390051321
4350;4350;Population 4600;4600;sample_4350;2900;0.0015258920916775562
4351;4351;Population 4600;4600;sample_4351;2905;-0.005885975525725893
4352;4352;Population 4600;4600;sample_4352;2910;0.02480819247072115
4353;4353;Population 4600;4600;sample_4353;2915;0.025318917585639682
4354;4354;Population 4600;4600;sample_4354;2920;0.011184588049612847
4355;4355;Population 4600;4600;sample_4355;2925;-0.011691257635681126
4356;4356;Population 4600;4600;sample_4356;2930;0.008596647158005136
4357;4357;Population 4600;4600;sample_4357;2935;-0.014843382164173117
4358;4358;Population 4600;4600;sample_4358;2940;0.011442273384604537
4359;4359;Population 4600;4600;sample_4359;2945;0.0032723079533190725
4360;4360;Population 4600;4600;sample_4360;2950;0.001426373164694971
4361;4361;Population 4600;4600;sample_4361;2955;-0.009211922235092906
4362;4362;Population 4600;4600;sample_4362;2960;-0.014869716289774383
4363;4363;Population 4600;4600;sample_4363;2965;0.03058834836923288
4364;4364;Population 4600;4600;sample_4364;2970;0.015390966600270341
4365;4365;Population 4600;4600;sample_4365;2975;-0.00042313475044089023
4366;4366;Population 4600;4600;sample_4366;2980;-0.009069907939471406
4367;4367;Population 4600;4600;sample_4367;2985;-0.008619145773326337
4368;4368;Population 4600;4600;sample_4368;2990;0.008793188386545626
4369;4369;Population 4600;4600;sample_4369;2995;0.006580986183230978
4370;4370;Population 4600;4600;sample_4370;3000;0.020607008367301814
4371;4371;Population 4600;4600;sample_4371;3005;0.01678656655521316
4372;4372;Population 4600;4600;sample_4372;3010;0.018681443045064392
4373;4373;Population 4600;4600;sample_4373;3015;0.016499931152687018
4374;4374;Population 4600;4600;sample_4374;3020;0.0013503269993347339
4375;4375;Population 4600;4600;sample_4375;3025;-0.008808875492123452
4376;4376;Population 4600;4600;sample_4376;3030;-0.011704887884454125
4377;4377;Population 4600;4600;sample_4377;3035;7.233478253838262e-05
4378;4378;Population 4600;4600;sample_4378;3040;0.015414398847482011
4379;4379;Population 4600;4600;sample_4379;3045;-0.020675198309579815
4380;4380;Population 4600;4600;sample_4380;3050;0.003012386640009208
4381;4381;Population 4600;4600;sample_4381;3055;0.02298735246969024
4382;4382;Population 4600;4600;sample_4382;3060;0.013176341232656496
4383;4383;Population 4600;4600;sample_4383;3065;0.009244555511364286
4384;4384;Population 4600;4600;sample_4384;3070;0.011923486562344984
4385;4385;Population 4600;4600;sample_4385;3075;-0.005851813941930191
4386;4386;Population 4600;4600;sample_4386;3080;-0.023154841598608696
4387;4387;Population 4600;4600;sample_4387;3085;-0.0052307198655244845
4388;4388;Population 4600;4600;sample_4388;3090;-0.0007854208074155479
4389;4389;Population 4600;4600;sample_4389;3095;-0.007499661789903026
4390;4390;Population 4600;4600;sample_4390;3100;0.009597147154874894
4391;4391;Population 4600;4600;sample_4391;3105;0.009540223139314411
4392;4392;Population 4600;4600;sample_4392;3110;0.028271736723315007
4393;4393;Population 4600;4600;sample_4393;3115;0.003176193704420379
4394;4394;Population 4600;4600;sample_4394;3120;0.0029225822570092493
4395;4395;Population 4600;4600;sample_4395;3125;0.01342886335169595
4396;4396;Population 4600;4600;sample_4396;3130;0.004085782957385112
4397;4397;Population 4600;4600;sample_4397;3135;-0.009077870486722954
4398;4398;Population 4600;4600;sample_4398;3140;0.0032809908327511715
4399;4399;Population 4600;4600;sample_4399;3145;0.006207813937328091
4400;4400;Population 4600;4600;sample_4400;3150;0.00597347392659183
4401;4401;Population 4600;4600;sample_4401;3155;-0.015704945989151762
4402;4402;Population 4600;4600;sample_4402;3160;0.006831498460504113
4403;4403;Population 4600;4600;sample_4403;3165;0.003533402855010771
4404;4404;Population 4600;4600;sample_4404;3170;0.003256338409503878
4405;4405;Population 4600;4600;sample_4405;3175;0.02588909260695702
4406;4406;Population 4600;4600;sample_4406;3180;0.007517086176325448
4407;4407;Population 4600;4600;sample_4407;3185;0.015542470156140456
4408;4408;Population 4600;4600;sample_4408;3190;0.009846378309763672
4409;4409;Population 4600;4600;sample_4409;3195;0.026393460009968346
4410;4410;Population 4600;4600;sample_4410;3200;-0.0033343430399275786
4411;4411;Population 4600;4600;sample_4411;3205;0.003198100193326154
4412;4412;Population 4600;4600;sample_4412;3210;0.024038030251091067
4413;4413;Population 4600;4600;sample_4413;3215;0.017651833757866317
4414;4414;Population 4600;4600;sample_4414;3220;-0.008300734584937132
4415;4415;Population 4600;4600;sample_4415;3225;-0.0031460689683059846
4416;4416;Population 4600;4600;sample_4416;3230;0.006518167621046394
4417;4417;Population 4600;4600;sample_4417;3235;0.002497833161790046
4418;4418;Population 4600;4600;sample_4418;3240;0.0010619804990682138
4419;4419;Population 4600;4600;sample_4419;3245;-0.009126836368014176
4420;4420;Population 4600;4600;sample_4420;3250;0.007128119497045779
4421;4421;Population 4600;4600;sample_4421;3255;0.010996883953272453
4422;4422;Population 4600;4600;sample_4422;3260;0.010201563536060866
4423;4423;Population 4600;4600;sample_4423;3265;-0.007461022116714664
4424;4424;Population 4600;4600;sample_4424;3270;-0.007549612016457603
4425;4425;Population 4600;4600;sample_4425;3275;-0.004873820573307958
4426;4426;Population 4600;4600;sample_4426;3280;0.011224291009219166
4427;4427;Population 4600;4600;sample_4427;3285;-0.008561128586276133
4428;4428;Population 4600;4600;sample_4428;3290;0.011878055401444829
4429;4429;Population 4600;4600;sample_4429;3295;0.015782292251921803
4430;4430;Population 4600;4600;sample_4430;3300;0.009535263250223497
4431;4431;Population 4600;4600;sample_4431;3305;0.017056541708494834
4432;4432;Population 4600;4600;sample_4432;3310;0.00807840967716353
4433;4433;Population 4600;4600;sample_4433;3315;0.002833859356431011
4434;4434;Population 4600;4600;sample_4434;3320;-0.002176090485454604
4435;4435;Population 4600;4600;sample_4435;3325;-0.0037677316060669708
4436;4436;Population 4600;4600;sample_4436;3330;0.01350121530112555
4437;4437;Population 4600;4600;sample_4437;3335;0.009294518463551428
4438;4438;Population 4600;4600;sample_4438;3340;0.0032283369142210314
4439;4439;Population 4600;4600;sample_4439;3345;-0.0021709213689915844
4440;4440;Population 4600;4600;sample_4440;3350;0.01996891195742243
4441;4441;Population 4600;4600;sample_4441;3355;0.0034199813326613268
4442;4442;Population 4600;4600;sample_4442;3360;-0.007568483997438548
4443;4443;Population 4600;4600;sample_4443;3365;0.001231228664779513
4444;4444;Population 4600;4600;sample_4444;3370;-0.00493542187032103
4445;4445;Population 4600;4600;sample_4445;3375;0.005569563496287523
4446;4446;Population 4600;4600;sample_4446;3380;-0.0035528784516551714
4447;4447;Population 4600;4600;sample_4447;3385;-0.013591119520997185
4448;4448;Population 4600;4600;sample_4448;3390;0.01896533574703598
4449;4449;Population 4600;4600;sample_4449;3395;0.01560311213386134
4450;4450;Population 4600;4600;sample_4450;3400;-0.0044338724652851266
4451;4451;Population 4600;4600;sample_4451;3405;0.006796504794003294
4452;4452;Population 4600;4600;sample_4452;3410;0.004063314295892877
4453;4453;Population 4600;4600;sample_4453;3415;0.022585601617546337
4454;4454;Population 4600;4600;sample_4454;3420;0.01813030804648644
4455;4455;Population 4600;4600;sample_4455;3425;0.003572668297074514
4456;4456;Population 4600;4600;sample_4456;3430;-0.014304274396496069
4457;4457;Population 4600;4600;sample_4457;3435;0.00022060319796425327
4458;4458;Population 4600;4600;sample_4458;3440;0.004030529826048807
4459;4459;Population 4600;4600;sample_4459;3445;0.021645699865877808
4460;4460;Population 4600;4600;sample_4460;3450;0.0081383507915374
4461;4461;Population 4600;4600;sample_4461;3455;0.01901785345207491
4462;4462;Population 4600;4600;sample_4462;3460;0.016544367774580893
4463;4463;Population 4600;4600;sample_4463;3465;0.042708497052042604
4464;4464;Population 4600;4600;sample_4464;3470;0.02829066192978004
4465;4465;Population 4600;4600;sample_4465;3475;0.006310244345763071
4466;4466;Population 4600;4600;sample_4466;3480;0.014751506884890837
4467;4467;Population 4600;4600;sample_4467;3485;0.01534241921752048
4468;4468;Population 4600;4600;sample_4468;3490;0.003466120338781302
4469;4469;Population 4600;4600;sample_4469;3495;0.0024439003303865525
4470;4470;Population 4600;4600;sample_4470;3500;0.0012177942762369607
4471;4471;Population 4600;4600;sample_4471;3505;0.02654103418788529
4472;4472;Population 4600;4600;sample_4472;3510;-0.021836567534804664
4473;4473;Population 4600;4600;sample_4473;3515;0.012493280318623158
4474;4474;Population 4600;4600;sample_4474;3520;0.014125063952925784
4475;4475;Population 4600;4600;sample_4475;3525;0.01026497685561435
4476;4476;Population 4600;4600;sample_4476;3530;-0.00799009196734441
4477;4477;Population 4600;4600;sample_4477;3535;0.009124187751283255
4478;4478;Population 4600;4600;sample_4478;3540;0.001976821617213859
4479;4479;Population 4600;4600;sample_4479;3545;-0.013036660399490767
4480;4480;Population 4600;4600;sample_4480;3550;0.00499047917294501
4481;4481;Population 4600;4600;sample_4481;3555;0.010551663691670512
4482;4482;Population 4600;4600;sample_4482;3560;0.005314730809770104
4483;4483;Population 4600;4600;sample_4483;3565;0.0007505878629622995
4484;4484;Population 4600;4600;sample_4484;3570;0.0003385262388061578
4485;4485;Population 4600;4600;sample_4485;3575;-0.003963944845081751
4486;4486;Population 4600;4600;sample_4486;3580;0.01546331669570629
4487;4487;Population 4600;4600;sample_4487;3585;0.0160070146283066
4488;4488;Population 4600;4600;sample_4488;3590;0.006469559378291721
4489;4489;Population 4600;4600;sample_4489;3595;0.007488876538086183
4490;4490;Population 4600;4600;sample_4490;3600;0.009041524403917162
4491;4491;Population 4600;4600;sample_4491;3605;-0.0016978196510054522
4492;4492;Population 4600;4600;sample_4492;3610;-0.0006355437249620473
4493;4493;Population 4600;4600;sample_4493;3615;0.022830866564927995
4494;4494;Population 4600;4600;sample_4494;3620;0.004695954779628091
4495;4495;Population 4600;4600;sample_4495;3625;-0.006197095763286588
4496;4496;Population 4600;4600;sample_4496;3630;0.017137789494556428
4497;4497;Population 4600;4600;sample_4497;3635;0.0036123210506350642
4498;4498;Population 4600;4600;sample_4498;3640;-0.02358734232661612
4499;4499;Population 4600;4600;sample_4499;3645;0.027138727118411157
4500;4500;Population 4600;4600;sample_4500;3650;0.013771207519048307
4501;4501;Population 4600;4600;sample_4501;3655;0.019114332022510776
4502;4502;Population 4600;4600;sample_4502;3660;0.0019446160793551719
4503;4503;Population 4600;4600;sample_4503;3665;0.01514113304773309
4504;4504;Population 4600;4600;sample_4504;3670;0.0042817163128206
4505;4505;Population 4600;4600;sample_4505;3675;0.015470870652493923
4506;4506;Population 4600;4600;sample_4506;3680;-0.008726221225317842
4507;4507;Population 4600;4600;sample_4507;3685;0.02284111373252995
4508;4508;Population 4600;4600;sample_4508;3690;0.001361928487118443
4509;4509;Population 4600;4600;sample_4509;3695;0.0023782567386803183
4510;4510;Population 4600;4600;sample_4510;3700;-0.006707335374002515
4511;4511;Population 4600;4600;sample_4511;3705;0.01946098543339296
4512;4512;Population 4600;4600;sample_4512;3710;0.015648983550403218
4513;4513;Population 4600;4600;sample_4513;3715;0.010705511621799058
4514;4514;Population 4600;4600;sample_4514;3720;0.0033842884600651466
4515;4515;Population 4600;4600;sample_4515;3725;0.007315905301607927
4516;4516;Population 4600;4600;sample_4516;3730;0.005444044299264229
4517;4517;Population 4600;4600;sample_4517;3735;0.00679726773912915
4518;4518;Population 4600;4600;sample_4518;3740;0.0028722665487980665
4519;4519;Population 4600;4600;sample_4519;3745;0.0038509021127951714
4520;4520;Population 4600;4600;sample_4520;3750;0.002778012833280941
4521;4521;Population 4600;4600;sample_4521;3755;0.004588498653024064
4522;4522;Population 4600;4600;sample_4522;3760;-0.003064531878656236
4523;4523;Population 4600;4600;sample_4523;3765;-0.009228277860448265
4524;4524;Population 4600;4600;sample_4524;3770;-0.00014359212969241108
4525;4525;Population 4600;4600;sample_4525;3775;-0.015986411280803997
4526;4526;Population 4600;4600;sample_4526;3780;0.005505007542178239
4527;4527;Population 4600;4600;sample_4527;3785;-0.006234640019021582
4528;4528;Population 4600;4600;sample_4528;3790;0.004179561612046895
4529;4529;Population 4600;4600;sample_4529;3795;0.017275153532966454
4530;4530;Population 4600;4600;sample_4530;3800;0.00804828473028732
4531;4531;Population 4600;4600;sample_4531;3805;0.012808382174821168
4532;4532;Population 4600;4600;sample_4532;3810;0.005080563558443015
4533;4533;Population 4600;4600;sample_4533;3815;0.0056398883122910195
4534;4534;Population 4600;4600;sample_4534;3820;-0.0012111867279286587
4535;4535;Population 4600;4600;sample_4535;3825;-0.003219993529901935
4536;4536;Population 4600;4600;sample_4536;3830;-0.0015629982154870495
4537;4537;Population 4600;4600;sample_4537;3835;-0.00434964369249242
4538;4538;Population 4600;4600;sample_4538;3840;-0.0022047825587744986
4539;4539;Population 4600;4600;sample_4539;3845;-0.006042537639057877
4540;4540;Population 4600;4600;sample_4540;3850;0.006475628408425542
4541;4541;Population 4600;4600;sample_4541;3855;0.003004224964948051
4542;4542;Population 4600;4600;sample_4542;3860;0.018408371925271113
4543;4543;Population 4600;4600;sample_4543;3865;0.0011100385949075941
4544;4544;Population 4600;4600;sample_4544;3870;0.008199315447858195
4545;4545;Population 4600;4600;sample_4545;3875;0.019856158748980827
4546;4546;Population 4600;4600;sample_4546;3880;0.0010975654117828782
4547;4547;Population 4600;4600;sample_4547;3885;0.011066318842138746
4548;4548;Population 4600;4600;sample_4548;3890;-0.007574222485259551
4549;4549;Population 4600;4600;sample_4549;3895;0.00462362009998796
4550;4550;Population 4600;4600;sample_4550;3900;0.031474887394058675
4551;4551;Population 4600;4600;sample_4551;3905;0.005712088238187433
4552;4552;Population 4600;4600;sample_4552;3910;0.018469007539951895
4553;4553;Population 4600;4600;sample_4553;3915;0.013174553464475788
4554;4554;Population 4600;4600;sample_4554;3920;0.017142508451792625
4555;4555;Population 4600;4600;sample_4555;3925;-0.004586395164924964
4556;4556;Population 4600;4600;sample_4556;3930;0.015227319875634757
4557;4557;Population 4600;4600;sample_4557;3935;0.004565486262868485
4558;4558;Population 4600;4600;sample_4558;3940;-0.021743404851922214
4559;4559;Population 4600;4600;sample_4559;3945;-0.0020345094043318023
4560;4560;Population 4600;4600;sample_4560;3950;0.014441514135598693
4561;4561;Population 4600;4600;sample_4561;3955;0.020664570501651044
4562;4562;Population 4600;4600;sample_4562;3960;-0.003439797959252068
4563;4563;Population 4600;4600;sample_4563;3965;-0.00822988659665764
4564;4564;Population 4600;4600;sample_4564;3970;0.0031300850725994173
4565;4565;Population 4600;4600;sample_4565;3975;-0.010422404574510664
4566;4566;Population 4600;4600;sample_4566;3980;0.007271712249162069
4567;4567;Population 4600;4600;sample_4567;3985;0.01058067819358053
4568;4568;Population 4600;4600;sample_4568;3990;0.010817332254721129
4569;4569;Population 4600;4600;sample_4569;3995;-0.019204223236681636
4570;4570;Population 4600;4600;sample_4570;4000;0.005218049263309791
4571;4571;Population 4600;4600;sample_4571;4005;-0.0008994065051873549
4572;4572;Population 4600;4600;sample_4572;4010;-0.007183246378127387
4573;4573;Population 4600;4600;sample_4573;4015;0.004946295794703412
4574;4574;Population 4600;4600;sample_4574;4020;-0.01663852033564836
4575;4575;Population 4600;4600;sample_4575;4025;0.012625867078934275
4576;4576;Population 4600;4600;sample_4576;4030;0.007062639618164745
4577;4577;Population 4600;4600;sample_4577;4035;0.006468624179512356
4578;4578;Population 4600;4600;sample_4578;4040;0.008475818944678052
4579;4579;Population 4600;4600;sample_4579;4045;-0.008913864268787373
4580;4580;Population 4600;4600;sample_4580;4050;-0.01027501345486662
4581;4581;Population 4600;4600;sample_4581;4055;0.02697570902517664
4582;4582;Population 4600;4600;sample_4582;4060;0.010264172851481181
4583;4583;Population 4600;4600;sample_4583;4065;0.011012178707474944
4584;4584;Population 4600;4600;sample_4584;4070;0.0005087690797129331
4585;4585;Population 4600;4600;sample_4585;4075;-0.0030049365519850503
4586;4586;Population 4600;4600;sample_4586;4080;0.005371474219367024
4587;4587;Population 4600;4600;sample_4587;4085;0.0162303630918396
4588;4588;Population 4600;4600;sample_4588;4090;0.015724691262953863
4589;4589;Population 4600;4600;sample_4589;4095;-0.003192087788522257
4590;4590;Population 4600;4600;sample_4590;4100;-0.0021051895041698876
4591;4591;Population 4600;4600;sample_4591;4105;0.009226920077099129
4592;4592;Population 4600;4600;sample_4592;4110;0.019554170934598332
4593;4593;Population 4600;4600;sample_4593;4115;0.014490085317642665
4594;4594;Population 4600;4600;sample_4594;4120;0.011850829442530677
4595;4595;Population 4600;4600;sample_4595;4125;0.006224530253884947
4596;4596;Population 4600;4600;sample_4596;4130;0.0066235791478821094
4597;4597;Population 4600;4600;sample_4597;4135;0.004559375176853327
4598;4598;Population 4600;4600;sample_4598;4140;0.0009340262250520926
4599;4599;Population 4600;4600;sample_4599;4145;0.015090530327460062
4600;4600;Population 4600;4600;sample_4600;4150;0.002054652723983823
4601;4601;Population 4600;4600;sample_4601;4155;0.0014307267096858689
4602;4602;Population 4600;4600;sample_4602;4160;0.01517899248260996
4603;4603;Population 4600;4600;sample_4603;4165;0.004978109322940498
4604;4604;Population 4600;4600;sample_4604;4170;0.01258331383600258
4605;4605;Population 4600;4600;sample_4605;4175;0.00417229312705195
4606;4606;Population 4600;4600;sample_4606;4180;0.0203478252908249
4607;4607;Population 4600;4600;sample_4607;4185;0.0012097031864541994
4608;4608;Population 4600;4600;sample_4608;4190;0.014386999817987753
4609;4609;Population 4600;4600;sample_4609;4195;-0.0032463181697169594
4610;4610;Population 4600;4600;sample_4610;4200;0.0038104898716143595
4611;4611;Population 4600;4600;sample_4611;4205;0.0009411845592135255
4612;4612;Population 4600;4600;sample_4612;4210;0.02314855897073122
4613;4613;Population 4600;4600;sample_4613;4215;0.002951915006252626
4614;4614;Population 4600;4600;sample_4614;4220;0.009936282824104348
4615;4615;Population 4600;4600;sample_4615;4225;0.010065839492495853
4616;4616;Population 4600;4600;sample_4616;4230;0.00023882960424877455
4617;4617;Population 4600;4600;sample_4617;4235;0.0028776852298673873
4618;4618;Population 4600;4600;sample_4618;4240;-8.853834592113645e-05
4619;4619;Population 4600;4600;sample_4619;4245;-0.013827570052843406
4620;4620;Population 4600;4600;sample_4620;4250;0.0073252947937725845
4621;4621;Population 4600;4600;sample_4621;4255;-0.0010901105845907276
4622;4622;Population 4600;4600;sample_4622;4260;0.027886271216482423
4623;4623;Population 4600;4600;sample_4623;4265;-0.007685223266633239
4624;4624;Population 4600;4600;sample_4624;4270;-0.00580878374185007
4625;4625;Population 4600;4600;sample_4625;4275;-0.005547942740357933
4626;4626;Population 4600;4600;sample_4626;4280;-0.006555767269403926
4627;4627;Population 4600;4600;sample_4627;4285;0.017200826506369733
4628;4628;Population 4600;4600;sample_4628;4290;0.002293365652929244
4629;4629;Population 4600;4600;sample_4629;4295;0.007796342753933053
4630;4630;Population 4600;4600;sample_4630;4300;-0.003409707830211589
4631;4631;Population 4600;4600;sample_4631;4305;0.002141349453411019
4632;4632;Population 4600;4600;sample_4632;4310;0.0058096406782724395
4633;4633;Population 4600;4600;sample_4633;4315;1.4103657495317862e-05
4634;4634;Population 4600;4600;sample_4634;4320;0.007632433502239907
4635;4635;Population 4600;4600;sample_4635;4325;0.0034613623363873055
4636;4636;Population 4600;4600;sample_4636;4330;0.0115404956869277
4637;4637;Population 4600;4600;sample_4637;4335;0.002009855240657305
4638;4638;Population 4600;4600;sample_4638;4340;-0.0022877594638039513
4639;4639;Population 4600;4600;sample_4639;4345;0.014754762864741535
4640;4640;Population 4600;4600;sample_4640;4350;0.00301614333782728
4641;4641;Population 4600;4600;sample_4641;4355;0.00015009135191600942
4642;4642;Population 4600;4600;sample_4642;4360;-0.003055458004124719
4643;4643;Population 4600;4600;sample_4643;4365;-0.001580086229744726
4644;4644;Population 4600;4600;sample_4644;4370;0.010302577282075984
4645;4645;Population 4600;4600;sample_4645;4375;0.005523208123649223
4646;4646;Population 4600;4600;sample_4646;4380;-0.014927418027827342
4647;4647;Population 4600;4600;sample_4647;4385;0.018206786018242164
4648;4648;Population 4600;4600;sample_4648;4390;0.006148394623890626
4649;4649;Population 4600;4600;sample_4649;4395;0.006578757922927183
4650;4650;Population 4600;4600;sample_4650;4400;0.010297281535596258
4651;4651;Population 4600;4600;sample_4651;4405;0.007557235824660221
4652;4652;Population 4600;4600;sample_4652;4410;0.00785893433661816
4653;4653;Population 4600;4600;sample_4653;4415;0.010375504733026696
4654;4654;Population 4600;4600;sample_4654;4420;0.0031510687749973323
4655;4655;Population 4600;4600;sample_4655;4425;0.0033086735610178414
4656;4656;Population 4600;4600;sample_4656;4430;0.00477001565354872
4657;4657;Population 4600;4600;sample_4657;4435;0.0009863205020193685
4658;4658;Population 4600;4600;sample_4658;4440;0.0017138684546268575
4659;4659;Population 4600;4600;sample_4659;4445;-0.003265700432056221
4660;4660;Population 4600;4600;sample_4660;4450;0.0035783719912342317
4661;4661;Population 4600;4600;sample_4661;4455;-0.0117835807313326
4662;4662;Population 4600;4600;sample_4662;4460;0.010806975611718908
4663;4663;Population 4600;4600;sample_4663;4465;-0.005772613005930459
4664;4664;Population 4600;4600;sample_4664;4470;0.00536468258015895
4665;4665;Population 4600;4600;sample_4665;4475;0.008726434374512261
4666;4666;Population 4600;4600;sample_4666;4480;0.019094009687510533
4667;4667;Population 4600;4600;sample_4667;4485;0.006895257585966868
4668;4668;Population 4600;4600;sample_4668;4490;0.013820220333995374
4669;4669;Population 4600;4600;sample_4669;4495;0.01028853683767509
4670;4670;Population 4600;4600;sample_4670;4500;-0.00067854090879224
4671;4671;Population 4600;4600;sample_4671;4505;0.005048867568034662
4672;4672;Population 4600;4600;sample_4672;4510;0.0017922012186775017
4673;4673;Population 4600;4600;sample_4673;4515;0.012086111663438369
4674;4674;Population 4600;4600;sample_4674;4520;0.003830668444251819
4675;4675;Population 4600;4600;sample_4675;4525;0.01256885267270421
4676;4676;Population 4600;4600;sample_4676;4530;0.012172832314238222
4677;4677;Population 4600;4600;sample_4677;4535;0.0018682135383306508
4678;4678;Population 4600;4600;sample_4678;4540;0.0007781529174103092
4679;4679;Population 4600;4600;sample_4679;4545;0.001987358632776455
4680;4680;Population 4600;4600;sample_4680;4550;-0.0014256210232276103
4681;4681;Population 4600;4600;sample_4681;4555;-0.005004069460754687
4682;4682;Population 4600;4600;sample_4682;4560;0.009856151223129921
4683;4683;Population 4600;4600;sample_4683;4565;0.005042107029167139
4684;4684;Population 4600;4600;sample_4684;4570;0.014048042115150644
4685;4685;Population 4600;4600;sample_4685;4575;0.0008178165698664747
4686;4686;Population 4600;4600;sample_4686;4580;0.004084634113822586
4687;4687;Population 4600;4600;sample_4687;4585;0.00234730851347818
4688;4688;Population 4600;4600;sample_4688;4590;0.008844511883973068
4689;4689;Population 4600;4600;sample_4689;4595;-0.0023901197515058445
4690;4690;Population 5100;5100;sample_4690;5;0.06582129803332984
4691;4691;Population 5100;5100;sample_4691;10;-0.3975745233211388
4692;4692;Population 5100;5100;sample_4692;15;0.1253619779224164
4693;4693;Population 5100;5100;sample_4693;20;-0.08004576039927927
4694;4694;Population 5100;5100;sample_4694;25;0.12030491980983514
4695;4695;Population 5100;5100;sample_4695;30;-0.20039352067951194
4696;4696;Population 5100;5100;sample_4696;35;0.31991245718668376
4697;4697;Population 5100;5100;sample_4697;40;-0.10436353593375791
4698;4698;Population 5100;5100;sample_4698;45;0.03249054447155632
4699;4699;Population 5100;5100;sample_4699;50;-0.07986940178655288
4700;4700;Population 5100;5100;sample_4700;55;-0.06225183142983045
4701;4701;Population 5100;5100;sample_4701;60;0.0571646905798129
4702;4702;Population 5100;5100;sample_4702;65;-0.030874212641759383
4703;4703;Population 5100;5100;sample_4703;70;0.09977113879672311
4704;4704;Population 5100;5100;sample_4704;75;-0.031225555062306173
4705;4705;Population 5100;5100;sample_4705;80;-0.046787529048221685
4706;4706;Population 5100;5100;sample_4706;85;0.05455244643905512
4707;4707;Population 5100;5100;sample_4707;90;-0.020603294505674524
4708;4708;Population 5100;5100;sample_4708;95;-0.035335538887416425
4709;4709;Population 5100;5100;sample_4709;100;-0.01746033560017692
4710;4710;Population 5100;5100;sample_4710;105;0.11317257925651607
4711;4711;Population 5100;5100;sample_4711;110;0.07821536696854085
4712;4712;Population 5100;5100;sample_4712;115;-0.16178858379125674
4713;4713;Population 5100;5100;sample_4713;120;-0.04659908927963632
4714;4714;Population 5100;5100;sample_4714;125;0.10144618400538348
4715;4715;Population 5100;5100;sample_4715;130;-0.008003862414013952
4716;4716;Population 5100;5100;sample_4716;135;0.08766738734616039
4717;4717;Population 5100;5100;sample_4717;140;-0.04390205986151731
4718;4718;Population 5100;5100;sample_4718;145;-0.03230575220745498
4719;4719;Population 5100;5100;sample_4719;150;0.11569194047381991
4720;4720;Population 5100;5100;sample_4720;155;0.03021220503268786
4721;4721;Population 5100;5100;sample_4721;160;-0.03226377457522602
4722;4722;Population 5100;5100;sample_4722;165;0.16326248661558668
4723;4723;Population 5100;5100;sample_4723;170;-0.0117332946074194
4724;4724;Population 5100;5100;sample_4724;175;0.1272895749906387
4725;4725;Population 5100;5100;sample_4725;180;0.08296717205144542
4726;4726;Population 5100;5100;sample_4726;185;0.04421606864936481
4727;4727;Population 5100;5100;sample_4727;190;-0.05060191266468707
4728;4728;Population 5100;5100;sample_4728;195;0.007782717083459368
4729;4729;Population 5100;5100;sample_4729;200;0.044252710438314746
4730;4730;Population 5100;5100;sample_4730;205;-0.00922494908177707
4731;4731;Population 5100;5100;sample_4731;210;-0.06311225422384478
4732;4732;Population 5100;5100;sample_4732;215;0.23780083939280763
4733;4733;Population 5100;5100;sample_4733;220;-0.05243233440440196
4734;4734;Population 5100;5100;sample_4734;225;0.05820328558591137
4735;4735;Population 5100;5100;sample_4735;230;0.003266418468186965
4736;4736;Population 5100;5100;sample_4736;235;-0.02071297735416506
4737;4737;Population 5100;5100;sample_4737;240;0.06198843279412939
4738;4738;Population 5100;5100;sample_4738;245;-0.017254495675678754
4739;4739;Population 5100;5100;sample_4739;250;0.019731957495470402
4740;4740;Population 5100;5100;sample_4740;255;-0.014420798786565138
4741;4741;Population 5100;5100;sample_4741;260;-0.13187205063281932
4742;4742;Population 5100;5100;sample_4742;265;-0.018182451733532553
4743;4743;Population 5100;5100;sample_4743;270;-0.10777818863488664
4744;4744;Population 5100;5100;sample_4744;275;0.032616116303748645
4745;4745;Population 5100;5100;sample_4745;280;0.03416916298933926
4746;4746;Population 5100;5100;sample_4746;285;-0.10192882400780263
4747;4747;Population 5100;5100;sample_4747;290;-0.05896427698301506
4748;4748;Population 5100;5100;sample_4748;295;0.05065914442157368
4749;4749;Population 5100;5100;sample_4749;300;-0.01499233137279198
4750;4750;Population 5100;5100;sample_4750;305;-0.0904282497325507
4751;4751;Population 5100;5100;sample_4751;310;0.037893900751995876
4752;4752;Population 5100;5100;sample_4752;315;0.025530523284440564
4753;4753;Population 5100;5100;sample_4753;320;0.011185452370629989
4754;4754;Population 5100;5100;sample_4754;325;-0.02061251215173022
4755;4755;Population 5100;5100;sample_4755;330;0.060074255060659686
4756;4756;Population 5100;5100;sample_4756;335;0.032947919411619724
4757;4757;Population 5100;5100;sample_4757;340;-0.055083999145203455
4758;4758;Population 5100;5100;sample_4758;345;0.03153725031879265
4759;4759;Population 5100;5100;sample_4759;350;0.033524326423166925
4760;4760;Population 5100;5100;sample_4760;355;-0.06857398389168529
4761;4761;Population 5100;5100;sample_4761;360;-0.03527281447969284
4762;4762;Population 5100;5100;sample_4762;365;-0.08148722641990333
4763;4763;Population 5100;5100;sample_4763;370;0.03467395699855118
4764;4764;Population 5100;5100;sample_4764;375;0.04028889423344673
4765;4765;Population 5100;5100;sample_4765;380;-0.03338193645132124
4766;4766;Population 5100;5100;sample_4766;385;0.06549326339564163
4767;4767;Population 5100;5100;sample_4767;390;0.07121442952365145
4768;4768;Population 5100;5100;sample_4768;395;0.0086161522612171
4769;4769;Population 5100;5100;sample_4769;400;0.09365619094925556
4770;4770;Population 5100;5100;sample_4770;405;0.0530327612177453
4771;4771;Population 5100;5100;sample_4771;410;0.022691385949330345
4772;4772;Population 5100;5100;sample_4772;415;0.06734602110446032
4773;4773;Population 5100;5100;sample_4773;420;-0.07092163278248952
4774;4774;Population 5100;5100;sample_4774;425;0.09108478666822294
4775;4775;Population 5100;5100;sample_4775;430;-0.027679654091965555
4776;4776;Population 5100;5100;sample_4776;435;0.05688930130912483
4777;4777;Population 5100;5100;sample_4777;440;0.0645883271852743
4778;4778;Population 5100;5100;sample_4778;445;-0.03160429405088557
4779;4779;Population 5100;5100;sample_4779;450;-0.012659049707639048
4780;4780;Population 5100;5100;sample_4780;455;0.07902122482531629
4781;4781;Population 5100;5100;sample_4781;460;0.06662336567880944
4782;4782;Population 5100;5100;sample_4782;465;0.03621521276411517
4783;4783;Population 5100;5100;sample_4783;470;-0.06806986185867317
4784;4784;Population 5100;5100;sample_4784;475;0.0511289675451273
4785;4785;Population 5100;5100;sample_4785;480;-0.013502937931617387
4786;4786;Population 5100;5100;sample_4786;485;0.07270394249123022
4787;4787;Population 5100;5100;sample_4787;490;-0.004334206210732876
4788;4788;Population 5100;5100;sample_4788;495;-0.00036159863167095765
4789;4789;Population 5100;5100;sample_4789;500;0.004634091226940911
4790;4790;Population 5100;5100;sample_4790;505;0.0026285977712692454
4791;4791;Population 5100;5100;sample_4791;510;-0.03855284914944432
4792;4792;Population 5100;5100;sample_4792;515;0.06501875962359964
4793;4793;Population 5100;5100;sample_4793;520;-0.05064833531004261
4794;4794;Population 5100;5100;sample_4794;525;-0.010068151379081819
4795;4795;Population 5100;5100;sample_4795;530;-0.014523317762482184
4796;4796;Population 5100;5100;sample_4796;535;-0.007926602614380503
4797;4797;Population 5100;5100;sample_4797;540;0.012203636369543726
4798;4798;Population 5100;5100;sample_4798;545;0.06329846125207973
4799;4799;Population 5100;5100;sample_4799;550;-0.024628719517336452
4800;4800;Population 5100;5100;sample_4800;555;0.022364690725439763
4801;4801;Population 5100;5100;sample_4801;560;-0.04681520156771524
4802;4802;Population 5100;5100;sample_4802;565;0.0013117319259080254
4803;4803;Population 5100;5100;sample_4803;570;-0.01501491061063187
4804;4804;Population 5100;5100;sample_4804;575;0.06615203813434407
4805;4805;Population 5100;5100;sample_4805;580;-0.04305699623545476
4806;4806;Population 5100;5100;sample_4806;585;0.06048853631225263
4807;4807;Population 5100;5100;sample_4807;590;0.02342934709689638
4808;4808;Population 5100;5100;sample_4808;595;-0.010651991872037192
4809;4809;Population 5100;5100;sample_4809;600;-0.038625839713418327
4810;4810;Population 5100;5100;sample_4810;605;0.05350486476991009
4811;4811;Population 5100;5100;sample_4811;610;-0.019934329745477854
4812;4812;Population 5100;5100;sample_4812;615;-0.03520399481910383
4813;4813;Population 5100;5100;sample_4813;620;0.057310868747024075
4814;4814;Population 5100;5100;sample_4814;625;-0.0008915348346821488
4815;4815;Population 5100;5100;sample_4815;630;0.015358406859747325
4816;4816;Population 5100;5100;sample_4816;635;-0.005298584595321027
4817;4817;Population 5100;5100;sample_4817;640;0.07609568090676233
4818;4818;Population 5100;5100;sample_4818;645;0.018223943743032732
4819;4819;Population 5100;5100;sample_4819;650;-0.07184306802425902
4820;4820;Population 5100;5100;sample_4820;655;0.09458026309530122
4821;4821;Population 5100;5100;sample_4821;660;0.01906839609779112
4822;4822;Population 5100;5100;sample_4822;665;0.050432943292601715
4823;4823;Population 5100;5100;sample_4823;670;-0.0020240896832511572
4824;4824;Population 5100;5100;sample_4824;675;-0.009678706599785751
4825;4825;Population 5100;5100;sample_4825;680;-0.04470158392865104
4826;4826;Population 5100;5100;sample_4826;685;0.0110661963719123
4827;4827;Population 5100;5100;sample_4827;690;0.048745727382313406
4828;4828;Population 5100;5100;sample_4828;695;0.01830609142526161
4829;4829;Population 5100;5100;sample_4829;700;-0.024958746903016145
4830;4830;Population 5100;5100;sample_4830;705;0.05712543527366473
4831;4831;Population 5100;5100;sample_4831;710;-0.020615669872255396
4832;4832;Population 5100;5100;sample_4832;715;-0.01499324763374679
4833;4833;Population 5100;5100;sample_4833;720;4.7866049413432715e-05
4834;4834;Population 5100;5100;sample_4834;725;0.0704463303568707
4835;4835;Population 5100;5100;sample_4835;730;0.03968104168770967
4836;4836;Population 5100;5100;sample_4836;735;-0.032897747995880376
4837;4837;Population 5100;5100;sample_4837;740;0.027770384794251715
4838;4838;Population 5100;5100;sample_4838;745;-0.030068953061730925
4839;4839;Population 5100;5100;sample_4839;750;-0.028249368468958168
4840;4840;Population 5100;5100;sample_4840;755;0.04084987210316377
4841;4841;Population 5100;5100;sample_4841;760;0.040521085371365485
4842;4842;Population 5100;5100;sample_4842;765;-0.053295651615189406
4843;4843;Population 5100;5100;sample_4843;770;0.004800845117924628
4844;4844;Population 5100;5100;sample_4844;775;-0.04212725421167231
4845;4845;Population 5100;5100;sample_4845;780;-0.011972914768855073
4846;4846;Population 5100;5100;sample_4846;785;-0.036624423787739266
4847;4847;Population 5100;5100;sample_4847;790;-0.03863003905138811
4848;4848;Population 5100;5100;sample_4848;795;-0.013351980758022377
4849;4849;Population 5100;5100;sample_4849;800;-0.042224113540347455
4850;4850;Population 5100;5100;sample_4850;805;0.032609932294631556
4851;4851;Population 5100;5100;sample_4851;810;-0.035574934444972
4852;4852;Population 5100;5100;sample_4852;815;-0.02142027756037397
4853;4853;Population 5100;5100;sample_4853;820;0.06875868166956363
4854;4854;Population 5100;5100;sample_4854;825;0.011223988387018545
4855;4855;Population 5100;5100;sample_4855;830;0.0058102087508690725
4856;4856;Population 5100;5100;sample_4856;835;-0.011555663460260792
4857;4857;Population 5100;5100;sample_4857;840;-0.009498489117530299
4858;4858;Population 5100;5100;sample_4858;845;-0.001178997037134829
4859;4859;Population 5100;5100;sample_4859;850;-0.014811241562102541
4860;4860;Population 5100;5100;sample_4860;855;-0.0011100511837714051
4861;4861;Population 5100;5100;sample_4861;860;-0.0044064222212590026
4862;4862;Population 5100;5100;sample_4862;865;0.027324007284042426
4863;4863;Population 5100;5100;sample_4863;870;-0.04269407773702237
4864;4864;Population 5100;5100;sample_4864;875;-0.037886674169759556
4865;4865;Population 5100;5100;sample_4865;880;-0.061462549511243365
4866;4866;Population 5100;5100;sample_4866;885;0.05326312480984571
4867;4867;Population 5100;5100;sample_4867;890;-0.012523053629498125
4868;4868;Population 5100;5100;sample_4868;895;-0.017339579531811183
4869;4869;Population 5100;5100;sample_4869;900;0.0222969742233099
4870;4870;Population 5100;5100;sample_4870;905;0.004629854238976989
4871;4871;Population 5100;5100;sample_4871;910;0.031162962899392257
4872;4872;Population 5100;5100;sample_4872;915;0.005162937034734084
4873;4873;Population 5100;5100;sample_4873;920;-0.013327944728548697
4874;4874;Population 5100;5100;sample_4874;925;0.031940946023637444
4875;4875;Population 5100;5100;sample_4875;930;-0.01974804165457207
4876;4876;Population 5100;5100;sample_4876;935;0.08457116749914947
4877;4877;Population 5100;5100;sample_4877;940;-0.04485470257586256
4878;4878;Population 5100;5100;sample_4878;945;-0.00361518452992451
4879;4879;Population 5100;5100;sample_4879;950;-0.018650488567980586
4880;4880;Population 5100;5100;sample_4880;955;-0.005544523510284786
4881;4881;Population 5100;5100;sample_4881;960;0.0011212749706696955
4882;4882;Population 5100;5100;sample_4882;965;-0.01307617832884922
4883;4883;Population 5100;5100;sample_4883;970;-0.027386628164367727
4884;4884;Population 5100;5100;sample_4884;975;-0.03577144325084437
4885;4885;Population 5100;5100;sample_4885;980;-0.03759204321833685
4886;4886;Population 5100;5100;sample_4886;985;-0.0247974895425277
4887;4887;Population 5100;5100;sample_4887;990;0.05346248481395262
4888;4888;Population 5100;5100;sample_4888;995;-0.03981930932462122
4889;4889;Population 5100;5100;sample_4889;1000;-0.012642479954690677
4890;4890;Population 5100;5100;sample_4890;1005;-0.06068197096086847
4891;4891;Population 5100;5100;sample_4891;1010;0.017780189766793617
4892;4892;Population 5100;5100;sample_4892;1015;-0.021506613908183883
4893;4893;Population 5100;5100;sample_4893;1020;0.008008976227782743
4894;4894;Population 5100;5100;sample_4894;1025;0.059418910690560135
4895;4895;Population 5100;5100;sample_4895;1030;-0.00614145075055882
4896;4896;Population 5100;5100;sample_4896;1035;0.00036829036271591857
4897;4897;Population 5100;5100;sample_4897;1040;0.022455623527029046
4898;4898;Population 5100;5100;sample_4898;1045;0.03655996009823362
4899;4899;Population 5100;5100;sample_4899;1050;-0.0064565606014494355
4900;4900;Population 5100;5100;sample_4900;1055;0.01761957988317584
4901;4901;Population 5100;5100;sample_4901;1060;-0.010751207017558304
4902;4902;Population 5100;5100;sample_4902;1065;-0.017883667268863663
4903;4903;Population 5100;5100;sample_4903;1070;-0.04870536260437971
4904;4904;Population 5100;5100;sample_4904;1075;0.003517777175244842
4905;4905;Population 5100;5100;sample_4905;1080;0.0096778776096788
4906;4906;Population 5100;5100;sample_4906;1085;0.0011192966733094762
4907;4907;Population 5100;5100;sample_4907;1090;0.06281374865828081
4908;4908;Population 5100;5100;sample_4908;1095;0.023565317468546437
4909;4909;Population 5100;5100;sample_4909;1100;-0.039911895148341224
4910;4910;Population 5100;5100;sample_4910;1105;0.033807297921375996
4911;4911;Population 5100;5100;sample_4911;1110;0.014921494297103476
4912;4912;Population 5100;5100;sample_4912;1115;-0.002976801479612513
4913;4913;Population 5100;5100;sample_4913;1120;-0.01042591278038764
4914;4914;Population 5100;5100;sample_4914;1125;0.03682911494683103
4915;4915;Population 5100;5100;sample_4915;1130;-0.001763605697960852
4916;4916;Population 5100;5100;sample_4916;1135;-0.002589205934091574
4917;4917;Population 5100;5100;sample_4917;1140;-0.013623767910026504
4918;4918;Population 5100;5100;sample_4918;1145;-0.027280902166831985
4919;4919;Population 5100;5100;sample_4919;1150;0.007230487833402979
4920;4920;Population 5100;5100;sample_4920;1155;-0.026192630198818862
4921;4921;Population 5100;5100;sample_4921;1160;0.010127614536956127
4922;4922;Population 5100;5100;sample_4922;1165;0.0127063892704433
4923;4923;Population 5100;5100;sample_4923;1170;-0.03248558912712591
4924;4924;Population 5100;5100;sample_4924;1175;0.010153709219832687
4925;4925;Population 5100;5100;sample_4925;1180;0.002323027366403796
4926;4926;Population 5100;5100;sample_4926;1185;-0.011123808248058194
4927;4927;Population 5100;5100;sample_4927;1190;-0.021839850627577356
4928;4928;Population 5100;5100;sample_4928;1195;-0.031463491692138065
4929;4929;Population 5100;5100;sample_4929;1200;-0.0018924671575383616
4930;4930;Population 5100;5100;sample_4930;1205;0.032607888131054114
4931;4931;Population 5100;5100;sample_4931;1210;-0.023186052132767348
4932;4932;Population 5100;5100;sample_4932;1215;0.07127636982433694
4933;4933;Population 5100;5100;sample_4933;1220;0.02797834806990757
4934;4934;Population 5100;5100;sample_4934;1225;-0.011983306217440948
4935;4935;Population 5100;5100;sample_4935;1230;-0.04083320854543679
4936;4936;Population 5100;5100;sample_4936;1235;-0.015950080445885154
4937;4937;Population 5100;5100;sample_4937;1240;0.041277249537079716
4938;4938;Population 5100;5100;sample_4938;1245;-0.010504332829070267
4939;4939;Population 5100;5100;sample_4939;1250;-0.027079054089999683
4940;4940;Population 5100;5100;sample_4940;1255;-0.04052970006528349
4941;4941;Population 5100;5100;sample_4941;1260;-0.018201804043325918
4942;4942;Population 5100;5100;sample_4942;1265;0.009691831149792702
4943;4943;Population 5100;5100;sample_4943;1270;-0.039295138552681554
4944;4944;Population 5100;5100;sample_4944;1275;0.016390736164715983
4945;4945;Population 5100;5100;sample_4945;1280;4.2019330145987024e-05
4946;4946;Population 5100;5100;sample_4946;1285;0.03149822974022086
4947;4947;Population 5100;5100;sample_4947;1290;0.019952735815857804
4948;4948;Population 5100;5100;sample_4948;1295;-0.020444538622057033
4949;4949;Population 5100;5100;sample_4949;1300;0.0308581800776376
4950;4950;Population 5100;5100;sample_4950;1305;0.030867657141356312
4951;4951;Population 5100;5100;sample_4951;1310;-0.013847383364154208
4952;4952;Population 5100;5100;sample_4952;1315;0.056643788691839767
4953;4953;Population 5100;5100;sample_4953;1320;0.04287367362275864
4954;4954;Population 5100;5100;sample_4954;1325;-0.04395545737447091
4955;4955;Population 5100;5100;sample_4955;1330;-0.0051351824146344295
4956;4956;Population 5100;5100;sample_4956;1335;0.006704227635704243
4957;4957;Population 5100;5100;sample_4957;1340;-0.001950417273638876
4958;4958;Population 5100;5100;sample_4958;1345;-0.006055586208756207
4959;4959;Population 5100;5100;sample_4959;1350;-0.01732532411389873
4960;4960;Population 5100;5100;sample_4960;1355;-0.022953608886860908
4961;4961;Population 5100;5100;sample_4961;1360;0.03670760289302651
4962;4962;Population 5100;5100;sample_4962;1365;-0.02635284041510269
4963;4963;Population 5100;5100;sample_4963;1370;-0.005114719907755383
4964;4964;Population 5100;5100;sample_4964;1375;0.004990638019670836
4965;4965;Population 5100;5100;sample_4965;1380;0.016330659667981594
4966;4966;Population 5100;5100;sample_4966;1385;-0.0029319552919004413
4967;4967;Population 5100;5100;sample_4967;1390;-0.017432378409147724
4968;4968;Population 5100;5100;sample_4968;1395;-0.030877492930908614
4969;4969;Population 5100;5100;sample_4969;1400;-0.0077697831668264
4970;4970;Population 5100;5100;sample_4970;1405;0.008623644714457097
4971;4971;Population 5100;5100;sample_4971;1410;0.03187179492069168
4972;4972;Population 5100;5100;sample_4972;1415;0.00593909408740655
4973;4973;Population 5100;5100;sample_4973;1420;0.04595867916750118
4974;4974;Population 5100;5100;sample_4974;1425;0.00471729915520919
4975;4975;Population 5100;5100;sample_4975;1430;-0.005176707839618981
4976;4976;Population 5100;5100;sample_4976;1435;-0.00599486367858665
4977;4977;Population 5100;5100;sample_4977;1440;0.01233835349287262
4978;4978;Population 5100;5100;sample_4978;1445;0.003900773765952834
4979;4979;Population 5100;5100;sample_4979;1450;-0.00245022207405953
4980;4980;Population 5100;5100;sample_4980;1455;0.012497290324224725
4981;4981;Population 5100;5100;sample_4981;1460;0.03420880138924999
4982;4982;Population 5100;5100;sample_4982;1465;0.006785912737476343
4983;4983;Population 5100;5100;sample_4983;1470;0.009740132366174293
4984;4984;Population 5100;5100;sample_4984;1475;0.009735651619078453
4985;4985;Population 5100;5100;sample_4985;1480;-0.007500345196275276
4986;4986;Population 5100;5100;sample_4986;1485;-0.012853020714678434
4987;4987;Population 5100;5100;sample_4987;1490;0.06676258106624568
4988;4988;Population 5100;5100;sample_4988;1495;-0.00883185574137717
4989;4989;Population 5100;5100;sample_4989;1500;-0.016091479347401075
4990;4990;Population 5100;5100;sample_4990;1505;-0.036109507486599246
4991;4991;Population 5100;5100;sample_4991;1510;-0.011652716922983062
4992;4992;Population 5100;5100;sample_4992;1515;0.002495916155695703
4993;4993;Population 5100;5100;sample_4993;1520;0.008681161221496026
4994;4994;Population 5100;5100;sample_4994;1525;0.03932429546833111
4995;4995;Population 5100;5100;sample_4995;1530;0.028450094328153257
4996;4996;Population 5100;5100;sample_4996;1535;0.002587987617217748
4997;4997;Population 5100;5100;sample_4997;1540;0.00846781612097134
4998;4998;Population 5100;5100;sample_4998;1545;-0.012711095760939761
4999;4999;Population 5100;5100;sample_4999;1550;-0.015504988919321842
5000;5000;Population 5100;5100;sample_5000;1555;0.010241049458320507
5001;5001;Population 5100;5100;sample_5001;1560;0.005122631822896113
5002;5002;Population 5100;5100;sample_5002;1565;-0.018255134854619125
5003;5003;Population 5100;5100;sample_5003;1570;-0.011374149173429406
5004;5004;Population 5100;5100;sample_5004;1575;0.02271720554554772
5005;5005;Population 5100;5100;sample_5005;1580;-0.0024845170583330085
5006;5006;Population 5100;5100;sample_5006;1585;-0.02357027457408971
5007;5007;Population 5100;5100;sample_5007;1590;-0.05193592677210566
5008;5008;Population 5100;5100;sample_5008;1595;0.01560107868794184
5009;5009;Population 5100;5100;sample_5009;1600;0.0003413237644197975
5010;5010;Population 5100;5100;sample_5010;1605;-0.014981954409259321
5011;5011;Population 5100;5100;sample_5011;1610;0.023473409481211408
5012;5012;Population 5100;5100;sample_5012;1615;0.04673322395549908
5013;5013;Population 5100;5100;sample_5013;1620;-0.029011000545831264
5014;5014;Population 5100;5100;sample_5014;1625;0.00379245488013638
5015;5015;Population 5100;5100;sample_5015;1630;-0.005783153247504597
5016;5016;Population 5100;5100;sample_5016;1635;-0.007929095253858607
5017;5017;Population 5100;5100;sample_5017;1640;0.009780433618765688
5018;5018;Population 5100;5100;sample_5018;1645;0.035571682124767384
5019;5019;Population 5100;5100;sample_5019;1650;0.028899305113123955
5020;5020;Population 5100;5100;sample_5020;1655;0.012662275111009855
5021;5021;Population 5100;5100;sample_5021;1660;0.011319395601999032
5022;5022;Population 5100;5100;sample_5022;1665;0.006439493242949985
5023;5023;Population 5100;5100;sample_5023;1670;-0.002563190160401333
5024;5024;Population 5100;5100;sample_5024;1675;0.006205862825713263
5025;5025;Population 5100;5100;sample_5025;1680;0.016421401534357866
5026;5026;Population 5100;5100;sample_5026;1685;0.0225043159314357
5027;5027;Population 5100;5100;sample_5027;1690;-0.005229331943450439
5028;5028;Population 5100;5100;sample_5028;1695;-0.005727817315158758
5029;5029;Population 5100;5100;sample_5029;1700;0.039558849734712194
5030;5030;Population 5100;5100;sample_5030;1705;0.00920934269157149
5031;5031;Population 5100;5100;sample_5031;1710;0.025570534310985528
5032;5032;Population 5100;5100;sample_5032;1715;-0.0005837943741570583
5033;5033;Population 5100;5100;sample_5033;1720;-0.004943809232106652
5034;5034;Population 5100;5100;sample_5034;1725;-0.029190564004652655
5035;5035;Population 5100;5100;sample_5035;1730;0.020951860447812293
5036;5036;Population 5100;5100;sample_5036;1735;0.011567751534476534
5037;5037;Population 5100;5100;sample_5037;1740;0.04410678668105917
5038;5038;Population 5100;5100;sample_5038;1745;-0.005375534665244754
5039;5039;Population 5100;5100;sample_5039;1750;-0.009964326808254936
5040;5040;Population 5100;5100;sample_5040;1755;0.03355734818946678
5041;5041;Population 5100;5100;sample_5041;1760;0.00753416792275363
5042;5042;Population 5100;5100;sample_5042;1765;0.022437768508831907
5043;5043;Population 5100;5100;sample_5043;1770;-0.03576529584599358
5044;5044;Population 5100;5100;sample_5044;1775;-0.0051785619438183906
5045;5045;Population 5100;5100;sample_5045;1780;-0.016926601293197095
5046;5046;Population 5100;5100;sample_5046;1785;0.013289350415610452
5047;5047;Population 5100;5100;sample_5047;1790;-0.01811519154643869
5048;5048;Population 5100;5100;sample_5048;1795;-0.003116282266514788
5049;5049;Population 5100;5100;sample_5049;1800;0.011232642261471762
5050;5050;Population 5100;5100;sample_5050;1805;0.01780520721997867
5051;5051;Population 5100;5100;sample_5051;1810;-0.015768142398311244
5052;5052;Population 5100;5100;sample_5052;1815;-0.019724344199342863
5053;5053;Population 5100;5100;sample_5053;1820;0.024046731345297858
5054;5054;Population 5100;5100;sample_5054;1825;0.010642113557664545
5055;5055;Population 5100;5100;sample_5055;1830;0.029028164643868017
5056;5056;Population 5100;5100;sample_5056;1835;0.017405834827148567
5057;5057;Population 5100;5100;sample_5057;1840;0.015081196411098787
5058;5058;Population 5100;5100;sample_5058;1845;0.012314475503390454
5059;5059;Population 5100;5100;sample_5059;1850;-0.004561795115399217
5060;5060;Population 5100;5100;sample_5060;1855;0.014144426163714051
5061;5061;Population 5100;5100;sample_5061;1860;0.03567738918557661
5062;5062;Population 5100;5100;sample_5062;1865;0.04250924287093156
5063;5063;Population 5100;5100;sample_5063;1870;0.03307384037405952
5064;5064;Population 5100;5100;sample_5064;1875;0.027732137653430515
5065;5065;Population 5100;5100;sample_5065;1880;0.017329707596733017
5066;5066;Population 5100;5100;sample_5066;1885;-0.02975710681494114
5067;5067;Population 5100;5100;sample_5067;1890;0.012011824374465947
5068;5068;Population 5100;5100;sample_5068;1895;0.007442888833490907
5069;5069;Population 5100;5100;sample_5069;1900;0.004850176580313806
5070;5070;Population 5100;5100;sample_5070;1905;-0.024322932131162555
5071;5071;Population 5100;5100;sample_5071;1910;0.008242954729147222
5072;5072;Population 5100;5100;sample_5072;1915;0.006004683278933558
5073;5073;Population 5100;5100;sample_5073;1920;-0.03282774792995355
5074;5074;Population 5100;5100;sample_5074;1925;0.013191063890485607
5075;5075;Population 5100;5100;sample_5075;1930;0.0023973542812714046
5076;5076;Population 5100;5100;sample_5076;1935;0.023844900351094867
5077;5077;Population 5100;5100;sample_5077;1940;-0.012493680669740763
5078;5078;Population 5100;5100;sample_5078;1945;0.010931002554339972
5079;5079;Population 5100;5100;sample_5079;1950;0.006561818486081076
5080;5080;Population 5100;5100;sample_5080;1955;-0.030564173141284304
5081;5081;Population 5100;5100;sample_5081;1960;0.010250029952832865
5082;5082;Population 5100;5100;sample_5082;1965;0.01040409026854292
5083;5083;Population 5100;5100;sample_5083;1970;0.03368067277149258
5084;5084;Population 5100;5100;sample_5084;1975;0.04401409240938144
5085;5085;Population 5100;5100;sample_5085;1980;-0.0013469066154353582
5086;5086;Population 5100;5100;sample_5086;1985;-0.013596698174863708
5087;5087;Population 5100;5100;sample_5087;1990;0.006025361856056773
5088;5088;Population 5100;5100;sample_5088;1995;-0.006098664129650194
5089;5089;Population 5100;5100;sample_5089;2000;0.006421973376424571
5090;5090;Population 5100;5100;sample_5090;2005;-0.0119070468057916
5091;5091;Population 5100;5100;sample_5091;2010;-0.018180339884296032
5092;5092;Population 5100;5100;sample_5092;2015;-0.015492726171293448
5093;5093;Population 5100;5100;sample_5093;2020;0.0457779703331467
5094;5094;Population 5100;5100;sample_5094;2025;0.029397319127700845
5095;5095;Population 5100;5100;sample_5095;2030;0.02521998960888293
5096;5096;Population 5100;5100;sample_5096;2035;-0.025055712537614013
5097;5097;Population 5100;5100;sample_5097;2040;0.04523018369225807
5098;5098;Population 5100;5100;sample_5098;2045;0.003911730128385116
5099;5099;Population 5100;5100;sample_5099;2050;0.010961276675601934
5100;5100;Population 5100;5100;sample_5100;2055;0.010174774188670804
5101;5101;Population 5100;5100;sample_5101;2060;0.03287969229798629
5102;5102;Population 5100;5100;sample_5102;2065;0.020531157971588193
5103;5103;Population 5100;5100;sample_5103;2070;0.010905939095533121
5104;5104;Population 5100;5100;sample_5104;2075;0.009141801456458674
5105;5105;Population 5100;5100;sample_5105;2080;0.01951936577467307
5106;5106;Population 5100;5100;sample_5106;2085;-0.01947167976232586
5107;5107;Population 5100;5100;sample_5107;2090;0.04198233190698923
5108;5108;Population 5100;5100;sample_5108;2095;0.046003520084819186
5109;5109;Population 5100;5100;sample_5109;2100;0.00922638737792935
5110;5110;Population 5100;5100;sample_5110;2105;0.016644729546591627
5111;5111;Population 5100;5100;sample_5111;2110;0.012445575382800741
5112;5112;Population 5100;5100;sample_5112;2115;0.017756264141143323
5113;5113;Population 5100;5100;sample_5113;2120;-0.004651779559467415
5114;5114;Population 5100;5100;sample_5114;2125;0.02783050350496406
5115;5115;Population 5100;5100;sample_5115;2130;0.021707676764363946
5116;5116;Population 5100;5100;sample_5116;2135;0.005145763505284798
5117;5117;Population 5100;5100;sample_5117;2140;0.030783984484656017
5118;5118;Population 5100;5100;sample_5118;2145;0.0332771941580799
5119;5119;Population 5100;5100;sample_5119;2150;-0.02481004759971724
5120;5120;Population 5100;5100;sample_5120;2155;-0.01384324050673239
5121;5121;Population 5100;5100;sample_5121;2160;-0.01428517067335385
5122;5122;Population 5100;5100;sample_5122;2165;-0.0037012246103426097
5123;5123;Population 5100;5100;sample_5123;2170;-0.027205457071657627
5124;5124;Population 5100;5100;sample_5124;2175;-0.009175951886972445
5125;5125;Population 5100;5100;sample_5125;2180;-0.004332542746663105
5126;5126;Population 5100;5100;sample_5126;2185;0.013856056291277596
5127;5127;Population 5100;5100;sample_5127;2190;0.03908978669977088
5128;5128;Population 5100;5100;sample_5128;2195;-0.0034944061543526776
5129;5129;Population 5100;5100;sample_5129;2200;-0.02524506484680756
5130;5130;Population 5100;5100;sample_5130;2205;-0.006349466133304692
5131;5131;Population 5100;5100;sample_5131;2210;0.00830930965063446
5132;5132;Population 5100;5100;sample_5132;2215;0.011519025389107327
5133;5133;Population 5100;5100;sample_5133;2220;0.017961213429639505
5134;5134;Population 5100;5100;sample_5134;2225;0.011536460898603952
5135;5135;Population 5100;5100;sample_5135;2230;-0.01715187859068186
5136;5136;Population 5100;5100;sample_5136;2235;-0.01715147076128403
5137;5137;Population 5100;5100;sample_5137;2240;0.0258632072615302
5138;5138;Population 5100;5100;sample_5138;2245;-0.0280268144624911
5139;5139;Population 5100;5100;sample_5139;2250;0.0010881621846609575
5140;5140;Population 5100;5100;sample_5140;2255;-0.0027222477196995965
5141;5141;Population 5100;5100;sample_5141;2260;0.019299615130176122
5142;5142;Population 5100;5100;sample_5142;2265;0.006592647972707135
5143;5143;Population 5100;5100;sample_5143;2270;-0.006846451377824002
5144;5144;Population 5100;5100;sample_5144;2275;-0.013893488963648561
5145;5145;Population 5100;5100;sample_5145;2280;0.008047130077190155
5146;5146;Population 5100;5100;sample_5146;2285;-0.0018889102781279978
5147;5147;Population 5100;5100;sample_5147;2290;0.0044364475740523235
5148;5148;Population 5100;5100;sample_5148;2295;-0.01411811192359248
5149;5149;Population 5100;5100;sample_5149;2300;-0.0018621638492753573
5150;5150;Population 5100;5100;sample_5150;2305;0.026276312091059448
5151;5151;Population 5100;5100;sample_5151;2310;0.0036481309678215107
5152;5152;Population 5100;5100;sample_5152;2315;0.00250376657196709
5153;5153;Population 5100;5100;sample_5153;2320;-0.0032355217206233217
5154;5154;Population 5100;5100;sample_5154;2325;-0.017982711976364318
5155;5155;Population 5100;5100;sample_5155;2330;0.03799659772743886
5156;5156;Population 5100;5100;sample_5156;2335;0.03076559743329215
5157;5157;Population 5100;5100;sample_5157;2340;0.0015083582252317822
5158;5158;Population 5100;5100;sample_5158;2345;0.024400675216885173
5159;5159;Population 5100;5100;sample_5159;2350;0.011381983658239633
5160;5160;Population 5100;5100;sample_5160;2355;0.004726081102394751
5161;5161;Population 5100;5100;sample_5161;2360;0.02906583692806692
5162;5162;Population 5100;5100;sample_5162;2365;0.030692756786530166
5163;5163;Population 5100;5100;sample_5163;2370;-0.011700353333976378
5164;5164;Population 5100;5100;sample_5164;2375;0.008184080060280744
5165;5165;Population 5100;5100;sample_5165;2380;0.00325112550816092
5166;5166;Population 5100;5100;sample_5166;2385;0.016852462625507107
5167;5167;Population 5100;5100;sample_5167;2390;0.00999005148476809
5168;5168;Population 5100;5100;sample_5168;2395;0.029070304256524095
5169;5169;Population 5100;5100;sample_5169;2400;-0.0005528670605351064
5170;5170;Population 5100;5100;sample_5170;2405;0.012255134260242375
5171;5171;Population 5100;5100;sample_5171;2410;-0.013688974057429795
5172;5172;Population 5100;5100;sample_5172;2415;-0.0024556000882020017
5173;5173;Population 5100;5100;sample_5173;2420;0.014641555489585794
5174;5174;Population 5100;5100;sample_5174;2425;-0.013262308389010614
5175;5175;Population 5100;5100;sample_5175;2430;0.013188934654682256
5176;5176;Population 5100;5100;sample_5176;2435;0.025784141109451892
5177;5177;Population 5100;5100;sample_5177;2440;0.035067319256066494
5178;5178;Population 5100;5100;sample_5178;2445;-0.014561476768275617
5179;5179;Population 5100;5100;sample_5179;2450;-0.006550042134694959
5180;5180;Population 5100;5100;sample_5180;2455;0.023565008428984416
5181;5181;Population 5100;5100;sample_5181;2460;-0.01393063746474982
5182;5182;Population 5100;5100;sample_5182;2465;-0.0031638578765261095
5183;5183;Population 5100;5100;sample_5183;2470;0.013042270186686866
5184;5184;Population 5100;5100;sample_5184;2475;-0.008700178515420058
5185;5185;Population 5100;5100;sample_5185;2480;0.0011661925189667415
5186;5186;Population 5100;5100;sample_5186;2485;-0.009899937873297794
5187;5187;Population 5100;5100;sample_5187;2490;0.007070971057898865
5188;5188;Population 5100;5100;sample_5188;2495;0.002352340014530282
5189;5189;Population 5100;5100;sample_5189;2500;0.020023013792616014
5190;5190;Population 5100;5100;sample_5190;2505;0.026868010330320113
5191;5191;Population 5100;5100;sample_5191;2510;0.0005959936152378107
5192;5192;Population 5100;5100;sample_5192;2515;0.01171802840822905
5193;5193;Population 5100;5100;sample_5193;2520;0.020884870254501114
5194;5194;Population 5100;5100;sample_5194;2525;-0.0008898564839254138
5195;5195;Population 5100;5100;sample_5195;2530;0.01992554140159102
5196;5196;Population 5100;5100;sample_5196;2535;0.01911914039488443
5197;5197;Population 5100;5100;sample_5197;2540;0.007405550715068461
5198;5198;Population 5100;5100;sample_5198;2545;-0.013417653903175624
5199;5199;Population 5100;5100;sample_5199;2550;-0.03276586164561245
5200;5200;Population 5100;5100;sample_5200;2555;0.025293291376270864
5201;5201;Population 5100;5100;sample_5201;2560;0.00043018127224871345
5202;5202;Population 5100;5100;sample_5202;2565;-0.01052941235522192
5203;5203;Population 5100;5100;sample_5203;2570;0.0032886283817880353
5204;5204;Population 5100;5100;sample_5204;2575;-0.03126196035229001
5205;5205;Population 5100;5100;sample_5205;2580;0.0068006175934713
5206;5206;Population 5100;5100;sample_5206;2585;0.0039761713853785465
5207;5207;Population 5100;5100;sample_5207;2590;-0.00584200113191399
5208;5208;Population 5100;5100;sample_5208;2595;0.004735273131443048
5209;5209;Population 5100;5100;sample_5209;2600;0.03086447299266265
5210;5210;Population 5100;5100;sample_5210;2605;-4.90421121600715e-05
5211;5211;Population 5100;5100;sample_5211;2610;-0.017412738254494076
5212;5212;Population 5100;5100;sample_5212;2615;0.011349460579161091
5213;5213;Population 5100;5100;sample_5213;2620;0.015118091010332173
5214;5214;Population 5100;5100;sample_5214;2625;0.002195014864232829
5215;5215;Population 5100;5100;sample_5215;2630;0.002343778094877341
5216;5216;Population 5100;5100;sample_5216;2635;0.007366403927575571
5217;5217;Population 5100;5100;sample_5217;2640;0.029310219422056884
5218;5218;Population 5100;5100;sample_5218;2645;0.005769225096023336
5219;5219;Population 5100;5100;sample_5219;2650;0.010832163742544547
5220;5220;Population 5100;5100;sample_5220;2655;-0.00014438760198901593
5221;5221;Population 5100;5100;sample_5221;2660;0.0030418466532527253
5222;5222;Population 5100;5100;sample_5222;2665;0.006536475350132735
5223;5223;Population 5100;5100;sample_5223;2670;-0.006422106072061584
5224;5224;Population 5100;5100;sample_5224;2675;-0.006987585393681796
5225;5225;Population 5100;5100;sample_5225;2680;-0.0007702259067276876
5226;5226;Population 5100;5100;sample_5226;2685;0.004699459975125806
5227;5227;Population 5100;5100;sample_5227;2690;0.0237677513653235
5228;5228;Population 5100;5100;sample_5228;2695;-0.01399588513387311
5229;5229;Population 5100;5100;sample_5229;2700;0.01623394728310318
5230;5230;Population 5100;5100;sample_5230;2705;-0.03146715186718946
5231;5231;Population 5100;5100;sample_5231;2710;0.004832001942877535
5232;5232;Population 5100;5100;sample_5232;2715;0.002266791696277424
5233;5233;Population 5100;5100;sample_5233;2720;0.02440793539860416
5234;5234;Population 5100;5100;sample_5234;2725;0.00473773399103359
5235;5235;Population 5100;5100;sample_5235;2730;0.016073838512977546
5236;5236;Population 5100;5100;sample_5236;2735;-0.003656641527234097
5237;5237;Population 5100;5100;sample_5237;2740;-0.0011544273139609512
5238;5238;Population 5100;5100;sample_5238;2745;0.013518921662794363
5239;5239;Population 5100;5100;sample_5239;2750;-0.008241082429974648
5240;5240;Population 5100;5100;sample_5240;2755;-5.289819322120418e-05
5241;5241;Population 5100;5100;sample_5241;2760;-0.0010327978534485805
5242;5242;Population 5100;5100;sample_5242;2765;0.012589429203012373
5243;5243;Population 5100;5100;sample_5243;2770;0.007743009178274465
5244;5244;Population 5100;5100;sample_5244;2775;-0.014573646118406785
5245;5245;Population 5100;5100;sample_5245;2780;0.02143330000066349
5246;5246;Population 5100;5100;sample_5246;2785;0.024365040365809953
5247;5247;Population 5100;5100;sample_5247;2790;-0.01442880778307009
5248;5248;Population 5100;5100;sample_5248;2795;0.006154102806152325
5249;5249;Population 5100;5100;sample_5249;2800;0.011467929297712617
5250;5250;Population 5100;5100;sample_5250;2805;-0.0002334246464977935
5251;5251;Population 5100;5100;sample_5251;2810;-0.006676446113598518
5252;5252;Population 5100;5100;sample_5252;2815;-0.0015195580025579403
5253;5253;Population 5100;5100;sample_5253;2820;-0.004037004883250586
5254;5254;Population 5100;5100;sample_5254;2825;0.002692194741395232
5255;5255;Population 5100;5100;sample_5255;2830;-0.004608980005997396
5256;5256;Population 5100;5100;sample_5256;2835;0.012770659302665804
5257;5257;Population 5100;5100;sample_5257;2840;0.01354194455699731
5258;5258;Population 5100;5100;sample_5258;2845;0.0029524598129091013
5259;5259;Population 5100;5100;sample_5259;2850;-0.008556277100875854
5260;5260;Population 5100;5100;sample_5260;2855;0.039683892950146966
5261;5261;Population 5100;5100;sample_5261;2860;0.0020042079650922926
5262;5262;Population 5100;5100;sample_5262;2865;-0.018015772424221015
5263;5263;Population 5100;5100;sample_5263;2870;0.0005553636069528083
5264;5264;Population 5100;5100;sample_5264;2875;-0.017521323724757842
5265;5265;Population 5100;5100;sample_5265;2880;0.01827570987443199
5266;5266;Population 5100;5100;sample_5266;2885;-0.015095504801483408
5267;5267;Population 5100;5100;sample_5267;2890;-0.020333153399973998
5268;5268;Population 5100;5100;sample_5268;2895;-0.0037560997326095383
5269;5269;Population 5100;5100;sample_5269;2900;-0.01647123941701086
5270;5270;Population 5100;5100;sample_5270;2905;-0.007753706370568936
5271;5271;Population 5100;5100;sample_5271;2910;-0.0009398806712616246
5272;5272;Population 5100;5100;sample_5272;2915;-0.001417214901445255
5273;5273;Population 5100;5100;sample_5273;2920;-0.010085769341853658
5274;5274;Population 5100;5100;sample_5274;2925;0.010270342175198949
5275;5275;Population 5100;5100;sample_5275;2930;0.013495240330575427
5276;5276;Population 5100;5100;sample_5276;2935;-0.00364890639850146
5277;5277;Population 5100;5100;sample_5277;2940;0.005446518189445464
5278;5278;Population 5100;5100;sample_5278;2945;0.009025185332586592
5279;5279;Population 5100;5100;sample_5279;2950;0.0014070945538930842
5280;5280;Population 5100;5100;sample_5280;2955;0.008789608410089723
5281;5281;Population 5100;5100;sample_5281;2960;-0.009717229631955218
5282;5282;Population 5100;5100;sample_5282;2965;0.016470086621257794
5283;5283;Population 5100;5100;sample_5283;2970;0.001003771397404437
5284;5284;Population 5100;5100;sample_5284;2975;0.007178469924169639
5285;5285;Population 5100;5100;sample_5285;2980;0.015546971438521592
5286;5286;Population 5100;5100;sample_5286;2985;-0.009205468367489547
5287;5287;Population 5100;5100;sample_5287;2990;0.03421881358618209
5288;5288;Population 5100;5100;sample_5288;2995;0.015785646797967106
5289;5289;Population 5100;5100;sample_5289;3000;-0.019980509686882347
5290;5290;Population 5100;5100;sample_5290;3005;0.005806284207882949
5291;5291;Population 5100;5100;sample_5291;3010;0.0076771825707952525
5292;5292;Population 5100;5100;sample_5292;3015;-0.023385138165494312
5293;5293;Population 5100;5100;sample_5293;3020;-0.006913511845734658
5294;5294;Population 5100;5100;sample_5294;3025;0.008491577677759888
5295;5295;Population 5100;5100;sample_5295;3030;-0.0032208335146853635
5296;5296;Population 5100;5100;sample_5296;3035;-0.0070695509691327575
5297;5297;Population 5100;5100;sample_5297;3040;-0.01809335804961475
5298;5298;Population 5100;5100;sample_5298;3045;0.00017023364266534002
5299;5299;Population 5100;5100;sample_5299;3050;-0.02012880986100195
5300;5300;Population 5100;5100;sample_5300;3055;0.0017377395442158513
5301;5301;Population 5100;5100;sample_5301;3060;0.0063666722846124815
5302;5302;Population 5100;5100;sample_5302;3065;0.0173924478509522
5303;5303;Population 5100;5100;sample_5303;3070;0.03475886122025894
5304;5304;Population 5100;5100;sample_5304;3075;0.003460514825032679
5305;5305;Population 5100;5100;sample_5305;3080;-0.015325231532733711
5306;5306;Population 5100;5100;sample_5306;3085;0.004743166120109033
5307;5307;Population 5100;5100;sample_5307;3090;-0.0028654905445257856
5308;5308;Population 5100;5100;sample_5308;3095;0.005574588017451229
5309;5309;Population 5100;5100;sample_5309;3100;0.0029558108798562843
5310;5310;Population 5100;5100;sample_5310;3105;-0.018815045100753037
5311;5311;Population 5100;5100;sample_5311;3110;-0.013292286349682195
5312;5312;Population 5100;5100;sample_5312;3115;0.023713091938544147
5313;5313;Population 5100;5100;sample_5313;3120;0.021088297437823592
5314;5314;Population 5100;5100;sample_5314;3125;0.0393206298624843
5315;5315;Population 5100;5100;sample_5315;3130;0.012069847159420968
5316;5316;Population 5100;5100;sample_5316;3135;-0.0005247456517166658
5317;5317;Population 5100;5100;sample_5317;3140;0.014613684294664848
5318;5318;Population 5100;5100;sample_5318;3145;0.002206097103499175
5319;5319;Population 5100;5100;sample_5319;3150;-0.004025798780543931
5320;5320;Population 5100;5100;sample_5320;3155;0.028154194350272683
5321;5321;Population 5100;5100;sample_5321;3160;0.01007830298160971
5322;5322;Population 5100;5100;sample_5322;3165;0.005793416822746151
5323;5323;Population 5100;5100;sample_5323;3170;0.010368024905917043
5324;5324;Population 5100;5100;sample_5324;3175;-0.003936392356318262
5325;5325;Population 5100;5100;sample_5325;3180;-0.0015088296749348827
5326;5326;Population 5100;5100;sample_5326;3185;0.013042845085522049
5327;5327;Population 5100;5100;sample_5327;3190;0.002040831574249888
5328;5328;Population 5100;5100;sample_5328;3195;-0.002623366455086512
5329;5329;Population 5100;5100;sample_5329;3200;0.016875765966283172
5330;5330;Population 5100;5100;sample_5330;3205;-0.02483743033521629
5331;5331;Population 5100;5100;sample_5331;3210;-0.002737301935650876
5332;5332;Population 5100;5100;sample_5332;3215;-0.02961445843385762
5333;5333;Population 5100;5100;sample_5333;3220;-0.002484655998727891
5334;5334;Population 5100;5100;sample_5334;3225;0.0023676795935751033
5335;5335;Population 5100;5100;sample_5335;3230;-0.00013720616327973648
5336;5336;Population 5100;5100;sample_5336;3235;0.01297509023163003
5337;5337;Population 5100;5100;sample_5337;3240;-0.0014078348314171872
5338;5338;Population 5100;5100;sample_5338;3245;0.015396404286841331
5339;5339;Population 5100;5100;sample_5339;3250;0.004530226409045123
5340;5340;Population 5100;5100;sample_5340;3255;-0.004168275163395098
5341;5341;Population 5100;5100;sample_5341;3260;0.012322225252440958
5342;5342;Population 5100;5100;sample_5342;3265;0.007589623796610385
5343;5343;Population 5100;5100;sample_5343;3270;0.004174630821857557
5344;5344;Population 5100;5100;sample_5344;3275;0.012889671088356437
5345;5345;Population 5100;5100;sample_5345;3280;-0.008644637723277643
5346;5346;Population 5100;5100;sample_5346;3285;0.0036743658855549837
5347;5347;Population 5100;5100;sample_5347;3290;-0.010579411939046737
5348;5348;Population 5100;5100;sample_5348;3295;-0.0034493539218011676
5349;5349;Population 5100;5100;sample_5349;3300;-0.0019477304997061482
5350;5350;Population 5100;5100;sample_5350;3305;-0.01601103697033605
5351;5351;Population 5100;5100;sample_5351;3310;0.00041485213096775856
5352;5352;Population 5100;5100;sample_5352;3315;0.020445748312723586
5353;5353;Population 5100;5100;sample_5353;3320;0.006148267856025177
5354;5354;Population 5100;5100;sample_5354;3325;-0.006380950122050678
5355;5355;Population 5100;5100;sample_5355;3330;0.014482478227074764
5356;5356;Population 5100;5100;sample_5356;3335;-0.014314072394776934
5357;5357;Population 5100;5100;sample_5357;3340;0.0032663542889493206
5358;5358;Population 5100;5100;sample_5358;3345;0.01677264307855729
5359;5359;Population 5100;5100;sample_5359;3350;0.010258780712365181
5360;5360;Population 5100;5100;sample_5360;3355;-0.006759353858208116
5361;5361;Population 5100;5100;sample_5361;3360;-0.00989078221990621
5362;5362;Population 5100;5100;sample_5362;3365;-0.0021399481815346936
5363;5363;Population 5100;5100;sample_5363;3370;-0.020892260147582126
5364;5364;Population 5100;5100;sample_5364;3375;0.01107689017626989
5365;5365;Population 5100;5100;sample_5365;3380;-0.0013613155263090863
5366;5366;Population 5100;5100;sample_5366;3385;0.0001709280053011876
5367;5367;Population 5100;5100;sample_5367;3390;-0.002794015891609433
5368;5368;Population 5100;5100;sample_5368;3395;0.00019389141336801806
5369;5369;Population 5100;5100;sample_5369;3400;0.008995053950256954
5370;5370;Population 5100;5100;sample_5370;3405;0.00583375413432281
5371;5371;Population 5100;5100;sample_5371;3410;0.017546491687683335
5372;5372;Population 5100;5100;sample_5372;3415;0.002151583129401858
5373;5373;Population 5100;5100;sample_5373;3420;0.019850174548599914
5374;5374;Population 5100;5100;sample_5374;3425;0.02430438934486485
5375;5375;Population 5100;5100;sample_5375;3430;0.005302598644844493
5376;5376;Population 5100;5100;sample_5376;3435;0.009541402112734907
5377;5377;Population 5100;5100;sample_5377;3440;-0.017692764889378168
5378;5378;Population 5100;5100;sample_5378;3445;0.00946808411900135
5379;5379;Population 5100;5100;sample_5379;3450;0.02339051175793579
5380;5380;Population 5100;5100;sample_5380;3455;0.0004433190150770634
5381;5381;Population 5100;5100;sample_5381;3460;-0.003328013779635589
5382;5382;Population 5100;5100;sample_5382;3465;0.003864948005822649
5383;5383;Population 5100;5100;sample_5383;3470;0.009999613475866323
5384;5384;Population 5100;5100;sample_5384;3475;0.010721952372360139
5385;5385;Population 5100;5100;sample_5385;3480;0.010111508483411264
5386;5386;Population 5100;5100;sample_5386;3485;0.009035448085838215
5387;5387;Population 5100;5100;sample_5387;3490;0.004078326596276259
5388;5388;Population 5100;5100;sample_5388;3495;0.010767933412044722
5389;5389;Population 5100;5100;sample_5389;3500;0.004632850165924453
5390;5390;Population 5100;5100;sample_5390;3505;0.021126309323385013
5391;5391;Population 5100;5100;sample_5391;3510;0.014804730972692987
5392;5392;Population 5100;5100;sample_5392;3515;0.028691908921851993
5393;5393;Population 5100;5100;sample_5393;3520;0.0029951613664766386
5394;5394;Population 5100;5100;sample_5394;3525;0.020136411913460276
5395;5395;Population 5100;5100;sample_5395;3530;0.009906012765067428
5396;5396;Population 5100;5100;sample_5396;3535;-0.005969932510295714
5397;5397;Population 5100;5100;sample_5397;3540;0.004743913506683301
5398;5398;Population 5100;5100;sample_5398;3545;0.024372734522780635
5399;5399;Population 5100;5100;sample_5399;3550;0.010206985494905977
5400;5400;Population 5100;5100;sample_5400;3555;0.003514988598289397
5401;5401;Population 5100;5100;sample_5401;3560;0.0064072069377025635
5402;5402;Population 5100;5100;sample_5402;3565;0.008193618507451815
5403;5403;Population 5100;5100;sample_5403;3570;0.010754022111865144
5404;5404;Population 5100;5100;sample_5404;3575;0.007183264088020396
5405;5405;Population 5100;5100;sample_5405;3580;0.004424963141581081
5406;5406;Population 5100;5100;sample_5406;3585;-0.008627198460328628
5407;5407;Population 5100;5100;sample_5407;3590;0.020865237940950437
5408;5408;Population 5100;5100;sample_5408;3595;0.008194315008079996
5409;5409;Population 5100;5100;sample_5409;3600;0.010497575401507121
5410;5410;Population 5100;5100;sample_5410;3605;0.004358597720495651
5411;5411;Population 5100;5100;sample_5411;3610;0.008088458460770699
5412;5412;Population 5100;5100;sample_5412;3615;0.012075394393509357
5413;5413;Population 5100;5100;sample_5413;3620;0.016262117475681095
5414;5414;Population 5100;5100;sample_5414;3625;-0.00449417577929125
5415;5415;Population 5100;5100;sample_5415;3630;-0.0006047974825970198
5416;5416;Population 5100;5100;sample_5416;3635;0.015885556425234666
5417;5417;Population 5100;5100;sample_5417;3640;0.021524806653849125
5418;5418;Population 5100;5100;sample_5418;3645;0.007984953226459847
5419;5419;Population 5100;5100;sample_5419;3650;0.0036700767321413397
5420;5420;Population 5100;5100;sample_5420;3655;0.01059984922503694
5421;5421;Population 5100;5100;sample_5421;3660;0.017181231777183323
5422;5422;Population 5100;5100;sample_5422;3665;-0.011176483439870941
5423;5423;Population 5100;5100;sample_5423;3670;0.0010017819934127659
5424;5424;Population 5100;5100;sample_5424;3675;-0.0005935414283620322
5425;5425;Population 5100;5100;sample_5425;3680;0.013984665115635515
5426;5426;Population 5100;5100;sample_5426;3685;0.0026256587263261905
5427;5427;Population 5100;5100;sample_5427;3690;0.006460152674448075
5428;5428;Population 5100;5100;sample_5428;3695;0.01815266415340414
5429;5429;Population 5100;5100;sample_5429;3700;0.0006527506727553024
5430;5430;Population 5100;5100;sample_5430;3705;0.010204945751471113
5431;5431;Population 5100;5100;sample_5431;3710;0.020167452447274668
5432;5432;Population 5100;5100;sample_5432;3715;-0.009347854590755125
5433;5433;Population 5100;5100;sample_5433;3720;-0.01669656081333969
5434;5434;Population 5100;5100;sample_5434;3725;0.004242708037321954
5435;5435;Population 5100;5100;sample_5435;3730;5.71887423450426e-05
5436;5436;Population 5100;5100;sample_5436;3735;-0.008371565433017378
5437;5437;Population 5100;5100;sample_5437;3740;0.005033135387314287
5438;5438;Population 5100;5100;sample_5438;3745;-0.0019230524789146607
5439;5439;Population 5100;5100;sample_5439;3750;-0.005025138062647307
5440;5440;Population 5100;5100;sample_5440;3755;-0.0022910928311586382
5441;5441;Population 5100;5100;sample_5441;3760;0.004778401526208292
5442;5442;Population 5100;5100;sample_5442;3765;-4.085475883670217e-05
5443;5443;Population 5100;5100;sample_5443;3770;-0.009617443926038381
5444;5444;Population 5100;5100;sample_5444;3775;-0.012230611687758864
5445;5445;Population 5100;5100;sample_5445;3780;0.001444193730459831
5446;5446;Population 5100;5100;sample_5446;3785;-0.00048173939476296176
5447;5447;Population 5100;5100;sample_5447;3790;-0.004437709188865238
5448;5448;Population 5100;5100;sample_5448;3795;-0.0010386261788494946
5449;5449;Population 5100;5100;sample_5449;3800;-0.004344061864390163
5450;5450;Population 5100;5100;sample_5450;3805;0.015142851072658423
5451;5451;Population 5100;5100;sample_5451;3810;0.0027998759301302682
5452;5452;Population 5100;5100;sample_5452;3815;-0.007713390609044256
5453;5453;Population 5100;5100;sample_5453;3820;0.026580790820091713
5454;5454;Population 5100;5100;sample_5454;3825;-0.00922257624871565
5455;5455;Population 5100;5100;sample_5455;3830;0.011641909650395764
5456;5456;Population 5100;5100;sample_5456;3835;0.006100762416673514
5457;5457;Population 5100;5100;sample_5457;3840;-0.00011177796365505153
5458;5458;Population 5100;5100;sample_5458;3845;0.018767859503166694
5459;5459;Population 5100;5100;sample_5459;3850;0.005229738453696412
5460;5460;Population 5100;5100;sample_5460;3855;-0.010905367873173857
5461;5461;Population 5100;5100;sample_5461;3860;0.012128141861729008
5462;5462;Population 5100;5100;sample_5462;3865;0.010772976730309294
5463;5463;Population 5100;5100;sample_5463;3870;0.006715794370169576
5464;5464;Population 5100;5100;sample_5464;3875;0.00812524029217611
5465;5465;Population 5100;5100;sample_5465;3880;-0.0026234382212581963
5466;5466;Population 5100;5100;sample_5466;3885;0.0023722941874438283
5467;5467;Population 5100;5100;sample_5467;3890;-0.007965145996639441
5468;5468;Population 5100;5100;sample_5468;3895;0.02639518299265991
5469;5469;Population 5100;5100;sample_5469;3900;-0.007977883999224394
5470;5470;Population 5100;5100;sample_5470;3905;0.0339344927524635
5471;5471;Population 5100;5100;sample_5471;3910;0.028367841334430658
5472;5472;Population 5100;5100;sample_5472;3915;-0.0005138740204852578
5473;5473;Population 5100;5100;sample_5473;3920;-0.0043140315509104556
5474;5474;Population 5100;5100;sample_5474;3925;-0.0005361585087384365
5475;5475;Population 5100;5100;sample_5475;3930;0.014278043578217086
5476;5476;Population 5100;5100;sample_5476;3935;-0.0037989576934590237
5477;5477;Population 5100;5100;sample_5477;3940;0.003412842527259553
5478;5478;Population 5100;5100;sample_5478;3945;0.010925481906639913
5479;5479;Population 5100;5100;sample_5479;3950;0.01306594473014281
5480;5480;Population 5100;5100;sample_5480;3955;0.012868391975346625
5481;5481;Population 5100;5100;sample_5481;3960;-0.010075849899424687
5482;5482;Population 5100;5100;sample_5482;3965;0.007440374710397826
5483;5483;Population 5100;5100;sample_5483;3970;-0.0024054011740487096
5484;5484;Population 5100;5100;sample_5484;3975;0.008946668338446642
5485;5485;Population 5100;5100;sample_5485;3980;0.012495788423105354
5486;5486;Population 5100;5100;sample_5486;3985;-0.0003340378732226139
5487;5487;Population 5100;5100;sample_5487;3990;0.003747946493799537
5488;5488;Population 5100;5100;sample_5488;3995;0.00422936479585189
5489;5489;Population 5100;5100;sample_5489;4000;0.008922100739188059
5490;5490;Population 5100;5100;sample_5490;4005;0.0030458832704421224
5491;5491;Population 5100;5100;sample_5491;4010;0.0051015577592302625
5492;5492;Population 5100;5100;sample_5492;4015;-0.004008829357655659
5493;5493;Population 5100;5100;sample_5493;4020;0.012934422166411249
5494;5494;Population 5100;5100;sample_5494;4025;0.010236355967098302
5495;5495;Population 5100;5100;sample_5495;4030;0.00983398146361721
5496;5496;Population 5100;5100;sample_5496;4035;0.0039146911256402435
5497;5497;Population 5100;5100;sample_5497;4040;-0.00928001376351441
5498;5498;Population 5100;5100;sample_5498;4045;-0.0012969914577267948
5499;5499;Population 5100;5100;sample_5499;4050;-0.0001234953413176849
5500;5500;Population 5100;5100;sample_5500;4055;0.013050449032240173
5501;5501;Population 5100;5100;sample_5501;4060;0.0021858639434277098
5502;5502;Population 5100;5100;sample_5502;4065;0.007248531676631777
5503;5503;Population 5100;5100;sample_5503;4070;0.007720696610719774
5504;5504;Population 5100;5100;sample_5504;4075;-0.0015883458009602813
5505;5505;Population 5100;5100;sample_5505;4080;-0.0017245843788959775
5506;5506;Population 5100;5100;sample_5506;4085;-0.0031836444439744807
5507;5507;Population 5100;5100;sample_5507;4090;0.013436473940622713
5508;5508;Population 5100;5100;sample_5508;4095;0.00401013695283915
5509;5509;Population 5100;5100;sample_5509;4100;-0.0035972081405185826
5510;5510;Population 5100;5100;sample_5510;4105;0.01807208072977057
5511;5511;Population 5100;5100;sample_5511;4110;-0.014369314799950182
5512;5512;Population 5100;5100;sample_5512;4115;0.01973818886486652
5513;5513;Population 5100;5100;sample_5513;4120;0.0017296622363500106
5514;5514;Population 5100;5100;sample_5514;4125;0.008023664385442417
5515;5515;Population 5100;5100;sample_5515;4130;-0.016413109775407792
5516;5516;Population 5100;5100;sample_5516;4135;0.0144275672156677
5517;5517;Population 5100;5100;sample_5517;4140;-0.0031472413154281288
5518;5518;Population 5100;5100;sample_5518;4145;0.011435941275360339
5519;5519;Population 5100;5100;sample_5519;4150;0.010381473771024212
5520;5520;Population 5100;5100;sample_5520;4155;0.0012112350490997821
5521;5521;Population 5100;5100;sample_5521;4160;0.004452487510419346
5522;5522;Population 5100;5100;sample_5522;4165;0.0021893084895336892
5523;5523;Population 5100;5100;sample_5523;4170;0.005308772679997376
5524;5524;Population 5100;5100;sample_5524;4175;0.003531112982389809
5525;5525;Population 5100;5100;sample_5525;4180;2.2572024045258257e-05
5526;5526;Population 5100;5100;sample_5526;4185;-0.0046403286903757435
5527;5527;Population 5100;5100;sample_5527;4190;-0.0007521791356199909
5528;5528;Population 5100;5100;sample_5528;4195;0.011040224667531321
5529;5529;Population 5100;5100;sample_5529;4200;-0.0005033866518300514
5530;5530;Population 5100;5100;sample_5530;4205;0.02018003072502131
5531;5531;Population 5100;5100;sample_5531;4210;0.008732481980503368
5532;5532;Population 5100;5100;sample_5532;4215;-0.003166096972095732
5533;5533;Population 5100;5100;sample_5533;4220;0.007823846037327954
5534;5534;Population 5100;5100;sample_5534;4225;-0.005725516109843567
5535;5535;Population 5100;5100;sample_5535;4230;-0.005112407500395016
5536;5536;Population 5100;5100;sample_5536;4235;0.00633023269940258
5537;5537;Population 5100;5100;sample_5537;4240;0.0033596174130997164
5538;5538;Population 5100;5100;sample_5538;4245;-0.0012738441401319606
5539;5539;Population 5100;5100;sample_5539;4250;0.004002653575872122
5540;5540;Population 5100;5100;sample_5540;4255;0.011829828145359557
5541;5541;Population 5100;5100;sample_5541;4260;0.013535411780090168
5542;5542;Population 5100;5100;sample_5542;4265;0.0017619271914462757
5543;5543;Population 5100;5100;sample_5543;4270;-0.0066102975971705094
5544;5544;Population 5100;5100;sample_5544;4275;0.006808784741223041
5545;5545;Population 5100;5100;sample_5545;4280;0.01132510304562116
5546;5546;Population 5100;5100;sample_5546;4285;0.002729804436989359
5547;5547;Population 5100;5100;sample_5547;4290;-0.008088812181470631
5548;5548;Population 5100;5100;sample_5548;4295;0.006974876442259232
5549;5549;Population 5100;5100;sample_5549;4300;0.010333688408403159
5550;5550;Population 5100;5100;sample_5550;4305;0.017838371015440693
5551;5551;Population 5100;5100;sample_5551;4310;-0.0034247279213725306
5552;5552;Population 5100;5100;sample_5552;4315;-0.008237851536156155
5553;5553;Population 5100;5100;sample_5553;4320;0.010229015443362865
5554;5554;Population 5100;5100;sample_5554;4325;0.011702058696420891
5555;5555;Population 5100;5100;sample_5555;4330;0.013906335074193551
5556;5556;Population 5100;5100;sample_5556;4335;0.0041472366747726695
5557;5557;Population 5100;5100;sample_5557;4340;0.011966775642564662
5558;5558;Population 5100;5100;sample_5558;4345;0.011206985270418406
5559;5559;Population 5100;5100;sample_5559;4350;-0.0020525240916557178
5560;5560;Population 5100;5100;sample_5560;4355;0.013906520605402728
5561;5561;Population 5100;5100;sample_5561;4360;0.019774229716624788
5562;5562;Population 5100;5100;sample_5562;4365;0.002579320038954408
5563;5563;Population 5100;5100;sample_5563;4370;0.01014366959415616
5564;5564;Population 5100;5100;sample_5564;4375;-0.0070944731459713665
5565;5565;Population 5100;5100;sample_5565;4380;0.001508239183206328
5566;5566;Population 5100;5100;sample_5566;4385;0.004439286086364343
5567;5567;Population 5100;5100;sample_5567;4390;0.011268545975116616
5568;5568;Population 5100;5100;sample_5568;4395;-0.00041534781331342826
5569;5569;Population 5100;5100;sample_5569;4400;0.0070039644863609555
5570;5570;Population 5100;5100;sample_5570;4405;0.012567098581798136
5571;5571;Population 5100;5100;sample_5571;4410;0.006354718202918126
5572;5572;Population 5100;5100;sample_5572;4415;0.027066972620235694
5573;5573;Population 5100;5100;sample_5573;4420;0.012201511526250337
5574;5574;Population 5100;5100;sample_5574;4425;-0.0035696439950069075
5575;5575;Population 5100;5100;sample_5575;4430;-0.00440325564960606
5576;5576;Population 5100;5100;sample_5576;4435;0.001156842108777065
5577;5577;Population 5100;5100;sample_5577;4440;0.014196636868870289
5578;5578;Population 5100;5100;sample_5578;4445;0.001286463092519843
5579;5579;Population 5100;5100;sample_5579;4450;0.009283289887572727
5580;5580;Population 5100;5100;sample_5580;4455;-0.003912709966545947
5581;5581;Population 5100;5100;sample_5581;4460;0.0033222992009297784
5582;5582;Population 5100;5100;sample_5582;4465;0.008433540831700212
5583;5583;Population 5100;5100;sample_5583;4470;0.009527058625383961
5584;5584;Population 5100;5100;sample_5584;4475;-0.007214119779275831
5585;5585;Population 5100;5100;sample_5585;4480;0.001435950571240708
5586;5586;Population 5100;5100;sample_5586;4485;0.005606180174801764
5587;5587;Population 5100;5100;sample_5587;4490;-0.004271439450575636
5588;5588;Population 5100;5100;sample_5588;4495;0.007534320701744378
5589;5589;Population 5100;5100;sample_5589;4500;0.0022743045632812337
5590;5590;Population 5100;5100;sample_5590;4505;-0.005638419751582096
5591;5591;Population 5100;5100;sample_5591;4510;0.01470397281797182
5592;5592;Population 5100;5100;sample_5592;4515;0.00682576932678099
5593;5593;Population 5100;5100;sample_5593;4520;0.002931142036863136
5594;5594;Population 5100;5100;sample_5594;4525;0.0023722865766037608
5595;5595;Population 5100;5100;sample_5595;4530;0.0029888934193710946
5596;5596;Population 5100;5100;sample_5596;4535;0.001962469765504762
5597;5597;Population 5100;5100;sample_5597;4540;0.01331154991102273
5598;5598;Population 5100;5100;sample_5598;4545;0.011201052433324924
5599;5599;Population 5100;5100;sample_5599;4550;0.018863121796418903
5600;5600;Population 5100;5100;sample_5600;4555;0.006561077918569171
5601;5601;Population 5100;5100;sample_5601;4560;0.00450780435013094
5602;5602;Population 5100;5100;sample_5602;4565;-0.007958220767214688
5603;5603;Population 5100;5100;sample_5603;4570;0.011513848915953178
5604;5604;Population 5100;5100;sample_5604;4575;-0.009891979991316746
5605;5605;Population 5100;5100;sample_5605;4580;0.003396704048001942
5606;5606;Population 5100;5100;sample_5606;4585;0.009920883128786306
5607;5607;Population 5100;5100;sample_5607;4590;0.0005118020075439067
5608;5608;Population 5100;5100;sample_5608;4595;0.0032584940349576945
5609;5609;Population 5100;5100;sample_5609;4600;0.020268478176826973
5610;5610;Population 5100;5100;sample_5610;4605;0.004157179759763797
5611;5611;Population 5100;5100;sample_5611;4610;0.0028692899563682673
5612;5612;Population 5100;5100;sample_5612;4615;0.005127625936946919
5613;5613;Population 5100;5100;sample_5613;4620;0.009294813937934975
5614;5614;Population 5100;5100;sample_5614;4625;0.0068516758754436505
5615;5615;Population 5100;5100;sample_5615;4630;0.009943317187652036
5616;5616;Population 5100;5100;sample_5616;4635;-0.0030821103719527246
5617;5617;Population 5100;5100;sample_5617;4640;-0.003596593323250921
5618;5618;Population 5100;5100;sample_5618;4645;0.008097086830338709
5619;5619;Population 5100;5100;sample_5619;4650;0.005930334066038671
5620;5620;Population 5100;5100;sample_5620;4655;0.006393115693605427
5621;5621;Population 5100;5100;sample_5621;4660;-0.0016772730857828391
5622;5622;Population 5100;5100;sample_5622;4665;-0.002615308801868746
5623;5623;Population 5100;5100;sample_5623;4670;-0.007961586797183248
5624;5624;Population 5100;5100;sample_5624;4675;-0.007619274991383908
5625;5625;Population 5100;5100;sample_5625;4680;0.004738838305730829
5626;5626;Population 5100;5100;sample_5626;4685;0.0020559017220392675
5627;5627;Population 5100;5100;sample_5627;4690;0.01049044145581834
5628;5628;Population 5100;5100;sample_5628;4695;-0.0003296543395066056
5629;5629;Population 5100;5100;sample_5629;4700;0.0019009317885300282
5630;5630;Population 5100;5100;sample_5630;4705;0.0007383998512273098
5631;5631;Population 5100;5100;sample_5631;4710;0.001649812611649989
5632;5632;Population 5100;5100;sample_5632;4715;0.0041038331606960445
5633;5633;Population 5100;5100;sample_5633;4720;0.0066483449248112446
5634;5634;Population 5100;5100;sample_5634;4725;-0.007354930239013889
5635;5635;Population 5100;5100;sample_5635;4730;0.000388472519238612
5636;5636;Population 5100;5100;sample_5636;4735;0.0013898389868868652
5637;5637;Population 5100;5100;sample_5637;4740;0.004835567615123341
5638;5638;Population 5100;5100;sample_5638;4745;0.009894867572306714
5639;5639;Population 5100;5100;sample_5639;4750;0.0035322466417482836
5640;5640;Population 5100;5100;sample_5640;4755;0.005816234506125807
5641;5641;Population 5100;5100;sample_5641;4760;0.014235914232437941
5642;5642;Population 5100;5100;sample_5642;4765;0.014284822272218986
5643;5643;Population 5100;5100;sample_5643;4770;0.0008229517925062447
5644;5644;Population 5100;5100;sample_5644;4775;0.0019212417365634083
5645;5645;Population 5100;5100;sample_5645;4780;0.006312246047810344
5646;5646;Population 5100;5100;sample_5646;4785;0.003910934032285371
5647;5647;Population 5100;5100;sample_5647;4790;-0.005452691504459114
5648;5648;Population 5100;5100;sample_5648;4795;0.0032226555424606463
5649;5649;Population 5100;5100;sample_5649;4800;-0.003388038477765675
5650;5650;Population 5100;5100;sample_5650;4805;0.004673146867850463
5651;5651;Population 5100;5100;sample_5651;4810;0.008646525404011778
5652;5652;Population 5100;5100;sample_5652;4815;-0.011799569688354548
5653;5653;Population 5100;5100;sample_5653;4820;0.00665932721040792
5654;5654;Population 5100;5100;sample_5654;4825;-0.0017510691974952578
5655;5655;Population 5100;5100;sample_5655;4830;0.01597953183483151
5656;5656;Population 5100;5100;sample_5656;4835;0.008532254061603002
5657;5657;Population 5100;5100;sample_5657;4840;-0.007271529506081033
5658;5658;Population 5100;5100;sample_5658;4845;0.0041145241606206735
5659;5659;Population 5100;5100;sample_5659;4850;0.008193085450468209
5660;5660;Population 5100;5100;sample_5660;4855;-0.002681884259567075
5661;5661;Population 5100;5100;sample_5661;4860;0.010310806830185796
5662;5662;Population 5100;5100;sample_5662;4865;0.01336375925217064
5663;5663;Population 5100;5100;sample_5663;4870;0.005857165571473807
5664;5664;Population 5100;5100;sample_5664;4875;-0.007359084583121861
5665;5665;Population 5100;5100;sample_5665;4880;0.0018499049071649858
5666;5666;Population 5100;5100;sample_5666;4885;0.00030220827942837545
5667;5667;Population 5100;5100;sample_5667;4890;0.0036762230344830516
5668;5668;Population 5100;5100;sample_5668;4895;-0.0004144757366420199
5669;5669;Population 5100;5100;sample_5669;4900;-0.0033634700304209274
5670;5670;Population 5100;5100;sample_5670;4905;0.002605255768256575
5671;5671;Population 5100;5100;sample_5671;4910;0.012668767404296507
5672;5672;Population 5100;5100;sample_5672;4915;0.0054631833611003735
5673;5673;Population 5100;5100;sample_5673;4920;0.009018743224485919
5674;5674;Population 5100;5100;sample_5674;4925;0.01035367120116142
5675;5675;Population 5100;5100;sample_5675;4930;0.009564534883494479
5676;5676;Population 5100;5100;sample_5676;4935;-0.0027768657204191374
5677;5677;Population 5100;5100;sample_5677;4940;0.006930414749429166
5678;5678;Population 5100;5100;sample_5678;4945;0.001692046820038279
5679;5679;Population 5100;5100;sample_5679;4950;0.0029741600990710834
5680;5680;Population 5100;5100;sample_5680;4955;0.003018672363468038
5681;5681;Population 5100;5100;sample_5681;4960;0.004860742640052568
5682;5682;Population 5100;5100;sample_5682;4965;0.0034104913772250406
5683;5683;Population 5100;5100;sample_5683;4970;0.009452948154213922
5684;5684;Population 5100;5100;sample_5684;4975;0.0034483085206135425
5685;5685;Population 5100;5100;sample_5685;4980;0.004807153312209358
5686;5686;Population 5100;5100;sample_5686;4985;-0.0010357892784690205
5687;5687;Population 5100;5100;sample_5687;4990;0.011361292823324739
5688;5688;Population 5100;5100;sample_5688;4995;-0.006206107828344225
5689;5689;Population 5100;5100;sample_5689;5000;0.007689209694836182
5690;5690;Population 5100;5100;sample_5690;5005;0.013528243832963058
5691;5691;Population 5100;5100;sample_5691;5010;0.005952177186798012
5692;5692;Population 5100;5100;sample_5692;5015;0.0014491156174910426
5693;5693;Population 5100;5100;sample_5693;5020;0.0014406349527538843
5694;5694;Population 5100;5100;sample_5694;5025;-0.0031564025248654883
5695;5695;Population 5100;5100;sample_5695;5030;0.016034528467687912
5696;5696;Population 5100;5100;sample_5696;5035;-0.0034969656249430638
5697;5697;Population 5100;5100;sample_5697;5040;0.005408061845292931
5698;5698;Population 5100;5100;sample_5698;5045;-0.003808004274231628
5699;5699;Population 5100;5100;sample_5699;5050;0.007692365303897199
5700;5700;Population 5100;5100;sample_5700;5055;0.01087838798290608
5701;5701;Population 5100;5100;sample_5701;5060;0.0035553883312274205
5702;5702;Population 5100;5100;sample_5702;5065;0.010032312752748044
5703;5703;Population 5100;5100;sample_5703;5070;0.005496768027289401
5704;5704;Population 5100;5100;sample_5704;5075;0.013987763894381165
5705;5705;Population 5100;5100;sample_5705;5080;0.001336475059646659
5706;5706;Population 5100;5100;sample_5706;5085;-0.0024718067531423154
5707;5707;Population 5100;5100;sample_5707;5090;-0.0034810103635199282
5708;5708;Population 5100;5100;sample_5708;5095;0.007224354995903085
5709;5709;Population 5600;5600;sample_5709;5;1.0250863173952298
5710;5710;Population 5600;5600;sample_5710;10;-0.086523896392698
5711;5711;Population 5600;5600;sample_5711;15;0.11447652901169188
5712;5712;Population 5600;5600;sample_5712;20;-0.06236799417847183
5713;5713;Population 5600;5600;sample_5713;25;0.11294148763853126
5714;5714;Population 5600;5600;sample_5714;30;0.01182667662491017
5715;5715;Population 5600;5600;sample_5715;35;0.0898886833711438
5716;5716;Population 5600;5600;sample_5716;40;0.09707473040222689
5717;5717;Population 5600;5600;sample_5717;45;0.2911156648619704
5718;5718;Population 5600;5600;sample_5718;50;-0.02425173065170945
5719;5719;Population 5600;5600;sample_5719;55;-0.304237319040895
5720;5720;Population 5600;5600;sample_5720;60;0.05159009861126504
5721;5721;Population 5600;5600;sample_5721;65;0.1600532708611905
5722;5722;Population 5600;5600;sample_5722;70;-0.0978082905112982
5723;5723;Population 5600;5600;sample_5723;75;0.20868602553316712
5724;5724;Population 5600;5600;sample_5724;80;0.10202515277298374
5725;5725;Population 5600;5600;sample_5725;85;0.06917278484685002
5726;5726;Population 5600;5600;sample_5726;90;-0.021796538433819793
5727;5727;Population 5600;5600;sample_5727;95;0.1354099471079081
5728;5728;Population 5600;5600;sample_5728;100;0.10276124276269588
5729;5729;Population 5600;5600;sample_5729;105;0.009795725476740272
5730;5730;Population 5600;5600;sample_5730;110;-0.07200363520528325
5731;5731;Population 5600;5600;sample_5731;115;-0.04606407154483055
5732;5732;Population 5600;5600;sample_5732;120;0.028132015988270472
5733;5733;Population 5600;5600;sample_5733;125;-0.04830982533857771
5734;5734;Population 5600;5600;sample_5734;130;-0.14260569962552694
5735;5735;Population 5600;5600;sample_5735;135;-0.11149419197580496
5736;5736;Population 5600;5600;sample_5736;140;-0.10484425076494024
5737;5737;Population 5600;5600;sample_5737;145;0.0037357701134952985
5738;5738;Population 5600;5600;sample_5738;150;-0.12719675946132133
5739;5739;Population 5600;5600;sample_5739;155;-0.1466857083262848
5740;5740;Population 5600;5600;sample_5740;160;0.12115612349779852
5741;5741;Population 5600;5600;sample_5741;165;0.024353768175995494
5742;5742;Population 5600;5600;sample_5742;170;-0.0035971670786984
5743;5743;Population 5600;5600;sample_5743;175;0.026496906139636473
5744;5744;Population 5600;5600;sample_5744;180;-0.03201078814409848
5745;5745;Population 5600;5600;sample_5745;185;-0.05994251073352158
5746;5746;Population 5600;5600;sample_5746;190;0.12973822381110425
5747;5747;Population 5600;5600;sample_5747;195;0.056957202949714514
5748;5748;Population 5600;5600;sample_5748;200;0.10665607415366887
5749;5749;Population 5600;5600;sample_5749;205;-0.052775780226775815
5750;5750;Population 5600;5600;sample_5750;210;0.02428047634904546
5751;5751;Population 5600;5600;sample_5751;215;-0.012164787319867114
5752;5752;Population 5600;5600;sample_5752;220;-0.011017834404612202
5753;5753;Population 5600;5600;sample_5753;225;0.025529896746279798
5754;5754;Population 5600;5600;sample_5754;230;0.018059994110750002
5755;5755;Population 5600;5600;sample_5755;235;-0.015620107178048103
5756;5756;Population 5600;5600;sample_5756;240;-0.08793067517716789
5757;5757;Population 5600;5600;sample_5757;245;0.1253644012999779
5758;5758;Population 5600;5600;sample_5758;250;-0.11820623098976958
5759;5759;Population 5600;5600;sample_5759;255;0.0019493839207319326
5760;5760;Population 5600;5600;sample_5760;260;0.019337804573789488
5761;5761;Population 5600;5600;sample_5761;265;0.039150107351385695
5762;5762;Population 5600;5600;sample_5762;270;-0.06585611312112337
5763;5763;Population 5600;5600;sample_5763;275;0.06097329775372577
5764;5764;Population 5600;5600;sample_5764;280;0.011495056228828932
5765;5765;Population 5600;5600;sample_5765;285;-0.03600852791894909
5766;5766;Population 5600;5600;sample_5766;290;0.02317544142009656
5767;5767;Population 5600;5600;sample_5767;295;0.04550951273553897
5768;5768;Population 5600;5600;sample_5768;300;-0.008531980695736975
5769;5769;Population 5600;5600;sample_5769;305;-0.07522801406324789
5770;5770;Population 5600;5600;sample_5770;310;-0.0090010915868932
5771;5771;Population 5600;5600;sample_5771;315;0.011860846614618024
5772;5772;Population 5600;5600;sample_5772;320;0.09425993142072671
5773;5773;Population 5600;5600;sample_5773;325;0.008944585486905549
5774;5774;Population 5600;5600;sample_5774;330;-0.010463948160127403
5775;5775;Population 5600;5600;sample_5775;335;0.015290611221103145
5776;5776;Population 5600;5600;sample_5776;340;0.07369147175348774
5777;5777;Population 5600;5600;sample_5777;345;0.012013575624815302
5778;5778;Population 5600;5600;sample_5778;350;0.019800516179953067
5779;5779;Population 5600;5600;sample_5779;355;-0.044152679785333854
5780;5780;Population 5600;5600;sample_5780;360;-0.07049872615667965
5781;5781;Population 5600;5600;sample_5781;365;0.04468188876712946
5782;5782;Population 5600;5600;sample_5782;370;-0.043006622828061974
5783;5783;Population 5600;5600;sample_5783;375;0.03538897742648039
5784;5784;Population 5600;5600;sample_5784;380;0.02266608447619705
5785;5785;Population 5600;5600;sample_5785;385;0.004035128743039891
5786;5786;Population 5600;5600;sample_5786;390;-0.013388304324500739
5787;5787;Population 5600;5600;sample_5787;395;-0.07680136341651991
5788;5788;Population 5600;5600;sample_5788;400;-0.040320024459710765
5789;5789;Population 5600;5600;sample_5789;405;-0.1253092340531593
5790;5790;Population 5600;5600;sample_5790;410;-0.009656304855908418
5791;5791;Population 5600;5600;sample_5791;415;0.034823397412287425
5792;5792;Population 5600;5600;sample_5792;420;-0.04105649785824862
5793;5793;Population 5600;5600;sample_5793;425;-0.02501758767855884
5794;5794;Population 5600;5600;sample_5794;430;0.041190951862983625
5795;5795;Population 5600;5600;sample_5795;435;-0.053272100003196474
5796;5796;Population 5600;5600;sample_5796;440;0.06650919842291243
5797;5797;Population 5600;5600;sample_5797;445;-0.04388855865064031
5798;5798;Population 5600;5600;sample_5798;450;-0.08299908670069116
5799;5799;Population 5600;5600;sample_5799;455;-0.1132907002190696
5800;5800;Population 5600;5600;sample_5800;460;0.033560186917062286
5801;5801;Population 5600;5600;sample_5801;465;-0.07779506146531534
5802;5802;Population 5600;5600;sample_5802;470;0.04877248923573932
5803;5803;Population 5600;5600;sample_5803;475;0.002575225114218527
5804;5804;Population 5600;5600;sample_5804;480;0.010269142918369152
5805;5805;Population 5600;5600;sample_5805;485;0.044953947374831174
5806;5806;Population 5600;5600;sample_5806;490;0.034222012403951764
5807;5807;Population 5600;5600;sample_5807;495;0.05836515698458264
5808;5808;Population 5600;5600;sample_5808;500;-0.02691467410158188
5809;5809;Population 5600;5600;sample_5809;505;0.054172563673031277
5810;5810;Population 5600;5600;sample_5810;510;-0.008351836918231265
5811;5811;Population 5600;5600;sample_5811;515;0.022319585246592385
5812;5812;Population 5600;5600;sample_5812;520;0.016251269397485592
5813;5813;Population 5600;5600;sample_5813;525;-0.08895838169425963
5814;5814;Population 5600;5600;sample_5814;530;0.05442014184232262
5815;5815;Population 5600;5600;sample_5815;535;-0.035181992464880574
5816;5816;Population 5600;5600;sample_5816;540;0.0698916661599721
5817;5817;Population 5600;5600;sample_5817;545;0.061703031469548024
5818;5818;Population 5600;5600;sample_5818;550;0.007762656097059891
5819;5819;Population 5600;5600;sample_5819;555;0.012986752806513738
5820;5820;Population 5600;5600;sample_5820;560;0.007526418081177136
5821;5821;Population 5600;5600;sample_5821;565;0.048607805984328505
5822;5822;Population 5600;5600;sample_5822;570;-0.0316317766301481
5823;5823;Population 5600;5600;sample_5823;575;-0.01621140710188841
5824;5824;Population 5600;5600;sample_5824;580;-0.03955665738024773
5825;5825;Population 5600;5600;sample_5825;585;-0.024985226432223298
5826;5826;Population 5600;5600;sample_5826;590;-0.023346243361907028
5827;5827;Population 5600;5600;sample_5827;595;-0.05830252960664642
5828;5828;Population 5600;5600;sample_5828;600;-0.006841271355758162
5829;5829;Population 5600;5600;sample_5829;605;0.00807679039217421
5830;5830;Population 5600;5600;sample_5830;610;0.04127809892113045
5831;5831;Population 5600;5600;sample_5831;615;0.04936970491154994
5832;5832;Population 5600;5600;sample_5832;620;-0.0020132530475653614
5833;5833;Population 5600;5600;sample_5833;625;-0.01731722146367777
5834;5834;Population 5600;5600;sample_5834;630;-0.037112239275116664
5835;5835;Population 5600;5600;sample_5835;635;-0.04947185897270019
5836;5836;Population 5600;5600;sample_5836;640;0.013759883395697841
5837;5837;Population 5600;5600;sample_5837;645;-0.0027359191736184923
5838;5838;Population 5600;5600;sample_5838;650;-0.04314604150213434
5839;5839;Population 5600;5600;sample_5839;655;0.011784500392352341
5840;5840;Population 5600;5600;sample_5840;660;0.06034974635543226
5841;5841;Population 5600;5600;sample_5841;665;-0.0010701351276419372
5842;5842;Population 5600;5600;sample_5842;670;0.01634555962805346
5843;5843;Population 5600;5600;sample_5843;675;0.014626728055134645
5844;5844;Population 5600;5600;sample_5844;680;-0.006557219854710288
5845;5845;Population 5600;5600;sample_5845;685;0.0035843762909607544
5846;5846;Population 5600;5600;sample_5846;690;0.0024168740142507424
5847;5847;Population 5600;5600;sample_5847;695;0.07095716672504872
5848;5848;Population 5600;5600;sample_5848;700;0.06652870398690988
5849;5849;Population 5600;5600;sample_5849;705;-0.009503886727899237
5850;5850;Population 5600;5600;sample_5850;710;0.0168610360275262
5851;5851;Population 5600;5600;sample_5851;715;0.05762202793372907
5852;5852;Population 5600;5600;sample_5852;720;0.05615323195599916
5853;5853;Population 5600;5600;sample_5853;725;-0.04075723074157688
5854;5854;Population 5600;5600;sample_5854;730;0.008953212199339559
5855;5855;Population 5600;5600;sample_5855;735;-0.015842557419747244
5856;5856;Population 5600;5600;sample_5856;740;0.036332100269422164
5857;5857;Population 5600;5600;sample_5857;745;-0.004733119181694465
5858;5858;Population 5600;5600;sample_5858;750;0.004821692864764577
5859;5859;Population 5600;5600;sample_5859;755;-0.0031451857131516324
5860;5860;Population 5600;5600;sample_5860;760;0.04341793665240186
5861;5861;Population 5600;5600;sample_5861;765;0.0009673481343617773
5862;5862;Population 5600;5600;sample_5862;770;0.011727884584076663
5863;5863;Population 5600;5600;sample_5863;775;-0.021850188236254304
5864;5864;Population 5600;5600;sample_5864;780;0.025279349336648976
5865;5865;Population 5600;5600;sample_5865;785;0.027541030000191726
5866;5866;Population 5600;5600;sample_5866;790;0.04775735393837347
5867;5867;Population 5600;5600;sample_5867;795;-0.014196951242218281
5868;5868;Population 5600;5600;sample_5868;800;0.025110212689679914
5869;5869;Population 5600;5600;sample_5869;805;-0.014778257883633631
5870;5870;Population 5600;5600;sample_5870;810;0.006099016137277432
5871;5871;Population 5600;5600;sample_5871;815;0.028366868139737968
5872;5872;Population 5600;5600;sample_5872;820;0.004400166310795425
5873;5873;Population 5600;5600;sample_5873;825;0.018324829172398707
5874;5874;Population 5600;5600;sample_5874;830;-0.0031370472314650975
5875;5875;Population 5600;5600;sample_5875;835;-0.012569839220084521
5876;5876;Population 5600;5600;sample_5876;840;0.03762095443020971
5877;5877;Population 5600;5600;sample_5877;845;-0.05357034569850112
5878;5878;Population 5600;5600;sample_5878;850;-0.05137548872237751
5879;5879;Population 5600;5600;sample_5879;855;0.014785661095232792
5880;5880;Population 5600;5600;sample_5880;860;-0.03474763473078248
5881;5881;Population 5600;5600;sample_5881;865;-0.018955781406290065
5882;5882;Population 5600;5600;sample_5882;870;0.01952889353293093
5883;5883;Population 5600;5600;sample_5883;875;-0.026706217554414192
5884;5884;Population 5600;5600;sample_5884;880;-0.047682798568813946
5885;5885;Population 5600;5600;sample_5885;885;0.01793080605449
5886;5886;Population 5600;5600;sample_5886;890;0.029976003367986427
5887;5887;Population 5600;5600;sample_5887;895;-0.004895649290714591
5888;5888;Population 5600;5600;sample_5888;900;-0.007312145462724866
5889;5889;Population 5600;5600;sample_5889;905;-0.043637252302592404
5890;5890;Population 5600;5600;sample_5890;910;-0.022942988714457074
5891;5891;Population 5600;5600;sample_5891;915;0.014438860522506723
5892;5892;Population 5600;5600;sample_5892;920;-0.02229968349937396
5893;5893;Population 5600;5600;sample_5893;925;0.07125693727207584
5894;5894;Population 5600;5600;sample_5894;930;-0.01844876642687202
5895;5895;Population 5600;5600;sample_5895;935;0.007331085816497818
5896;5896;Population 5600;5600;sample_5896;940;-0.005074888741291734
5897;5897;Population 5600;5600;sample_5897;945;-0.002640719177590837
5898;5898;Population 5600;5600;sample_5898;950;0.018687636546632653
5899;5899;Population 5600;5600;sample_5899;955;0.03175646561057417
5900;5900;Population 5600;5600;sample_5900;960;-0.010583085127750295
5901;5901;Population 5600;5600;sample_5901;965;0.004431780523901082
5902;5902;Population 5600;5600;sample_5902;970;-0.0173756392739228
5903;5903;Population 5600;5600;sample_5903;975;0.03044933317885659
5904;5904;Population 5600;5600;sample_5904;980;0.025278328738412372
5905;5905;Population 5600;5600;sample_5905;985;-0.018279684609793182
5906;5906;Population 5600;5600;sample_5906;990;0.026536805549981248
5907;5907;Population 5600;5600;sample_5907;995;0.02812450225685175
5908;5908;Population 5600;5600;sample_5908;1000;0.022936984479849088
5909;5909;Population 5600;5600;sample_5909;1005;0.008337241607372614
5910;5910;Population 5600;5600;sample_5910;1010;0.015745025922236124
5911;5911;Population 5600;5600;sample_5911;1015;0.025907869145639646
5912;5912;Population 5600;5600;sample_5912;1020;0.03105884201668893
5913;5913;Population 5600;5600;sample_5913;1025;0.02876378824650595
5914;5914;Population 5600;5600;sample_5914;1030;0.006935313019127809
5915;5915;Population 5600;5600;sample_5915;1035;-0.004826171023739527
5916;5916;Population 5600;5600;sample_5916;1040;0.021698164883935767
5917;5917;Population 5600;5600;sample_5917;1045;0.002004194502729676
5918;5918;Population 5600;5600;sample_5918;1050;-0.019409245387285064
5919;5919;Population 5600;5600;sample_5919;1055;-0.03536210137215824
5920;5920;Population 5600;5600;sample_5920;1060;-0.004839283823926613
5921;5921;Population 5600;5600;sample_5921;1065;0.020583825487857053
5922;5922;Population 5600;5600;sample_5922;1070;0.03156857834645345
5923;5923;Population 5600;5600;sample_5923;1075;0.028812304587721643
5924;5924;Population 5600;5600;sample_5924;1080;0.03461765356742281
5925;5925;Population 5600;5600;sample_5925;1085;0.07679803283501968
5926;5926;Population 5600;5600;sample_5926;1090;0.004878809489042201
5927;5927;Population 5600;5600;sample_5927;1095;0.038095920232991944
5928;5928;Population 5600;5600;sample_5928;1100;0.001829197553374176
5929;5929;Population 5600;5600;sample_5929;1105;-0.012591424678127289
5930;5930;Population 5600;5600;sample_5930;1110;-0.00542000961882599
5931;5931;Population 5600;5600;sample_5931;1115;-0.05134537636877515
5932;5932;Population 5600;5600;sample_5932;1120;-0.054854113226677735
5933;5933;Population 5600;5600;sample_5933;1125;-0.008661046786888945
5934;5934;Population 5600;5600;sample_5934;1130;-0.03767118383605976
5935;5935;Population 5600;5600;sample_5935;1135;0.01221847110958486
5936;5936;Population 5600;5600;sample_5936;1140;0.0035124655695846522
5937;5937;Population 5600;5600;sample_5937;1145;-0.0028945441573374467
5938;5938;Population 5600;5600;sample_5938;1150;-0.0004078919797741096
5939;5939;Population 5600;5600;sample_5939;1155;0.0379501542542653
5940;5940;Population 5600;5600;sample_5940;1160;-0.0009528795755574473
5941;5941;Population 5600;5600;sample_5941;1165;-0.005624444411339978
5942;5942;Population 5600;5600;sample_5942;1170;0.013037717725816196
5943;5943;Population 5600;5600;sample_5943;1175;-0.000542739150899424
5944;5944;Population 5600;5600;sample_5944;1180;-0.01844582972216629
5945;5945;Population 5600;5600;sample_5945;1185;0.03385269687554734
5946;5946;Population 5600;5600;sample_5946;1190;0.03031618297326937
5947;5947;Population 5600;5600;sample_5947;1195;0.018171955236507716
5948;5948;Population 5600;5600;sample_5948;1200;-0.001334350895485142
5949;5949;Population 5600;5600;sample_5949;1205;0.015106718760924428
5950;5950;Population 5600;5600;sample_5950;1210;0.026240990539445973
5951;5951;Population 5600;5600;sample_5951;1215;0.06901412400650199
5952;5952;Population 5600;5600;sample_5952;1220;-0.028868140792728186
5953;5953;Population 5600;5600;sample_5953;1225;-0.011667227817420632
5954;5954;Population 5600;5600;sample_5954;1230;0.03299535300779257
5955;5955;Population 5600;5600;sample_5955;1235;-0.004493254723984512
5956;5956;Population 5600;5600;sample_5956;1240;0.03525950997958949
5957;5957;Population 5600;5600;sample_5957;1245;-0.011228435321807449
5958;5958;Population 5600;5600;sample_5958;1250;-0.003003284687408326
5959;5959;Population 5600;5600;sample_5959;1255;-0.016766322370519376
5960;5960;Population 5600;5600;sample_5960;1260;0.021980695855198858
5961;5961;Population 5600;5600;sample_5961;1265;-0.046383221809023045
5962;5962;Population 5600;5600;sample_5962;1270;-0.003935670558516291
5963;5963;Population 5600;5600;sample_5963;1275;-0.006642697826681762
5964;5964;Population 5600;5600;sample_5964;1280;0.020091008466090927
5965;5965;Population 5600;5600;sample_5965;1285;0.015660065797596323
5966;5966;Population 5600;5600;sample_5966;1290;0.023827815721954214
5967;5967;Population 5600;5600;sample_5967;1295;0.0023933043694687583
5968;5968;Population 5600;5600;sample_5968;1300;-0.013618981610021228
5969;5969;Population 5600;5600;sample_5969;1305;-0.016758921803262414
5970;5970;Population 5600;5600;sample_5970;1310;0.03255007327039944
5971;5971;Population 5600;5600;sample_5971;1315;0.0030183010738130413
5972;5972;Population 5600;5600;sample_5972;1320;-0.03434741232758439
5973;5973;Population 5600;5600;sample_5973;1325;-0.013750423427730285
5974;5974;Population 5600;5600;sample_5974;1330;0.04761734076082063
5975;5975;Population 5600;5600;sample_5975;1335;0.0005079985522216209
5976;5976;Population 5600;5600;sample_5976;1340;0.0019134950158047439
5977;5977;Population 5600;5600;sample_5977;1345;-0.026078301172021975
5978;5978;Population 5600;5600;sample_5978;1350;-0.005740973858310286
5979;5979;Population 5600;5600;sample_5979;1355;0.015645680413526104
5980;5980;Population 5600;5600;sample_5980;1360;-0.018365708925775714
5981;5981;Population 5600;5600;sample_5981;1365;0.013788298557526205
5982;5982;Population 5600;5600;sample_5982;1370;0.010598835301465838
5983;5983;Population 5600;5600;sample_5983;1375;0.013177936881692096
5984;5984;Population 5600;5600;sample_5984;1380;0.0045968973309394355
5985;5985;Population 5600;5600;sample_5985;1385;0.0014571789234552371
5986;5986;Population 5600;5600;sample_5986;1390;0.02280302941907216
5987;5987;Population 5600;5600;sample_5987;1395;0.03059855049060676
5988;5988;Population 5600;5600;sample_5988;1400;0.06253141975115754
5989;5989;Population 5600;5600;sample_5989;1405;0.00875307114043639
5990;5990;Population 5600;5600;sample_5990;1410;-0.022478793548838447
5991;5991;Population 5600;5600;sample_5991;1415;-0.0529314893685357
5992;5992;Population 5600;5600;sample_5992;1420;-0.003590480369657889
5993;5993;Population 5600;5600;sample_5993;1425;0.01446721010666689
5994;5994;Population 5600;5600;sample_5994;1430;-0.04331921831575338
5995;5995;Population 5600;5600;sample_5995;1435;0.03239804384279744
5996;5996;Population 5600;5600;sample_5996;1440;-0.0024118823865145397
5997;5997;Population 5600;5600;sample_5997;1445;0.03310156179360672
5998;5998;Population 5600;5600;sample_5998;1450;0.039525229394098846
5999;5999;Population 5600;5600;sample_5999;1455;0.013151848528756385
6000;6000;Population 5600;5600;sample_6000;1460;0.01923370092878253
6001;6001;Population 5600;5600;sample_6001;1465;0.021880918572537735
6002;6002;Population 5600;5600;sample_6002;1470;-0.021457857589979683
6003;6003;Population 5600;5600;sample_6003;1475;0.02549576137005855
6004;6004;Population 5600;5600;sample_6004;1480;0.034046722806101756
6005;6005;Population 5600;5600;sample_6005;1485;0.032362327431690235
6006;6006;Population 5600;5600;sample_6006;1490;0.007571466089610835
6007;6007;Population 5600;5600;sample_6007;1495;0.01450655336619632
6008;6008;Population 5600;5600;sample_6008;1500;0.021309240297722225
6009;6009;Population 5600;5600;sample_6009;1505;0.016317209111020817
6010;6010;Population 5600;5600;sample_6010;1510;-0.007203135008997829
6011;6011;Population 5600;5600;sample_6011;1515;0.008844449968570098
6012;6012;Population 5600;5600;sample_6012;1520;0.0017303850895170117
6013;6013;Population 5600;5600;sample_6013;1525;0.010370810953437316
6014;6014;Population 5600;5600;sample_6014;1530;-0.011385438519787202
6015;6015;Population 5600;5600;sample_6015;1535;-0.011353394100823033
6016;6016;Population 5600;5600;sample_6016;1540;-0.0006671516686042752
6017;6017;Population 5600;5600;sample_6017;1545;0.013824928941249637
6018;6018;Population 5600;5600;sample_6018;1550;0.001080699500496318
6019;6019;Population 5600;5600;sample_6019;1555;0.027254580585247035
6020;6020;Population 5600;5600;sample_6020;1560;-0.013401855220017618
6021;6021;Population 5600;5600;sample_6021;1565;0.03808778877387687
6022;6022;Population 5600;5600;sample_6022;1570;0.010211694990464277
6023;6023;Population 5600;5600;sample_6023;1575;-0.023864132880135527
6024;6024;Population 5600;5600;sample_6024;1580;0.026898862293973844
6025;6025;Population 5600;5600;sample_6025;1585;0.01720283197094037
6026;6026;Population 5600;5600;sample_6026;1590;-0.02955532524976991
6027;6027;Population 5600;5600;sample_6027;1595;-0.008190871132350192
6028;6028;Population 5600;5600;sample_6028;1600;-0.039753459122579826
6029;6029;Population 5600;5600;sample_6029;1605;-0.001817732642741177
6030;6030;Population 5600;5600;sample_6030;1610;0.04677676737606903
6031;6031;Population 5600;5600;sample_6031;1615;-0.010518133929676984
6032;6032;Population 5600;5600;sample_6032;1620;0.027476034816081518
6033;6033;Population 5600;5600;sample_6033;1625;0.043348001065967014
6034;6034;Population 5600;5600;sample_6034;1630;-0.0439269567367223
6035;6035;Population 5600;5600;sample_6035;1635;0.010784941431896374
6036;6036;Population 5600;5600;sample_6036;1640;0.010316980739174484
6037;6037;Population 5600;5600;sample_6037;1645;0.0232527733904106
6038;6038;Population 5600;5600;sample_6038;1650;0.012356950943010762
6039;6039;Population 5600;5600;sample_6039;1655;-0.03374878599730037
6040;6040;Population 5600;5600;sample_6040;1660;-0.012882960009984562
6041;6041;Population 5600;5600;sample_6041;1665;0.011723000361266033
6042;6042;Population 5600;5600;sample_6042;1670;-0.001434840875094321
6043;6043;Population 5600;5600;sample_6043;1675;0.02311884865796318
6044;6044;Population 5600;5600;sample_6044;1680;0.008658422794547817
6045;6045;Population 5600;5600;sample_6045;1685;-0.0023511603927431996
6046;6046;Population 5600;5600;sample_6046;1690;0.006668150618704007
6047;6047;Population 5600;5600;sample_6047;1695;-0.00046444955083971626
6048;6048;Population 5600;5600;sample_6048;1700;-0.013732884229869435
6049;6049;Population 5600;5600;sample_6049;1705;0.05676603545033481
6050;6050;Population 5600;5600;sample_6050;1710;0.017988653571105167
6051;6051;Population 5600;5600;sample_6051;1715;0.010924413285462157
6052;6052;Population 5600;5600;sample_6052;1720;0.061592492731142576
6053;6053;Population 5600;5600;sample_6053;1725;-0.015810316751600596
6054;6054;Population 5600;5600;sample_6054;1730;-0.02451353756550272
6055;6055;Population 5600;5600;sample_6055;1735;0.011688145767235042
6056;6056;Population 5600;5600;sample_6056;1740;-0.014296677800521813
6057;6057;Population 5600;5600;sample_6057;1745;0.03829271265210896
6058;6058;Population 5600;5600;sample_6058;1750;0.0437211058227735
6059;6059;Population 5600;5600;sample_6059;1755;0.06063969656511477
6060;6060;Population 5600;5600;sample_6060;1760;0.012958298207416109
6061;6061;Population 5600;5600;sample_6061;1765;0.020503099457054256
6062;6062;Population 5600;5600;sample_6062;1770;0.012257497007889745
6063;6063;Population 5600;5600;sample_6063;1775;0.026938585581590693
6064;6064;Population 5600;5600;sample_6064;1780;0.042338688263133195
6065;6065;Population 5600;5600;sample_6065;1785;-0.0005136803654919656
6066;6066;Population 5600;5600;sample_6066;1790;0.015495994710097712
6067;6067;Population 5600;5600;sample_6067;1795;0.03569559575365005
6068;6068;Population 5600;5600;sample_6068;1800;-0.02976915440587326
6069;6069;Population 5600;5600;sample_6069;1805;0.0059967030978326724
6070;6070;Population 5600;5600;sample_6070;1810;0.031932610362034604
6071;6071;Population 5600;5600;sample_6071;1815;-0.0018795433926360036
6072;6072;Population 5600;5600;sample_6072;1820;0.0027684725421759865
6073;6073;Population 5600;5600;sample_6073;1825;-0.017571207730470717
6074;6074;Population 5600;5600;sample_6074;1830;-0.000689488743686057
6075;6075;Population 5600;5600;sample_6075;1835;0.01608273046587186
6076;6076;Population 5600;5600;sample_6076;1840;-0.028861810994039016
6077;6077;Population 5600;5600;sample_6077;1845;-0.01075931636166121
6078;6078;Population 5600;5600;sample_6078;1850;0.00722464772817128
6079;6079;Population 5600;5600;sample_6079;1855;-0.005060774962482478
6080;6080;Population 5600;5600;sample_6080;1860;0.034271040886530414
6081;6081;Population 5600;5600;sample_6081;1865;0.018389423165559946
6082;6082;Population 5600;5600;sample_6082;1870;-0.007282801559742624
6083;6083;Population 5600;5600;sample_6083;1875;0.019931172013622597
6084;6084;Population 5600;5600;sample_6084;1880;0.03612157593539342
6085;6085;Population 5600;5600;sample_6085;1885;-0.008919734747295837
6086;6086;Population 5600;5600;sample_6086;1890;0.028002644009461453
6087;6087;Population 5600;5600;sample_6087;1895;-0.028254990247871276
6088;6088;Population 5600;5600;sample_6088;1900;0.02437753518040591
6089;6089;Population 5600;5600;sample_6089;1905;-0.04983043388462131
6090;6090;Population 5600;5600;sample_6090;1910;-0.030074730525630252
6091;6091;Population 5600;5600;sample_6091;1915;-0.0011795434208861694
6092;6092;Population 5600;5600;sample_6092;1920;-0.016248514557676053
6093;6093;Population 5600;5600;sample_6093;1925;-0.010133620717604744
6094;6094;Population 5600;5600;sample_6094;1930;0.015480568377490464
6095;6095;Population 5600;5600;sample_6095;1935;0.005941715026530028
6096;6096;Population 5600;5600;sample_6096;1940;0.013783367167455391
6097;6097;Population 5600;5600;sample_6097;1945;0.007684992068396443
6098;6098;Population 5600;5600;sample_6098;1950;0.02617212040975784
6099;6099;Population 5600;5600;sample_6099;1955;-0.0013190802300902327
6100;6100;Population 5600;5600;sample_6100;1960;-0.0021502251345021004
6101;6101;Population 5600;5600;sample_6101;1965;-0.014209081637274511
6102;6102;Population 5600;5600;sample_6102;1970;-0.005086128914219662
6103;6103;Population 5600;5600;sample_6103;1975;0.007812007274867461
6104;6104;Population 5600;5600;sample_6104;1980;0.029751876948200716
6105;6105;Population 5600;5600;sample_6105;1985;-0.009805899353487506
6106;6106;Population 5600;5600;sample_6106;1990;0.011548042249720116
6107;6107;Population 5600;5600;sample_6107;1995;-0.005128390853929395
6108;6108;Population 5600;5600;sample_6108;2000;-0.017561416827739335
6109;6109;Population 5600;5600;sample_6109;2005;-0.012824140424259424
6110;6110;Population 5600;5600;sample_6110;2010;0.018899358324929536
6111;6111;Population 5600;5600;sample_6111;2015;-0.007873903038135264
6112;6112;Population 5600;5600;sample_6112;2020;0.026375918357619196
6113;6113;Population 5600;5600;sample_6113;2025;-0.004371664715938825
6114;6114;Population 5600;5600;sample_6114;2030;0.015275075115196345
6115;6115;Population 5600;5600;sample_6115;2035;0.06367618729777799
6116;6116;Population 5600;5600;sample_6116;2040;0.000718689214470825
6117;6117;Population 5600;5600;sample_6117;2045;-0.020951240587397307
6118;6118;Population 5600;5600;sample_6118;2050;0.022294010695604036
6119;6119;Population 5600;5600;sample_6119;2055;-0.01725321478196947
6120;6120;Population 5600;5600;sample_6120;2060;0.0015524206091521737
6121;6121;Population 5600;5600;sample_6121;2065;0.005376268081872882
6122;6122;Population 5600;5600;sample_6122;2070;-0.03778757069452647
6123;6123;Population 5600;5600;sample_6123;2075;0.010692350475075881
6124;6124;Population 5600;5600;sample_6124;2080;-0.004546564315567732
6125;6125;Population 5600;5600;sample_6125;2085;0.01812923474171506
6126;6126;Population 5600;5600;sample_6126;2090;0.006989272825197697
6127;6127;Population 5600;5600;sample_6127;2095;-0.011073748601750005
6128;6128;Population 5600;5600;sample_6128;2100;-0.0034448744935530583
6129;6129;Population 5600;5600;sample_6129;2105;0.008902966426020852
6130;6130;Population 5600;5600;sample_6130;2110;-0.036590972452317516
6131;6131;Population 5600;5600;sample_6131;2115;0.03950811310599356
6132;6132;Population 5600;5600;sample_6132;2120;-0.012405786858607794
6133;6133;Population 5600;5600;sample_6133;2125;0.01052240841475909
6134;6134;Population 5600;5600;sample_6134;2130;-0.006866824608390427
6135;6135;Population 5600;5600;sample_6135;2135;-0.010095500772906371
6136;6136;Population 5600;5600;sample_6136;2140;0.003137853917033607
6137;6137;Population 5600;5600;sample_6137;2145;0.011026609792560758
6138;6138;Population 5600;5600;sample_6138;2150;-0.012103017970692397
6139;6139;Population 5600;5600;sample_6139;2155;0.00024116964412493672
6140;6140;Population 5600;5600;sample_6140;2160;-1.6539684384213687e-05
6141;6141;Population 5600;5600;sample_6141;2165;8.054649524985967e-05
6142;6142;Population 5600;5600;sample_6142;2170;-0.007210363265885568
6143;6143;Population 5600;5600;sample_6143;2175;0.017013264721430242
6144;6144;Population 5600;5600;sample_6144;2180;0.025446155126038296
6145;6145;Population 5600;5600;sample_6145;2185;0.046452959654360595
6146;6146;Population 5600;5600;sample_6146;2190;0.0008804222408352876
6147;6147;Population 5600;5600;sample_6147;2195;-0.0021531939280973436
6148;6148;Population 5600;5600;sample_6148;2200;0.05154633145829307
6149;6149;Population 5600;5600;sample_6149;2205;-0.0034640382230417153
6150;6150;Population 5600;5600;sample_6150;2210;0.01748783319400246
6151;6151;Population 5600;5600;sample_6151;2215;-0.008253801012908851
6152;6152;Population 5600;5600;sample_6152;2220;0.016051076581078252
6153;6153;Population 5600;5600;sample_6153;2225;0.004553668623062591
6154;6154;Population 5600;5600;sample_6154;2230;0.0004150499758198749
6155;6155;Population 5600;5600;sample_6155;2235;0.006884694348414025
6156;6156;Population 5600;5600;sample_6156;2240;0.013706735369474744
6157;6157;Population 5600;5600;sample_6157;2245;0.006629087937285343
6158;6158;Population 5600;5600;sample_6158;2250;-0.005585888716283519
6159;6159;Population 5600;5600;sample_6159;2255;-0.013030175697207883
6160;6160;Population 5600;5600;sample_6160;2260;0.004053407591473335
6161;6161;Population 5600;5600;sample_6161;2265;0.05153965432415902
6162;6162;Population 5600;5600;sample_6162;2270;0.02484579528429449
6163;6163;Population 5600;5600;sample_6163;2275;-0.019146904454123953
6164;6164;Population 5600;5600;sample_6164;2280;0.0152673971357366
6165;6165;Population 5600;5600;sample_6165;2285;0.013222438433235376
6166;6166;Population 5600;5600;sample_6166;2290;0.02167545853223018
6167;6167;Population 5600;5600;sample_6167;2295;0.011504021394648168
6168;6168;Population 5600;5600;sample_6168;2300;0.019915541342034934
6169;6169;Population 5600;5600;sample_6169;2305;-0.005957698951648146
6170;6170;Population 5600;5600;sample_6170;2310;0.008677834893959067
6171;6171;Population 5600;5600;sample_6171;2315;-0.001933436337888701
6172;6172;Population 5600;5600;sample_6172;2320;0.02131863001035185
6173;6173;Population 5600;5600;sample_6173;2325;0.009072491538028086
6174;6174;Population 5600;5600;sample_6174;2330;0.00947682300243174
6175;6175;Population 5600;5600;sample_6175;2335;0.011582450852081292
6176;6176;Population 5600;5600;sample_6176;2340;0.00030351019530558773
6177;6177;Population 5600;5600;sample_6177;2345;-0.03610126320768624
6178;6178;Population 5600;5600;sample_6178;2350;0.015140497913606157
6179;6179;Population 5600;5600;sample_6179;2355;-0.007365173373049541
6180;6180;Population 5600;5600;sample_6180;2360;-0.005868572844260912
6181;6181;Population 5600;5600;sample_6181;2365;-0.0033298222214473224
6182;6182;Population 5600;5600;sample_6182;2370;-0.004785709109626556
6183;6183;Population 5600;5600;sample_6183;2375;-0.011509902105731298
6184;6184;Population 5600;5600;sample_6184;2380;0.006779284060372192
6185;6185;Population 5600;5600;sample_6185;2385;0.012135166793336559
6186;6186;Population 5600;5600;sample_6186;2390;0.005876540763662458
6187;6187;Population 5600;5600;sample_6187;2395;0.016343065669483934
6188;6188;Population 5600;5600;sample_6188;2400;0.003182618128968606
6189;6189;Population 5600;5600;sample_6189;2405;0.010358958351308028
6190;6190;Population 5600;5600;sample_6190;2410;-0.010364203636435166
6191;6191;Population 5600;5600;sample_6191;2415;-0.031804000430582
6192;6192;Population 5600;5600;sample_6192;2420;-0.001993699138440647
6193;6193;Population 5600;5600;sample_6193;2425;-0.002600282141740315
6194;6194;Population 5600;5600;sample_6194;2430;0.01655626102995046
6195;6195;Population 5600;5600;sample_6195;2435;0.044550097155337774
6196;6196;Population 5600;5600;sample_6196;2440;0.008404765818845899
6197;6197;Population 5600;5600;sample_6197;2445;-0.00955120055230959
6198;6198;Population 5600;5600;sample_6198;2450;-0.00451649468697825
6199;6199;Population 5600;5600;sample_6199;2455;0.029605186194705067
6200;6200;Population 5600;5600;sample_6200;2460;0.008959920624599304
6201;6201;Population 5600;5600;sample_6201;2465;-0.016560166583649283
6202;6202;Population 5600;5600;sample_6202;2470;-0.016138612921761424
6203;6203;Population 5600;5600;sample_6203;2475;0.003265924009567006
6204;6204;Population 5600;5600;sample_6204;2480;-0.000941943310391522
6205;6205;Population 5600;5600;sample_6205;2485;-0.001720685604375723
6206;6206;Population 5600;5600;sample_6206;2490;-0.005540092951749756
6207;6207;Population 5600;5600;sample_6207;2495;-0.004807807712065897
6208;6208;Population 5600;5600;sample_6208;2500;-0.011054073898342327
6209;6209;Population 5600;5600;sample_6209;2505;0.011062383180137988
6210;6210;Population 5600;5600;sample_6210;2510;0.017513644987751195
6211;6211;Population 5600;5600;sample_6211;2515;0.007201045218396957
6212;6212;Population 5600;5600;sample_6212;2520;0.005836643826931828
6213;6213;Population 5600;5600;sample_6213;2525;0.011209959514225999
6214;6214;Population 5600;5600;sample_6214;2530;-0.005385239239795947
6215;6215;Population 5600;5600;sample_6215;2535;-0.004421778239308433
6216;6216;Population 5600;5600;sample_6216;2540;0.011325728763987443
6217;6217;Population 5600;5600;sample_6217;2545;0.04873062046791957
6218;6218;Population 5600;5600;sample_6218;2550;-0.003315247176736967
6219;6219;Population 5600;5600;sample_6219;2555;-0.009221307287149191
6220;6220;Population 5600;5600;sample_6220;2560;0.020102775864356028
6221;6221;Population 5600;5600;sample_6221;2565;0.0299426904117862
6222;6222;Population 5600;5600;sample_6222;2570;0.002032985888678177
6223;6223;Population 5600;5600;sample_6223;2575;0.008662391937408667
6224;6224;Population 5600;5600;sample_6224;2580;0.006197660145976431
6225;6225;Population 5600;5600;sample_6225;2585;0.035502619385397234
6226;6226;Population 5600;5600;sample_6226;2590;-0.004323010653130206
6227;6227;Population 5600;5600;sample_6227;2595;0.02338295324321715
6228;6228;Population 5600;5600;sample_6228;2600;-0.006695971358693403
6229;6229;Population 5600;5600;sample_6229;2605;0.005465820390863716
6230;6230;Population 5600;5600;sample_6230;2610;0.01805825330471602
6231;6231;Population 5600;5600;sample_6231;2615;0.00224405657854018
6232;6232;Population 5600;5600;sample_6232;2620;0.006603310565879858
6233;6233;Population 5600;5600;sample_6233;2625;0.016971816690364547
6234;6234;Population 5600;5600;sample_6234;2630;-0.0002852333893512369
6235;6235;Population 5600;5600;sample_6235;2635;0.0058368162260572076
6236;6236;Population 5600;5600;sample_6236;2640;-0.01931445963129324
6237;6237;Population 5600;5600;sample_6237;2645;0.026739440415836403
6238;6238;Population 5600;5600;sample_6238;2650;-0.0011714233179198979
6239;6239;Population 5600;5600;sample_6239;2655;-0.01004537701050893
6240;6240;Population 5600;5600;sample_6240;2660;0.00392508620537656
6241;6241;Population 5600;5600;sample_6241;2665;-0.02477188425584198
6242;6242;Population 5600;5600;sample_6242;2670;0.004288180597597878
6243;6243;Population 5600;5600;sample_6243;2675;0.011648078927797406
6244;6244;Population 5600;5600;sample_6244;2680;0.035522929908034316
6245;6245;Population 5600;5600;sample_6245;2685;0.01174872610695845
6246;6246;Population 5600;5600;sample_6246;2690;0.01791805220890076
6247;6247;Population 5600;5600;sample_6247;2695;-0.00040279393613999357
6248;6248;Population 5600;5600;sample_6248;2700;-0.006208948025592536
6249;6249;Population 5600;5600;sample_6249;2705;0.018401528333144894
6250;6250;Population 5600;5600;sample_6250;2710;0.027600358505264985
6251;6251;Population 5600;5600;sample_6251;2715;0.01401901177378755
6252;6252;Population 5600;5600;sample_6252;2720;0.006291490962087758
6253;6253;Population 5600;5600;sample_6253;2725;0.025470745018462436
6254;6254;Population 5600;5600;sample_6254;2730;0.011232389545301027
6255;6255;Population 5600;5600;sample_6255;2735;0.013255495999563171
6256;6256;Population 5600;5600;sample_6256;2740;0.02205982076513075
6257;6257;Population 5600;5600;sample_6257;2745;-0.024505515673342356
6258;6258;Population 5600;5600;sample_6258;2750;0.00564819064599435
6259;6259;Population 5600;5600;sample_6259;2755;0.020066280441817165
6260;6260;Population 5600;5600;sample_6260;2760;-0.008708801999657567
6261;6261;Population 5600;5600;sample_6261;2765;0.02971961395033829
6262;6262;Population 5600;5600;sample_6262;2770;-0.008367483408159472
6263;6263;Population 5600;5600;sample_6263;2775;0.0022181788094386428
6264;6264;Population 5600;5600;sample_6264;2780;-0.012204719088514844
6265;6265;Population 5600;5600;sample_6265;2785;-0.001906080096026531
6266;6266;Population 5600;5600;sample_6266;2790;0.00406689994639252
6267;6267;Population 5600;5600;sample_6267;2795;0.006362169784650991
6268;6268;Population 5600;5600;sample_6268;2800;0.002360135872726839
6269;6269;Population 5600;5600;sample_6269;2805;0.029219333186891603
6270;6270;Population 5600;5600;sample_6270;2810;0.007374717974060469
6271;6271;Population 5600;5600;sample_6271;2815;-0.02966937380231609
6272;6272;Population 5600;5600;sample_6272;2820;0.003746598790578852
6273;6273;Population 5600;5600;sample_6273;2825;0.0035635423251734405
6274;6274;Population 5600;5600;sample_6274;2830;0.0051433242188814515
6275;6275;Population 5600;5600;sample_6275;2835;0.017289810578271742
6276;6276;Population 5600;5600;sample_6276;2840;0.006500510180075773
6277;6277;Population 5600;5600;sample_6277;2845;-0.002098047031447527
6278;6278;Population 5600;5600;sample_6278;2850;0.0035734273726394598
6279;6279;Population 5600;5600;sample_6279;2855;0.010821423131008253
6280;6280;Population 5600;5600;sample_6280;2860;0.00426930291530501
6281;6281;Population 5600;5600;sample_6281;2865;-0.028451849145285802
6282;6282;Population 5600;5600;sample_6282;2870;-0.003393073462629388
6283;6283;Population 5600;5600;sample_6283;2875;0.025538392944100333
6284;6284;Population 5600;5600;sample_6284;2880;0.0019812782538181726
6285;6285;Population 5600;5600;sample_6285;2885;-2.1829305209334675e-07
6286;6286;Population 5600;5600;sample_6286;2890;0.0024779586745374443
6287;6287;Population 5600;5600;sample_6287;2895;-0.005852835068036911
6288;6288;Population 5600;5600;sample_6288;2900;0.010083003876203193
6289;6289;Population 5600;5600;sample_6289;2905;-0.020173935618334707
6290;6290;Population 5600;5600;sample_6290;2910;0.007112227399625387
6291;6291;Population 5600;5600;sample_6291;2915;0.021701965825931074
6292;6292;Population 5600;5600;sample_6292;2920;-0.001664139389724139
6293;6293;Population 5600;5600;sample_6293;2925;-0.008574402740218399
6294;6294;Population 5600;5600;sample_6294;2930;-0.002473392009082744
6295;6295;Population 5600;5600;sample_6295;2935;-0.015530196431148956
6296;6296;Population 5600;5600;sample_6296;2940;0.001633628556640565
6297;6297;Population 5600;5600;sample_6297;2945;0.013698061471025251
6298;6298;Population 5600;5600;sample_6298;2950;0.013291731401215047
6299;6299;Population 5600;5600;sample_6299;2955;-0.03544392805242909
6300;6300;Population 5600;5600;sample_6300;2960;-0.01645701139469343
6301;6301;Population 5600;5600;sample_6301;2965;0.006831333077027234
6302;6302;Population 5600;5600;sample_6302;2970;0.004251251395373153
6303;6303;Population 5600;5600;sample_6303;2975;0.0002042218689373858
6304;6304;Population 5600;5600;sample_6304;2980;0.016446965048699046
6305;6305;Population 5600;5600;sample_6305;2985;0.0004272457631241723
6306;6306;Population 5600;5600;sample_6306;2990;0.008528511764152572
6307;6307;Population 5600;5600;sample_6307;2995;0.026486641553523697
6308;6308;Population 5600;5600;sample_6308;3000;0.018562673858043294
6309;6309;Population 5600;5600;sample_6309;3005;0.005729008733099042
6310;6310;Population 5600;5600;sample_6310;3010;-0.010174497250626382
6311;6311;Population 5600;5600;sample_6311;3015;0.003456053086561006
6312;6312;Population 5600;5600;sample_6312;3020;-8.757330904084533e-05
6313;6313;Population 5600;5600;sample_6313;3025;0.024123420224288455
6314;6314;Population 5600;5600;sample_6314;3030;0.021181615280739485
6315;6315;Population 5600;5600;sample_6315;3035;0.013551918383553655
6316;6316;Population 5600;5600;sample_6316;3040;-0.008354453320091637
6317;6317;Population 5600;5600;sample_6317;3045;0.020003994452531978
6318;6318;Population 5600;5600;sample_6318;3050;0.029503691905335052
6319;6319;Population 5600;5600;sample_6319;3055;0.012207110548728603
6320;6320;Population 5600;5600;sample_6320;3060;-0.01747251271988482
6321;6321;Population 5600;5600;sample_6321;3065;0.013904543514360634
6322;6322;Population 5600;5600;sample_6322;3070;-0.01135989964034737
6323;6323;Population 5600;5600;sample_6323;3075;0.016116396775521933
6324;6324;Population 5600;5600;sample_6324;3080;0.023289930186425944
6325;6325;Population 5600;5600;sample_6325;3085;0.016642072172797832
6326;6326;Population 5600;5600;sample_6326;3090;-4.4760481990115746e-05
6327;6327;Population 5600;5600;sample_6327;3095;-0.011509906407602749
6328;6328;Population 5600;5600;sample_6328;3100;0.012718078320094596
6329;6329;Population 5600;5600;sample_6329;3105;-0.002061786457379702
6330;6330;Population 5600;5600;sample_6330;3110;0.029226456566524898
6331;6331;Population 5600;5600;sample_6331;3115;0.029588625261440633
6332;6332;Population 5600;5600;sample_6332;3120;0.007655760385691408
6333;6333;Population 5600;5600;sample_6333;3125;0.001010893583826645
6334;6334;Population 5600;5600;sample_6334;3130;-0.002990250682127086
6335;6335;Population 5600;5600;sample_6335;3135;0.013421785234697678
6336;6336;Population 5600;5600;sample_6336;3140;-0.004164721621997359
6337;6337;Population 5600;5600;sample_6337;3145;-0.012785230514556344
6338;6338;Population 5600;5600;sample_6338;3150;0.01683282260486061
6339;6339;Population 5600;5600;sample_6339;3155;0.015453021045636743
6340;6340;Population 5600;5600;sample_6340;3160;-0.0030161367064883917
6341;6341;Population 5600;5600;sample_6341;3165;-0.0006632570873348053
6342;6342;Population 5600;5600;sample_6342;3170;-0.005157925289272041
6343;6343;Population 5600;5600;sample_6343;3175;-0.01705177742448956
6344;6344;Population 5600;5600;sample_6344;3180;0.01776515043957273
6345;6345;Population 5600;5600;sample_6345;3185;0.013036393458033214
6346;6346;Population 5600;5600;sample_6346;3190;0.004649023184474384
6347;6347;Population 5600;5600;sample_6347;3195;0.021153552061775816
6348;6348;Population 5600;5600;sample_6348;3200;0.02025152025735452
6349;6349;Population 5600;5600;sample_6349;3205;0.008760853925204991
6350;6350;Population 5600;5600;sample_6350;3210;0.002668122791664057
6351;6351;Population 5600;5600;sample_6351;3215;0.0012383795989294474
6352;6352;Population 5600;5600;sample_6352;3220;0.007969796920566284
6353;6353;Population 5600;5600;sample_6353;3225;0.012667513451978819
6354;6354;Population 5600;5600;sample_6354;3230;0.003607981372890045
6355;6355;Population 5600;5600;sample_6355;3235;0.04065110483713479
6356;6356;Population 5600;5600;sample_6356;3240;0.02687959217629403
6357;6357;Population 5600;5600;sample_6357;3245;0.002566742076109026
6358;6358;Population 5600;5600;sample_6358;3250;0.0034687213547553706
6359;6359;Population 5600;5600;sample_6359;3255;0.005050145374474184
6360;6360;Population 5600;5600;sample_6360;3260;-0.009296270846522486
6361;6361;Population 5600;5600;sample_6361;3265;0.023220800365196376
6362;6362;Population 5600;5600;sample_6362;3270;0.0016936599505291262
6363;6363;Population 5600;5600;sample_6363;3275;-0.008607685945121313
6364;6364;Population 5600;5600;sample_6364;3280;-0.004959736160722894
6365;6365;Population 5600;5600;sample_6365;3285;0.0101894578390474
6366;6366;Population 5600;5600;sample_6366;3290;0.0025169517220153498
6367;6367;Population 5600;5600;sample_6367;3295;0.0022917443470295514
6368;6368;Population 5600;5600;sample_6368;3300;0.005392264541822991
6369;6369;Population 5600;5600;sample_6369;3305;-0.012064335466102447
6370;6370;Population 5600;5600;sample_6370;3310;-0.009205146635714504
6371;6371;Population 5600;5600;sample_6371;3315;-0.003812689767379985
6372;6372;Population 5600;5600;sample_6372;3320;-0.012060254524759622
6373;6373;Population 5600;5600;sample_6373;3325;0.018183384281770847
6374;6374;Population 5600;5600;sample_6374;3330;0.019095993665141774
6375;6375;Population 5600;5600;sample_6375;3335;-0.00232745704386511
6376;6376;Population 5600;5600;sample_6376;3340;-0.0016944237243424803
6377;6377;Population 5600;5600;sample_6377;3345;-0.0029064046199135402
6378;6378;Population 5600;5600;sample_6378;3350;-0.0053123568500335495
6379;6379;Population 5600;5600;sample_6379;3355;0.00276140566175268
6380;6380;Population 5600;5600;sample_6380;3360;0.011386098442865459
6381;6381;Population 5600;5600;sample_6381;3365;0.006159666573939218
6382;6382;Population 5600;5600;sample_6382;3370;0.024320896027251605
6383;6383;Population 5600;5600;sample_6383;3375;0.016155170539294925
6384;6384;Population 5600;5600;sample_6384;3380;0.0055225069609328315
6385;6385;Population 5600;5600;sample_6385;3385;-0.0058494687664114985
6386;6386;Population 5600;5600;sample_6386;3390;0.014416406611764307
6387;6387;Population 5600;5600;sample_6387;3395;0.005279154307281087
6388;6388;Population 5600;5600;sample_6388;3400;0.0009400175108275346
6389;6389;Population 5600;5600;sample_6389;3405;-0.0002697800973673419
6390;6390;Population 5600;5600;sample_6390;3410;0.024027732922650768
6391;6391;Population 5600;5600;sample_6391;3415;0.022267816168381343
6392;6392;Population 5600;5600;sample_6392;3420;-0.0037899109009562016
6393;6393;Population 5600;5600;sample_6393;3425;0.004508719597039186
6394;6394;Population 5600;5600;sample_6394;3430;0.001626524920960328
6395;6395;Population 5600;5600;sample_6395;3435;-0.004785014138376757
6396;6396;Population 5600;5600;sample_6396;3440;0.01300791231174221
6397;6397;Population 5600;5600;sample_6397;3445;-0.00603313620625003
6398;6398;Population 5600;5600;sample_6398;3450;-0.006964640440805844
6399;6399;Population 5600;5600;sample_6399;3455;-0.003818334521975801
6400;6400;Population 5600;5600;sample_6400;3460;0.01052178860667306
6401;6401;Population 5600;5600;sample_6401;3465;0.027708679594885845
6402;6402;Population 5600;5600;sample_6402;3470;-0.009416571520243491
6403;6403;Population 5600;5600;sample_6403;3475;-0.004573032999448511
6404;6404;Population 5600;5600;sample_6404;3480;0.010532003109787382
6405;6405;Population 5600;5600;sample_6405;3485;-0.005755052244880876
6406;6406;Population 5600;5600;sample_6406;3490;-0.004089118824086058
6407;6407;Population 5600;5600;sample_6407;3495;-0.015143235518735622
6408;6408;Population 5600;5600;sample_6408;3500;0.01741729176999745
6409;6409;Population 5600;5600;sample_6409;3505;0.008080745094571877
6410;6410;Population 5600;5600;sample_6410;3510;-0.012701223191400697
6411;6411;Population 5600;5600;sample_6411;3515;0.008816398117848148
6412;6412;Population 5600;5600;sample_6412;3520;0.018375779538514447
6413;6413;Population 5600;5600;sample_6413;3525;0.007805386538361437
6414;6414;Population 5600;5600;sample_6414;3530;0.002533807896917064
6415;6415;Population 5600;5600;sample_6415;3535;-0.0007734265574000961
6416;6416;Population 5600;5600;sample_6416;3540;0.015080500001349311
6417;6417;Population 5600;5600;sample_6417;3545;-0.004385622447858795
6418;6418;Population 5600;5600;sample_6418;3550;0.015398271274245099
6419;6419;Population 5600;5600;sample_6419;3555;0.0003274837390778056
6420;6420;Population 5600;5600;sample_6420;3560;-0.014180132374616431
6421;6421;Population 5600;5600;sample_6421;3565;-0.006114786777482428
6422;6422;Population 5600;5600;sample_6422;3570;0.014995995352852995
6423;6423;Population 5600;5600;sample_6423;3575;-0.0022742232106044316
6424;6424;Population 5600;5600;sample_6424;3580;0.0006305871031746776
6425;6425;Population 5600;5600;sample_6425;3585;0.008006894587626988
6426;6426;Population 5600;5600;sample_6426;3590;0.03184117878695352
6427;6427;Population 5600;5600;sample_6427;3595;0.014954615285760484
6428;6428;Population 5600;5600;sample_6428;3600;0.023841428928655664
6429;6429;Population 5600;5600;sample_6429;3605;0.019169775968913158
6430;6430;Population 5600;5600;sample_6430;3610;0.016950980511594473
6431;6431;Population 5600;5600;sample_6431;3615;0.009000747887345681
6432;6432;Population 5600;5600;sample_6432;3620;0.0008754739788185815
6433;6433;Population 5600;5600;sample_6433;3625;0.0016579591830468024
6434;6434;Population 5600;5600;sample_6434;3630;0.018078650609829258
6435;6435;Population 5600;5600;sample_6435;3635;0.0025269605903584314
6436;6436;Population 5600;5600;sample_6436;3640;-0.0006504739165275187
6437;6437;Population 5600;5600;sample_6437;3645;-0.02309063434740635
6438;6438;Population 5600;5600;sample_6438;3650;-0.0008858991554283875
6439;6439;Population 5600;5600;sample_6439;3655;0.010324904364119671
6440;6440;Population 5600;5600;sample_6440;3660;-0.001167217201027895
6441;6441;Population 5600;5600;sample_6441;3665;0.003061546805227263
6442;6442;Population 5600;5600;sample_6442;3670;0.013619810974756062
6443;6443;Population 5600;5600;sample_6443;3675;0.009387833174747725
6444;6444;Population 5600;5600;sample_6444;3680;0.011046211904945244
6445;6445;Population 5600;5600;sample_6445;3685;-0.0030278862902309842
6446;6446;Population 5600;5600;sample_6446;3690;0.016955988153319338
6447;6447;Population 5600;5600;sample_6447;3695;0.028180968319226785
6448;6448;Population 5600;5600;sample_6448;3700;0.011510275197936366
6449;6449;Population 5600;5600;sample_6449;3705;0.003359849658891512
6450;6450;Population 5600;5600;sample_6450;3710;0.00047799863719890875
6451;6451;Population 5600;5600;sample_6451;3715;0.006787150256543366
6452;6452;Population 5600;5600;sample_6452;3720;0.01950320542907254
6453;6453;Population 5600;5600;sample_6453;3725;0.0057970156908107445
6454;6454;Population 5600;5600;sample_6454;3730;0.00402721262553776
6455;6455;Population 5600;5600;sample_6455;3735;0.0013403941478526528
6456;6456;Population 5600;5600;sample_6456;3740;0.003414905981745762
6457;6457;Population 5600;5600;sample_6457;3745;-0.0033528483983363993
6458;6458;Population 5600;5600;sample_6458;3750;-0.011143054893012838
6459;6459;Population 5600;5600;sample_6459;3755;-0.004449010963637823
6460;6460;Population 5600;5600;sample_6460;3760;-0.009225619943139396
6461;6461;Population 5600;5600;sample_6461;3765;0.01765101671177221
6462;6462;Population 5600;5600;sample_6462;3770;-0.0010627453668976693
6463;6463;Population 5600;5600;sample_6463;3775;0.015312747248249233
6464;6464;Population 5600;5600;sample_6464;3780;0.014734367883367867
6465;6465;Population 5600;5600;sample_6465;3785;0.005742913166164115
6466;6466;Population 5600;5600;sample_6466;3790;0.008859399044800837
6467;6467;Population 5600;5600;sample_6467;3795;0.007328720502953825
6468;6468;Population 5600;5600;sample_6468;3800;0.009086293508386214
6469;6469;Population 5600;5600;sample_6469;3805;-0.006612541019120831
6470;6470;Population 5600;5600;sample_6470;3810;-0.0022921313949903805
6471;6471;Population 5600;5600;sample_6471;3815;0.00283689709167898
6472;6472;Population 5600;5600;sample_6472;3820;-0.0063330511691421666
6473;6473;Population 5600;5600;sample_6473;3825;0.007291411662323369
6474;6474;Population 5600;5600;sample_6474;3830;0.012036046404744693
6475;6475;Population 5600;5600;sample_6475;3835;0.011556797416247563
6476;6476;Population 5600;5600;sample_6476;3840;-0.0010727058684737389
6477;6477;Population 5600;5600;sample_6477;3845;0.017295417356602828
6478;6478;Population 5600;5600;sample_6478;3850;-0.013360080568662721
6479;6479;Population 5600;5600;sample_6479;3855;0.01339153855592555
6480;6480;Population 5600;5600;sample_6480;3860;0.0013637264718762941
6481;6481;Population 5600;5600;sample_6481;3865;0.011805673820897833
6482;6482;Population 5600;5600;sample_6482;3870;0.0002565251454656376
6483;6483;Population 5600;5600;sample_6483;3875;0.0024062058611386146
6484;6484;Population 5600;5600;sample_6484;3880;0.018493294489784876
6485;6485;Population 5600;5600;sample_6485;3885;0.0036773965141516677
6486;6486;Population 5600;5600;sample_6486;3890;0.00018029043360160582
6487;6487;Population 5600;5600;sample_6487;3895;0.004662253887327499
6488;6488;Population 5600;5600;sample_6488;3900;0.012452758527327164
6489;6489;Population 5600;5600;sample_6489;3905;-0.011747535053868751
6490;6490;Population 5600;5600;sample_6490;3910;0.016362816081872
6491;6491;Population 5600;5600;sample_6491;3915;-0.009373174694428672
6492;6492;Population 5600;5600;sample_6492;3920;0.017850794155227286
6493;6493;Population 5600;5600;sample_6493;3925;0.007555332222038996
6494;6494;Population 5600;5600;sample_6494;3930;0.0174086650868526
6495;6495;Population 5600;5600;sample_6495;3935;0.0014507166875858072
6496;6496;Population 5600;5600;sample_6496;3940;0.022782441763891586
6497;6497;Population 5600;5600;sample_6497;3945;-0.004019821172235978
6498;6498;Population 5600;5600;sample_6498;3950;0.006389951039521706
6499;6499;Population 5600;5600;sample_6499;3955;0.0001653822099577901
6500;6500;Population 5600;5600;sample_6500;3960;-0.0009561859638977084
6501;6501;Population 5600;5600;sample_6501;3965;-0.0019753118553067365
6502;6502;Population 5600;5600;sample_6502;3970;0.006755057116408531
6503;6503;Population 5600;5600;sample_6503;3975;0.0157419211094343
6504;6504;Population 5600;5600;sample_6504;3980;-0.007046921295563114
6505;6505;Population 5600;5600;sample_6505;3985;0.001828799302056813
6506;6506;Population 5600;5600;sample_6506;3990;0.026997765780754707
6507;6507;Population 5600;5600;sample_6507;3995;0.0006548671522432905
6508;6508;Population 5600;5600;sample_6508;4000;-0.0010000064429022926
6509;6509;Population 5600;5600;sample_6509;4005;-0.008939275153090042
6510;6510;Population 5600;5600;sample_6510;4010;0.015396067960349464
6511;6511;Population 5600;5600;sample_6511;4015;0.0063295750853461456
6512;6512;Population 5600;5600;sample_6512;4020;-0.011567820047221893
6513;6513;Population 5600;5600;sample_6513;4025;0.0007426286325336035
6514;6514;Population 5600;5600;sample_6514;4030;0.0009448079553500718
6515;6515;Population 5600;5600;sample_6515;4035;0.005100757622998471
6516;6516;Population 5600;5600;sample_6516;4040;0.005733624430742684
6517;6517;Population 5600;5600;sample_6517;4045;0.008000355470070174
6518;6518;Population 5600;5600;sample_6518;4050;0.012082190041130241
6519;6519;Population 5600;5600;sample_6519;4055;0.01136843438744394
6520;6520;Population 5600;5600;sample_6520;4060;0.01636206403052486
6521;6521;Population 5600;5600;sample_6521;4065;-0.004238750135593092
6522;6522;Population 5600;5600;sample_6522;4070;0.009025069152562189
6523;6523;Population 5600;5600;sample_6523;4075;0.002737369261187001
6524;6524;Population 5600;5600;sample_6524;4080;0.0062264673287332276
6525;6525;Population 5600;5600;sample_6525;4085;0.017528478793831594
6526;6526;Population 5600;5600;sample_6526;4090;-0.002594947120241488
6527;6527;Population 5600;5600;sample_6527;4095;0.0060792053093284395
6528;6528;Population 5600;5600;sample_6528;4100;9.692043973516184e-05
6529;6529;Population 5600;5600;sample_6529;4105;0.0023578325619326343
6530;6530;Population 5600;5600;sample_6530;4110;-0.009476711691348616
6531;6531;Population 5600;5600;sample_6531;4115;0.017725230960235015
6532;6532;Population 5600;5600;sample_6532;4120;-0.003722465747257115
6533;6533;Population 5600;5600;sample_6533;4125;0.007381627993767307
6534;6534;Population 5600;5600;sample_6534;4130;0.009433387081456326
6535;6535;Population 5600;5600;sample_6535;4135;0.012690815572753892
6536;6536;Population 5600;5600;sample_6536;4140;0.009494160477785523
6537;6537;Population 5600;5600;sample_6537;4145;0.0013598004469266727
6538;6538;Population 5600;5600;sample_6538;4150;0.01288924604552108
6539;6539;Population 5600;5600;sample_6539;4155;-0.024164740711594263
6540;6540;Population 5600;5600;sample_6540;4160;-0.004413012360335043
6541;6541;Population 5600;5600;sample_6541;4165;0.008077804214713045
6542;6542;Population 5600;5600;sample_6542;4170;0.00622768710641005
6543;6543;Population 5600;5600;sample_6543;4175;-0.0043147054734063665
6544;6544;Population 5600;5600;sample_6544;4180;-0.0014858274189519757
6545;6545;Population 5600;5600;sample_6545;4185;0.02270906548300249
6546;6546;Population 5600;5600;sample_6546;4190;0.011895441466615047
6547;6547;Population 5600;5600;sample_6547;4195;0.01061270128636193
6548;6548;Population 5600;5600;sample_6548;4200;0.014112383537489209
6549;6549;Population 5600;5600;sample_6549;4205;-0.0023711160779683813
6550;6550;Population 5600;5600;sample_6550;4210;0.010354716651578779
6551;6551;Population 5600;5600;sample_6551;4215;0.016595971714344716
6552;6552;Population 5600;5600;sample_6552;4220;0.012747418040343142
6553;6553;Population 5600;5600;sample_6553;4225;-0.013234566071204351
6554;6554;Population 5600;5600;sample_6554;4230;-7.095549439118126e-05
6555;6555;Population 5600;5600;sample_6555;4235;0.019152999824559935
6556;6556;Population 5600;5600;sample_6556;4240;-0.006385886079275232
6557;6557;Population 5600;5600;sample_6557;4245;-0.004606638048638305
6558;6558;Population 5600;5600;sample_6558;4250;0.004940532283387097
6559;6559;Population 5600;5600;sample_6559;4255;0.007718518051127228
6560;6560;Population 5600;5600;sample_6560;4260;-0.00437320455299073
6561;6561;Population 5600;5600;sample_6561;4265;0.010462671361049827
6562;6562;Population 5600;5600;sample_6562;4270;0.0006177426589101456
6563;6563;Population 5600;5600;sample_6563;4275;-0.0018591229472019169
6564;6564;Population 5600;5600;sample_6564;4280;-0.00042731741496731
6565;6565;Population 5600;5600;sample_6565;4285;-0.0005894989923945271
6566;6566;Population 5600;5600;sample_6566;4290;0.0106423456523609
6567;6567;Population 5600;5600;sample_6567;4295;-0.014994870504395007
6568;6568;Population 5600;5600;sample_6568;4300;-0.001471448763780375
6569;6569;Population 5600;5600;sample_6569;4305;-0.0030056680095707604
6570;6570;Population 5600;5600;sample_6570;4310;0.006505381344547032
6571;6571;Population 5600;5600;sample_6571;4315;-0.005456688474222673
6572;6572;Population 5600;5600;sample_6572;4320;0.005140738092726154
6573;6573;Population 5600;5600;sample_6573;4325;0.0021993276877439938
6574;6574;Population 5600;5600;sample_6574;4330;-0.0006194220955638296
6575;6575;Population 5600;5600;sample_6575;4335;0.008452933924166321
6576;6576;Population 5600;5600;sample_6576;4340;-0.0017695829707326646
6577;6577;Population 5600;5600;sample_6577;4345;-0.0022488770879292384
6578;6578;Population 5600;5600;sample_6578;4350;0.0028834002037307137
6579;6579;Population 5600;5600;sample_6579;4355;0.008390964310172944
6580;6580;Population 5600;5600;sample_6580;4360;0.01548195834897236
6581;6581;Population 5600;5600;sample_6581;4365;0.005560294456704265
6582;6582;Population 5600;5600;sample_6582;4370;0.009088078594082281
6583;6583;Population 5600;5600;sample_6583;4375;-0.003852859488151554
6584;6584;Population 5600;5600;sample_6584;4380;0.006059088628143988
6585;6585;Population 5600;5600;sample_6585;4385;-0.0017846087184978385
6586;6586;Population 5600;5600;sample_6586;4390;0.007955532552208149
6587;6587;Population 5600;5600;sample_6587;4395;-0.007569589945022811
6588;6588;Population 5600;5600;sample_6588;4400;0.002335749738675988
6589;6589;Population 5600;5600;sample_6589;4405;0.008435544180598548
6590;6590;Population 5600;5600;sample_6590;4410;-0.004754411495042096
6591;6591;Population 5600;5600;sample_6591;4415;0.012233008585625739
6592;6592;Population 5600;5600;sample_6592;4420;0.009034722476127126
6593;6593;Population 5600;5600;sample_6593;4425;0.014365119840254785
6594;6594;Population 5600;5600;sample_6594;4430;0.011025138825963909
6595;6595;Population 5600;5600;sample_6595;4435;-0.002259837227077114
6596;6596;Population 5600;5600;sample_6596;4440;-0.005612641541141742
6597;6597;Population 5600;5600;sample_6597;4445;0.006577199667987959
6598;6598;Population 5600;5600;sample_6598;4450;0.024249106963212273
6599;6599;Population 5600;5600;sample_6599;4455;0.014556302602157147
6600;6600;Population 5600;5600;sample_6600;4460;-0.004715839083973989
6601;6601;Population 5600;5600;sample_6601;4465;0.015803600839109866
6602;6602;Population 5600;5600;sample_6602;4470;-0.006111524090283578
6603;6603;Population 5600;5600;sample_6603;4475;0.009352120306727225
6604;6604;Population 5600;5600;sample_6604;4480;0.006580986114117986
6605;6605;Population 5600;5600;sample_6605;4485;0.00653080774896752
6606;6606;Population 5600;5600;sample_6606;4490;0.0022466702923462814
6607;6607;Population 5600;5600;sample_6607;4495;-0.0010023653144502172
6608;6608;Population 5600;5600;sample_6608;4500;-0.007801931079957337
6609;6609;Population 5600;5600;sample_6609;4505;0.004664189434738645
6610;6610;Population 5600;5600;sample_6610;4510;0.0047163775241157455
6611;6611;Population 5600;5600;sample_6611;4515;0.0036714931135937703
6612;6612;Population 5600;5600;sample_6612;4520;0.01328143978370117
6613;6613;Population 5600;5600;sample_6613;4525;0.007719718567472547
6614;6614;Population 5600;5600;sample_6614;4530;-0.002438666251701942
6615;6615;Population 5600;5600;sample_6615;4535;0.014686163634290782
6616;6616;Population 5600;5600;sample_6616;4540;0.007708891945701046
6617;6617;Population 5600;5600;sample_6617;4545;0.009702902019135195
6618;6618;Population 5600;5600;sample_6618;4550;-0.00283326485718767
6619;6619;Population 5600;5600;sample_6619;4555;0.0010815583974972973
6620;6620;Population 5600;5600;sample_6620;4560;-0.0017217488054989132
6621;6621;Population 5600;5600;sample_6621;4565;0.017574416235154138
6622;6622;Population 5600;5600;sample_6622;4570;-0.000463999872315514
6623;6623;Population 5600;5600;sample_6623;4575;-0.011593178065046247
6624;6624;Population 5600;5600;sample_6624;4580;0.020771434792378866
6625;6625;Population 5600;5600;sample_6625;4585;-0.003939980710691988
6626;6626;Population 5600;5600;sample_6626;4590;0.0054160697809275135
6627;6627;Population 5600;5600;sample_6627;4595;0.008821935544279177
6628;6628;Population 5600;5600;sample_6628;4600;-0.000737132553615223
6629;6629;Population 5600;5600;sample_6629;4605;-0.0025441504199658032
6630;6630;Population 5600;5600;sample_6630;4610;-0.004462163509617845
6631;6631;Population 5600;5600;sample_6631;4615;0.004471332855687226
6632;6632;Population 5600;5600;sample_6632;4620;0.016475518947414145
6633;6633;Population 5600;5600;sample_6633;4625;0.012914887744262598
6634;6634;Population 5600;5600;sample_6634;4630;0.0010578321472009228
6635;6635;Population 5600;5600;sample_6635;4635;0.0015566628328914337
6636;6636;Population 5600;5600;sample_6636;4640;-0.008889382630648684
6637;6637;Population 5600;5600;sample_6637;4645;0.004455861206280306
6638;6638;Population 5600;5600;sample_6638;4650;0.007621607702022637
6639;6639;Population 5600;5600;sample_6639;4655;-7.91278720697184e-05
6640;6640;Population 5600;5600;sample_6640;4660;-0.0025198753688791017
6641;6641;Population 5600;5600;sample_6641;4665;-0.012632492521960144
6642;6642;Population 5600;5600;sample_6642;4670;0.00427503667168542
6643;6643;Population 5600;5600;sample_6643;4675;-0.012856977898444095
6644;6644;Population 5600;5600;sample_6644;4680;0.0018408954567803175
6645;6645;Population 5600;5600;sample_6645;4685;0.0003938029918715029
6646;6646;Population 5600;5600;sample_6646;4690;0.008962088141381124
6647;6647;Population 5600;5600;sample_6647;4695;0.003747742194208644
6648;6648;Population 5600;5600;sample_6648;4700;-0.007390628915177712
6649;6649;Population 5600;5600;sample_6649;4705;0.0005444586422888566
6650;6650;Population 5600;5600;sample_6650;4710;0.007271319896608951
6651;6651;Population 5600;5600;sample_6651;4715;-0.005775849931636318
6652;6652;Population 5600;5600;sample_6652;4720;0.017003561805822243
6653;6653;Population 5600;5600;sample_6653;4725;0.021288063330838804
6654;6654;Population 5600;5600;sample_6654;4730;0.0024133243306902865
6655;6655;Population 5600;5600;sample_6655;4735;0.004100492519611233
6656;6656;Population 5600;5600;sample_6656;4740;-0.0015032690640789878
6657;6657;Population 5600;5600;sample_6657;4745;0.007720814041401745
6658;6658;Population 5600;5600;sample_6658;4750;-0.0038807867173614244
6659;6659;Population 5600;5600;sample_6659;4755;0.012196571283794038
6660;6660;Population 5600;5600;sample_6660;4760;0.012387538187469335
6661;6661;Population 5600;5600;sample_6661;4765;0.009659643109632812
6662;6662;Population 5600;5600;sample_6662;4770;0.005055864447774671
6663;6663;Population 5600;5600;sample_6663;4775;-0.019038602120130872
6664;6664;Population 5600;5600;sample_6664;4780;0.004039040764923035
6665;6665;Population 5600;5600;sample_6665;4785;-0.0010485013460670536
6666;6666;Population 5600;5600;sample_6666;4790;0.0039025949495085045
6667;6667;Population 5600;5600;sample_6667;4795;0.003997857827436246
6668;6668;Population 5600;5600;sample_6668;4800;0.015017482808648114
6669;6669;Population 5600;5600;sample_6669;4805;-0.00035294959730439174
6670;6670;Population 5600;5600;sample_6670;4810;0.0019016257762824527
6671;6671;Population 5600;5600;sample_6671;4815;-0.0013512441913750824
6672;6672;Population 5600;5600;sample_6672;4820;0.00781654800391488
6673;6673;Population 5600;5600;sample_6673;4825;0.007645513603438855
6674;6674;Population 5600;5600;sample_6674;4830;0.006400977015523549
6675;6675;Population 5600;5600;sample_6675;4835;0.004105750614839874
6676;6676;Population 5600;5600;sample_6676;4840;0.0037809067893398397
6677;6677;Population 5600;5600;sample_6677;4845;0.01033329598523972
6678;6678;Population 5600;5600;sample_6678;4850;-0.0025239258654023225
6679;6679;Population 5600;5600;sample_6679;4855;0.00906478427801807
6680;6680;Population 5600;5600;sample_6680;4860;0.010674987777936393
6681;6681;Population 5600;5600;sample_6681;4865;0.0036914474375327787
6682;6682;Population 5600;5600;sample_6682;4870;-0.0048744744667802
6683;6683;Population 5600;5600;sample_6683;4875;0.006960032306083477
6684;6684;Population 5600;5600;sample_6684;4880;0.0001527044866575855
6685;6685;Population 5600;5600;sample_6685;4885;-0.0003243981322126259
6686;6686;Population 5600;5600;sample_6686;4890;0.003851197721929874
6687;6687;Population 5600;5600;sample_6687;4895;0.0074387507192645004
6688;6688;Population 5600;5600;sample_6688;4900;-0.0024379669174945107
6689;6689;Population 5600;5600;sample_6689;4905;0.004004190335530566
6690;6690;Population 5600;5600;sample_6690;4910;-0.012674314383682264
6691;6691;Population 5600;5600;sample_6691;4915;0.00851627846821982
6692;6692;Population 5600;5600;sample_6692;4920;0.002822501299511076
6693;6693;Population 5600;5600;sample_6693;4925;0.008543436798341044
6694;6694;Population 5600;5600;sample_6694;4930;0.007503551629692944
6695;6695;Population 5600;5600;sample_6695;4935;0.006003768557086059
6696;6696;Population 5600;5600;sample_6696;4940;0.009306968364920447
6697;6697;Population 5600;5600;sample_6697;4945;-0.004135813677459921
6698;6698;Population 5600;5600;sample_6698;4950;0.017117969707536523
6699;6699;Population 5600;5600;sample_6699;4955;0.008671078125626237
6700;6700;Population 5600;5600;sample_6700;4960;0.010366322788789462
6701;6701;Population 5600;5600;sample_6701;4965;-0.005212636607441488
6702;6702;Population 5600;5600;sample_6702;4970;0.010113000338693825
6703;6703;Population 5600;5600;sample_6703;4975;0.010838966457581452
6704;6704;Population 5600;5600;sample_6704;4980;-0.0002915617531643365
6705;6705;Population 5600;5600;sample_6705;4985;-0.003282520355624929
6706;6706;Population 5600;5600;sample_6706;4990;0.009308614086327804
6707;6707;Population 5600;5600;sample_6707;4995;-0.010327942227321016
6708;6708;Population 5600;5600;sample_6708;5000;0.0035167905131940217
6709;6709;Population 5600;5600;sample_6709;5005;-0.005714136822670879
6710;6710;Population 5600;5600;sample_6710;5010;0.0023465781228758907
6711;6711;Population 5600;5600;sample_6711;5015;-0.002690904012609003
6712;6712;Population 5600;5600;sample_6712;5020;0.007266991038097574
6713;6713;Population 5600;5600;sample_6713;5025;-0.0005885956443921841
6714;6714;Population 5600;5600;sample_6714;5030;-0.0006735434853093142
6715;6715;Population 5600;5600;sample_6715;5035;-0.0035144753535578366
6716;6716;Population 5600;5600;sample_6716;5040;0.014939387631602371
6717;6717;Population 5600;5600;sample_6717;5045;0.004638126055141014
6718;6718;Population 5600;5600;sample_6718;5050;0.008069028245305965
6719;6719;Population 5600;5600;sample_6719;5055;0.00476998227281332
6720;6720;Population 5600;5600;sample_6720;5060;0.010386516389339354
6721;6721;Population 5600;5600;sample_6721;5065;-0.004148823103504484
6722;6722;Population 5600;5600;sample_6722;5070;-0.00010653378667101903
6723;6723;Population 5600;5600;sample_6723;5075;0.004745844928534246
6724;6724;Population 5600;5600;sample_6724;5080;0.0036176548028807667
6725;6725;Population 5600;5600;sample_6725;5085;0.004120680430082273
6726;6726;Population 5600;5600;sample_6726;5090;0.011643192586038511
6727;6727;Population 5600;5600;sample_6727;5095;0.010034043803815035
6728;6728;Population 5600;5600;sample_6728;5100;0.0016979108116755158
6729;6729;Population 5600;5600;sample_6729;5105;0.004786771781958837
6730;6730;Population 5600;5600;sample_6730;5110;0.0018374585985414724
6731;6731;Population 5600;5600;sample_6731;5115;0.016438535147294146
6732;6732;Population 5600;5600;sample_6732;5120;-0.0009137782544663034
6733;6733;Population 5600;5600;sample_6733;5125;0.0007934746891107287
6734;6734;Population 5600;5600;sample_6734;5130;0.00388838018886128
6735;6735;Population 5600;5600;sample_6735;5135;0.002672490988251224
6736;6736;Population 5600;5600;sample_6736;5140;0.016743620598833664
6737;6737;Population 5600;5600;sample_6737;5145;0.011281803324947565
6738;6738;Population 5600;5600;sample_6738;5150;0.005165012488158146
6739;6739;Population 5600;5600;sample_6739;5155;-0.0026545466652811004
6740;6740;Population 5600;5600;sample_6740;5160;0.003858486803052456
6741;6741;Population 5600;5600;sample_6741;5165;-0.002998223963411627
6742;6742;Population 5600;5600;sample_6742;5170;0.0012273323876666265
6743;6743;Population 5600;5600;sample_6743;5175;0.008950835723803426
6744;6744;Population 5600;5600;sample_6744;5180;0.0024800228198700075
6745;6745;Population 5600;5600;sample_6745;5185;0.0053477327911802906
6746;6746;Population 5600;5600;sample_6746;5190;0.0018787487566041805
6747;6747;Population 5600;5600;sample_6747;5195;0.005073664820478944
6748;6748;Population 5600;5600;sample_6748;5200;0.0043143256370259
6749;6749;Population 5600;5600;sample_6749;5205;8.802725411765703e-05
6750;6750;Population 5600;5600;sample_6750;5210;0.007278999925189422
6751;6751;Population 5600;5600;sample_6751;5215;0.0024709607969296307
6752;6752;Population 5600;5600;sample_6752;5220;0.010785800871867311
6753;6753;Population 5600;5600;sample_6753;5225;0.004303285176680602
6754;6754;Population 5600;5600;sample_6754;5230;0.0032564939547063236
6755;6755;Population 5600;5600;sample_6755;5235;0.003974534855172359
6756;6756;Population 5600;5600;sample_6756;5240;0.00562920233274753
6757;6757;Population 5600;5600;sample_6757;5245;0.014093947819821278
6758;6758;Population 5600;5600;sample_6758;5250;0.005211851505604994
6759;6759;Population 5600;5600;sample_6759;5255;0.007315866280720125
6760;6760;Population 5600;5600;sample_6760;5260;-0.0015697854951783271
6761;6761;Population 5600;5600;sample_6761;5265;-0.001176704289062936
6762;6762;Population 5600;5600;sample_6762;5270;0.008935487175720219
6763;6763;Population 5600;5600;sample_6763;5275;0.004265421233029238
6764;6764;Population 5600;5600;sample_6764;5280;-0.0018127664809345888
6765;6765;Population 5600;5600;sample_6765;5285;0.012119534000950416
6766;6766;Population 5600;5600;sample_6766;5290;-0.0010513895221210387
6767;6767;Population 5600;5600;sample_6767;5295;0.007694756708083924
6768;6768;Population 5600;5600;sample_6768;5300;0.007636975239182623
6769;6769;Population 5600;5600;sample_6769;5305;-0.0019681283827691623
6770;6770;Population 5600;5600;sample_6770;5310;0.0012685703907451104
6771;6771;Population 5600;5600;sample_6771;5315;-0.0003082054501492747
6772;6772;Population 5600;5600;sample_6772;5320;-0.005699758379220884
6773;6773;Population 5600;5600;sample_6773;5325;0.012780407721356137
6774;6774;Population 5600;5600;sample_6774;5330;0.0027199480272914103
6775;6775;Population 5600;5600;sample_6775;5335;0.006826823897427383
6776;6776;Population 5600;5600;sample_6776;5340;0.008936702853343312
6777;6777;Population 5600;5600;sample_6777;5345;0.0019181209721325098
6778;6778;Population 5600;5600;sample_6778;5350;0.006838829806779069
6779;6779;Population 5600;5600;sample_6779;5355;0.000891252194291352
6780;6780;Population 5600;5600;sample_6780;5360;0.005070898013958971
6781;6781;Population 5600;5600;sample_6781;5365;0.007697139791907901
6782;6782;Population 5600;5600;sample_6782;5370;0.004314535711929915
6783;6783;Population 5600;5600;sample_6783;5375;0.013333985765904624
6784;6784;Population 5600;5600;sample_6784;5380;0.005289830286053523
6785;6785;Population 5600;5600;sample_6785;5385;0.0021554906324502644
6786;6786;Population 5600;5600;sample_6786;5390;0.007978843133795413
6787;6787;Population 5600;5600;sample_6787;5395;0.010746146068156971
6788;6788;Population 5600;5600;sample_6788;5400;0.001380642926458072
6789;6789;Population 5600;5600;sample_6789;5405;0.009224888733947514
6790;6790;Population 5600;5600;sample_6790;5410;0.006753027741810862
6791;6791;Population 5600;5600;sample_6791;5415;0.006641916312516076
6792;6792;Population 5600;5600;sample_6792;5420;0.007040992768297079
6793;6793;Population 5600;5600;sample_6793;5425;0.0018977966565045092
6794;6794;Population 5600;5600;sample_6794;5430;-9.604094880457814e-05
6795;6795;Population 5600;5600;sample_6795;5435;0.001712098674305107
6796;6796;Population 5600;5600;sample_6796;5440;0.002171219226585953
6797;6797;Population 5600;5600;sample_6797;5445;0.007571171996271326
6798;6798;Population 5600;5600;sample_6798;5450;0.0038968550078181054
6799;6799;Population 5600;5600;sample_6799;5455;0.0024109116686904654
6800;6800;Population 5600;5600;sample_6800;5460;0.009551284866005106
6801;6801;Population 5600;5600;sample_6801;5465;0.004331728960169427
6802;6802;Population 5600;5600;sample_6802;5470;0.0027247648430436637
6803;6803;Population 5600;5600;sample_6803;5475;0.001509019816475674
6804;6804;Population 5600;5600;sample_6804;5480;0.0022764188001170144
6805;6805;Population 5600;5600;sample_6805;5485;0.007331567889949255
6806;6806;Population 5600;5600;sample_6806;5490;0.00042026108467426636
6807;6807;Population 5600;5600;sample_6807;5495;0.003918959735906997
6808;6808;Population 5600;5600;sample_6808;5500;0.0074690125504084
6809;6809;Population 5600;5600;sample_6809;5505;0.0006384752338583061
6810;6810;Population 5600;5600;sample_6810;5510;0.006017076910393161
6811;6811;Population 5600;5600;sample_6811;5515;-0.00030098562957018665
6812;6812;Population 5600;5600;sample_6812;5520;0.0018101012276009849
6813;6813;Population 5600;5600;sample_6813;5525;0.0015476663094532435
6814;6814;Population 5600;5600;sample_6814;5530;0.003688179450904385
6815;6815;Population 5600;5600;sample_6815;5535;0.005304666878622118
6816;6816;Population 5600;5600;sample_6816;5540;0.0097648443579917
6817;6817;Population 5600;5600;sample_6817;5545;0.0034001751613427383
6818;6818;Population 5600;5600;sample_6818;5550;0.0011488829809489223
6819;6819;Population 5600;5600;sample_6819;5555;0.009397678494607358
6820;6820;Population 5600;5600;sample_6820;5560;0.006509755854899621
6821;6821;Population 5600;5600;sample_6821;5565;0.00473643725664789
6822;6822;Population 5600;5600;sample_6822;5570;0.005056386900572271
6823;6823;Population 5600;5600;sample_6823;5575;0.005667021016544972
6824;6824;Population 5600;5600;sample_6824;5580;-0.0034562933617209167
6825;6825;Population 5600;5600;sample_6825;5585;0.01241236878795232
6826;6826;Population 5600;5600;sample_6826;5590;0.009107978959584267
6827;6827;Population 5600;5600;sample_6827;5595;0.0035001016780984964
