;rank;population_name;population_size;sample_name;sample_size;sample_mean
0;0;Population 100;100;sample_0;5;0.4412947184625245
1;1;Population 100;100;sample_1;10;0.5841727332859314
2;2;Population 100;100;sample_2;15;-0.003945477504427553
3;3;Population 100;100;sample_3;20;-0.18655278580330398
4;4;Population 100;100;sample_4;25;0.020457280060502417
5;5;Population 100;100;sample_5;30;-0.015642788757980794
6;6;Population 100;100;sample_6;35;-0.03273648832890422
7;7;Population 100;100;sample_7;40;-0.019534157615429405
8;8;Population 100;100;sample_8;45;-0.012801754907262418
9;9;Population 100;100;sample_9;50;-0.14663021140427784
10;10;Population 100;100;sample_10;55;0.07115783143134823
11;11;Population 100;100;sample_11;60;0.1136672502089913
12;12;Population 100;100;sample_12;65;-0.07656771713033024
13;13;Population 100;100;sample_13;70;0.11287340360226578
14;14;Population 100;100;sample_14;75;0.04873756352521077
15;15;Population 100;100;sample_15;80;0.15113918335012477
16;16;Population 100;100;sample_16;85;0.18401348970428544
17;17;Population 100;100;sample_17;90;0.03658388478927489
18;18;Population 100;100;sample_18;95;-0.10231397518662559
19;19;Population 600;600;sample_19;5;0.12109205223793418
20;20;Population 600;600;sample_20;10;-0.03194689106852646
21;21;Population 600;600;sample_21;15;-0.148092894936147
22;22;Population 600;600;sample_22;20;-0.013286771210385708
23;23;Population 600;600;sample_23;25;0.02927664350189463
24;24;Population 600;600;sample_24;30;0.17008549354783742
25;25;Population 600;600;sample_25;35;-0.06700729886234222
26;26;Population 600;600;sample_26;40;0.07704311481323362
27;27;Population 600;600;sample_27;45;-0.04793266011307457
28;28;Population 600;600;sample_28;50;0.09636974869852928
29;29;Population 600;600;sample_29;55;-0.045522105679571725
30;30;Population 600;600;sample_30;60;0.03349684553582087
31;31;Population 600;600;sample_31;65;0.23272347751887157
32;32;Population 600;600;sample_32;70;0.1418261010233173
33;33;Population 600;600;sample_33;75;0.1703929064823346
34;34;Population 600;600;sample_34;80;-0.2675491403836922
35;35;Population 600;600;sample_35;85;0.0481140917593852
36;36;Population 600;600;sample_36;90;-0.011747777078220285
37;37;Population 600;600;sample_37;95;-0.19321216526374962
38;38;Population 600;600;sample_38;100;0.20715634603458558
39;39;Population 600;600;sample_39;105;0.11345840519634433
40;40;Population 600;600;sample_40;110;-0.03318097504615135
41;41;Population 600;600;sample_41;115;-0.003317194401836409
42;42;Population 600;600;sample_42;120;-0.04420199162825952
43;43;Population 600;600;sample_43;125;0.04291104320729855
44;44;Population 600;600;sample_44;130;-0.019662495336027687
45;45;Population 600;600;sample_45;135;0.0013774118985931095
46;46;Population 600;600;sample_46;140;-0.14377096284734509
47;47;Population 600;600;sample_47;145;-0.08481253666755748
48;48;Population 600;600;sample_48;150;0.1252661975932098
49;49;Population 600;600;sample_49;155;-0.022615029030918346
50;50;Population 600;600;sample_50;160;0.10250999354163212
51;51;Population 600;600;sample_51;165;0.12440455438076643
52;52;Population 600;600;sample_52;170;-0.048934903997032896
53;53;Population 600;600;sample_53;175;0.05204517201604526
54;54;Population 600;600;sample_54;180;0.0008148220477768457
55;55;Population 600;600;sample_55;185;0.015248228734401466
56;56;Population 600;600;sample_56;190;-0.14359479525012903
57;57;Population 600;600;sample_57;195;0.10149205463394971
58;58;Population 600;600;sample_58;200;-0.0023461481248434946
59;59;Population 600;600;sample_59;205;0.16923846985827687
60;60;Population 600;600;sample_60;210;-0.016671354982637276
61;61;Population 600;600;sample_61;215;0.03481603091853424
62;62;Population 600;600;sample_62;220;0.05587430323436042
63;63;Population 600;600;sample_63;225;0.01564386733627267
64;64;Population 600;600;sample_64;230;-0.044486050248240004
65;65;Population 600;600;sample_65;235;-0.06026444546041821
66;66;Population 600;600;sample_66;240;0.09143656232379241
67;67;Population 600;600;sample_67;245;0.05004580112267566
68;68;Population 600;600;sample_68;250;0.023321711812784706
69;69;Population 600;600;sample_69;255;-0.05882009820783897
70;70;Population 600;600;sample_70;260;0.051073514685889505
71;71;Population 600;600;sample_71;265;-0.002720954413797381
72;72;Population 600;600;sample_72;270;-0.0776795655324446
73;73;Population 600;600;sample_73;275;0.014459856520978436
74;74;Population 600;600;sample_74;280;0.06564265802580353
75;75;Population 600;600;sample_75;285;-0.05179186434607531
76;76;Population 600;600;sample_76;290;0.034184196013911775
77;77;Population 600;600;sample_77;295;0.0546893086881415
78;78;Population 600;600;sample_78;300;0.01161091957209283
79;79;Population 600;600;sample_79;305;0.03833350094230954
80;80;Population 600;600;sample_80;310;0.011319028232870353
81;81;Population 600;600;sample_81;315;-0.08041038753354664
82;82;Population 600;600;sample_82;320;-0.004318486176650355
83;83;Population 600;600;sample_83;325;-0.006252805897561026
84;84;Population 600;600;sample_84;330;0.017846621810823523
85;85;Population 600;600;sample_85;335;0.02694092707098923
86;86;Population 600;600;sample_86;340;0.05093846754848721
87;87;Population 600;600;sample_87;345;0.016277331175966626
88;88;Population 600;600;sample_88;350;0.07828667220445135
89;89;Population 600;600;sample_89;355;0.040670620101587215
90;90;Population 600;600;sample_90;360;0.01931832935620467
91;91;Population 600;600;sample_91;365;0.007855758606514558
92;92;Population 600;600;sample_92;370;-0.07431277888406657
93;93;Population 600;600;sample_93;375;0.05744803527535161
94;94;Population 600;600;sample_94;380;0.017680142780388458
95;95;Population 600;600;sample_95;385;-0.07327840659129871
96;96;Population 600;600;sample_96;390;0.020377044564210932
97;97;Population 600;600;sample_97;395;-0.00011731461113267682
98;98;Population 600;600;sample_98;400;0.029808284496275244
99;99;Population 600;600;sample_99;405;0.003238024284456202
100;100;Population 600;600;sample_100;410;-0.10238170750788127
101;101;Population 600;600;sample_101;415;0.08696530353627496
102;102;Population 600;600;sample_102;420;-0.016429310150186994
103;103;Population 600;600;sample_103;425;-0.012050431158759388
104;104;Population 600;600;sample_104;430;-0.034233328904924934
105;105;Population 600;600;sample_105;435;-0.025685098544445277
106;106;Population 600;600;sample_106;440;0.004790025704125476
107;107;Population 600;600;sample_107;445;0.04894915532180254
108;108;Population 600;600;sample_108;450;0.026715265562959233
109;109;Population 600;600;sample_109;455;-0.0026117702528696083
110;110;Population 600;600;sample_110;460;-0.051275365254386855
111;111;Population 600;600;sample_111;465;-0.06305372324675275
112;112;Population 600;600;sample_112;470;0.029616704410372553
113;113;Population 600;600;sample_113;475;0.04952754181521211
114;114;Population 600;600;sample_114;480;0.030061213305438792
115;115;Population 600;600;sample_115;485;0.08492303312026625
116;116;Population 600;600;sample_116;490;0.06420372515072463
117;117;Population 600;600;sample_117;495;-0.019275236741151325
118;118;Population 600;600;sample_118;500;-0.004698722356550711
119;119;Population 600;600;sample_119;505;0.010237260936170335
120;120;Population 600;600;sample_120;510;0.10688126373878888
121;121;Population 600;600;sample_121;515;-0.03457655168943352
122;122;Population 600;600;sample_122;520;-0.03351576295659036
123;123;Population 600;600;sample_123;525;0.01826353444027843
124;124;Population 600;600;sample_124;530;0.016752632193351966
125;125;Population 600;600;sample_125;535;-0.00540570115837012
126;126;Population 600;600;sample_126;540;-0.003120942981181632
127;127;Population 600;600;sample_127;545;-0.044621894138856866
128;128;Population 600;600;sample_128;550;-0.012657356087382493
129;129;Population 600;600;sample_129;555;0.047812274536154074
130;130;Population 600;600;sample_130;560;-0.01902738052675745
131;131;Population 600;600;sample_131;565;0.0014076394816077069
132;132;Population 600;600;sample_132;570;9.72446204836374e-05
133;133;Population 600;600;sample_133;575;-0.0434791174970851
134;134;Population 600;600;sample_134;580;-0.03714373615121246
135;135;Population 600;600;sample_135;585;-0.013189763825944834
136;136;Population 600;600;sample_136;590;-0.01955446904667127
137;137;Population 600;600;sample_137;595;-0.09712352486045515
138;138;Population 1100;1100;sample_138;5;-0.7155840964333285
139;139;Population 1100;1100;sample_139;10;-0.04591296843569984
140;140;Population 1100;1100;sample_140;15;0.2364779255447109
141;141;Population 1100;1100;sample_141;20;0.028083649669804485
142;142;Population 1100;1100;sample_142;25;-0.2517609255067226
143;143;Population 1100;1100;sample_143;30;-0.05626068087398197
144;144;Population 1100;1100;sample_144;35;0.45358901606426827
145;145;Population 1100;1100;sample_145;40;0.12326868908920799
146;146;Population 1100;1100;sample_146;45;-0.015040426388830635
147;147;Population 1100;1100;sample_147;50;-0.03919935398088899
148;148;Population 1100;1100;sample_148;55;0.18965182739806838
149;149;Population 1100;1100;sample_149;60;-0.030857659881815484
150;150;Population 1100;1100;sample_150;65;-0.0851620453412642
151;151;Population 1100;1100;sample_151;70;-0.003933838797500834
152;152;Population 1100;1100;sample_152;75;-0.14618002764741234
153;153;Population 1100;1100;sample_153;80;-0.09638505656832275
154;154;Population 1100;1100;sample_154;85;0.057485786185730754
155;155;Population 1100;1100;sample_155;90;-0.1033065161381108
156;156;Population 1100;1100;sample_156;95;0.15570401071503648
157;157;Population 1100;1100;sample_157;100;0.038976632512428735
158;158;Population 1100;1100;sample_158;105;0.023750645995292703
159;159;Population 1100;1100;sample_159;110;0.03376935548076557
160;160;Population 1100;1100;sample_160;115;-0.14034185556492312
161;161;Population 1100;1100;sample_161;120;-0.019747613079881397
162;162;Population 1100;1100;sample_162;125;-0.024152539094885576
163;163;Population 1100;1100;sample_163;130;0.16586333357509986
164;164;Population 1100;1100;sample_164;135;-0.16694791234818301
165;165;Population 1100;1100;sample_165;140;-0.010705941381094175
166;166;Population 1100;1100;sample_166;145;0.042505157905716684
167;167;Population 1100;1100;sample_167;150;-0.10413064506218618
168;168;Population 1100;1100;sample_168;155;-0.06954008490700016
169;169;Population 1100;1100;sample_169;160;-0.07824289838829321
170;170;Population 1100;1100;sample_170;165;-0.042995579181431064
171;171;Population 1100;1100;sample_171;170;0.09415661488723368
172;172;Population 1100;1100;sample_172;175;-0.09614481857357723
173;173;Population 1100;1100;sample_173;180;-0.006660417714609481
174;174;Population 1100;1100;sample_174;185;0.044422929127124755
175;175;Population 1100;1100;sample_175;190;-0.09866729398869764
176;176;Population 1100;1100;sample_176;195;-0.02315786564226121
177;177;Population 1100;1100;sample_177;200;-0.12110494948939224
178;178;Population 1100;1100;sample_178;205;0.05438467253885537
179;179;Population 1100;1100;sample_179;210;-0.032751017805816615
180;180;Population 1100;1100;sample_180;215;0.04489478094201844
181;181;Population 1100;1100;sample_181;220;-0.08171183882750306
182;182;Population 1100;1100;sample_182;225;0.008862895290581534
183;183;Population 1100;1100;sample_183;230;0.027125018246474297
184;184;Population 1100;1100;sample_184;235;-0.014886314484182863
185;185;Population 1100;1100;sample_185;240;0.03554949902216124
186;186;Population 1100;1100;sample_186;245;-0.0882216511377682
187;187;Population 1100;1100;sample_187;250;0.030959237311791114
188;188;Population 1100;1100;sample_188;255;-0.00844092589454076
189;189;Population 1100;1100;sample_189;260;0.1066758564100343
190;190;Population 1100;1100;sample_190;265;0.007469132761158693
191;191;Population 1100;1100;sample_191;270;0.00017708185646044775
192;192;Population 1100;1100;sample_192;275;0.01263590925385748
193;193;Population 1100;1100;sample_193;280;0.060964496726817405
194;194;Population 1100;1100;sample_194;285;-0.0736715696326442
195;195;Population 1100;1100;sample_195;290;0.09794648670368229
196;196;Population 1100;1100;sample_196;295;-0.01920464039528187
197;197;Population 1100;1100;sample_197;300;-0.07448434535467346
198;198;Population 1100;1100;sample_198;305;0.07464297190261351
199;199;Population 1100;1100;sample_199;310;-0.05634927492483503
200;200;Population 1100;1100;sample_200;315;-0.07964652899641313
201;201;Population 1100;1100;sample_201;320;-0.007411465557564456
202;202;Population 1100;1100;sample_202;325;0.027429551833008447
203;203;Population 1100;1100;sample_203;330;-0.007431554587052074
204;204;Population 1100;1100;sample_204;335;-0.018732622769077386
205;205;Population 1100;1100;sample_205;340;0.06625346175452997
206;206;Population 1100;1100;sample_206;345;0.03971575062292189
207;207;Population 1100;1100;sample_207;350;-0.0748600233193291
208;208;Population 1100;1100;sample_208;355;-0.030224111366046948
209;209;Population 1100;1100;sample_209;360;-0.033402891251289174
210;210;Population 1100;1100;sample_210;365;0.024764132605195294
211;211;Population 1100;1100;sample_211;370;-0.053770217277743816
212;212;Population 1100;1100;sample_212;375;-0.014205437967408304
213;213;Population 1100;1100;sample_213;380;0.007766985811104163
214;214;Population 1100;1100;sample_214;385;-0.012577039329835293
215;215;Population 1100;1100;sample_215;390;0.002837717830360849
216;216;Population 1100;1100;sample_216;395;0.03459339868556196
217;217;Population 1100;1100;sample_217;400;0.012307418618042607
218;218;Population 1100;1100;sample_218;405;-0.009737221259819915
219;219;Population 1100;1100;sample_219;410;-0.02426742957342403
220;220;Population 1100;1100;sample_220;415;-0.05092241081407488
221;221;Population 1100;1100;sample_221;420;0.07745508312780928
222;222;Population 1100;1100;sample_222;425;-0.026043830180237156
223;223;Population 1100;1100;sample_223;430;-0.027461963559378605
224;224;Population 1100;1100;sample_224;435;-0.051584670451367255
225;225;Population 1100;1100;sample_225;440;0.0607769062459232
226;226;Population 1100;1100;sample_226;445;0.007440133106192121
227;227;Population 1100;1100;sample_227;450;0.011532211258127421
228;228;Population 1100;1100;sample_228;455;0.043400434150717815
229;229;Population 1100;1100;sample_229;460;-0.030317383892817643
230;230;Population 1100;1100;sample_230;465;-0.03679237081594226
231;231;Population 1100;1100;sample_231;470;-0.024907089975644732
232;232;Population 1100;1100;sample_232;475;0.021259227801662155
233;233;Population 1100;1100;sample_233;480;0.012073647348412157
234;234;Population 1100;1100;sample_234;485;-0.043598348929216525
235;235;Population 1100;1100;sample_235;490;0.010487021690890693
236;236;Population 1100;1100;sample_236;495;-0.04094935529136446
237;237;Population 1100;1100;sample_237;500;-0.06292386214332275
238;238;Population 1100;1100;sample_238;505;-0.03582798151015618
239;239;Population 1100;1100;sample_239;510;-0.05234826199694618
240;240;Population 1100;1100;sample_240;515;-0.033453100763360645
241;241;Population 1100;1100;sample_241;520;-0.04070622660800789
242;242;Population 1100;1100;sample_242;525;-0.014128154595673608
243;243;Population 1100;1100;sample_243;530;0.05005813595756545
244;244;Population 1100;1100;sample_244;535;0.0026443430338147014
245;245;Population 1100;1100;sample_245;540;0.03426466768417149
246;246;Population 1100;1100;sample_246;545;0.03125572868277901
247;247;Population 1100;1100;sample_247;550;0.028621896500429792
248;248;Population 1100;1100;sample_248;555;0.0010232156730289848
249;249;Population 1100;1100;sample_249;560;0.044767178574836954
250;250;Population 1100;1100;sample_250;565;0.003878900456387872
251;251;Population 1100;1100;sample_251;570;0.07305362155214735
252;252;Population 1100;1100;sample_252;575;0.0044968144184027205
253;253;Population 1100;1100;sample_253;580;0.0035376163922931463
254;254;Population 1100;1100;sample_254;585;-0.001615683473954937
255;255;Population 1100;1100;sample_255;590;0.007874873828427175
256;256;Population 1100;1100;sample_256;595;-0.04224773043891928
257;257;Population 1100;1100;sample_257;600;0.04958179565162036
258;258;Population 1100;1100;sample_258;605;-0.019204475425595426
259;259;Population 1100;1100;sample_259;610;-0.03226610058722852
260;260;Population 1100;1100;sample_260;615;-0.03403439384927269
261;261;Population 1100;1100;sample_261;620;-0.07758800574339657
262;262;Population 1100;1100;sample_262;625;-0.051493850182552696
263;263;Population 1100;1100;sample_263;630;-0.01217569110479489
264;264;Population 1100;1100;sample_264;635;0.045211821406717916
265;265;Population 1100;1100;sample_265;640;-0.008605972240513755
266;266;Population 1100;1100;sample_266;645;0.0075603396444676625
267;267;Population 1100;1100;sample_267;650;0.04342252330033281
268;268;Population 1100;1100;sample_268;655;0.024698620778879795
269;269;Population 1100;1100;sample_269;660;0.06122370958787789
270;270;Population 1100;1100;sample_270;665;0.004566924793367043
271;271;Population 1100;1100;sample_271;670;0.019375138185083695
272;272;Population 1100;1100;sample_272;675;-0.06590305802997144
273;273;Population 1100;1100;sample_273;680;-0.026237432666802535
274;274;Population 1100;1100;sample_274;685;-0.015282091905457354
275;275;Population 1100;1100;sample_275;690;-0.06878014304649145
276;276;Population 1100;1100;sample_276;695;-0.04307814722883539
277;277;Population 1100;1100;sample_277;700;-0.04566023921326265
278;278;Population 1100;1100;sample_278;705;-0.05667925132516215
279;279;Population 1100;1100;sample_279;710;0.048718416231884984
280;280;Population 1100;1100;sample_280;715;-0.014408153307032495
281;281;Population 1100;1100;sample_281;720;0.0038146134763300927
282;282;Population 1100;1100;sample_282;725;-0.028828423269659023
283;283;Population 1100;1100;sample_283;730;-0.011080089853089446
284;284;Population 1100;1100;sample_284;735;-0.03269345720481179
285;285;Population 1100;1100;sample_285;740;0.050530684760873384
286;286;Population 1100;1100;sample_286;745;-0.028100429855943458
287;287;Population 1100;1100;sample_287;750;0.015862891013650217
288;288;Population 1100;1100;sample_288;755;0.003973162918289198
289;289;Population 1100;1100;sample_289;760;-0.004491577862656621
290;290;Population 1100;1100;sample_290;765;-0.008194566033664556
291;291;Population 1100;1100;sample_291;770;-0.02364163809007203
292;292;Population 1100;1100;sample_292;775;0.00885055604483326
293;293;Population 1100;1100;sample_293;780;0.025634571366522297
294;294;Population 1100;1100;sample_294;785;-0.06375491794086281
295;295;Population 1100;1100;sample_295;790;0.029546456548038932
296;296;Population 1100;1100;sample_296;795;0.016857809365992456
297;297;Population 1100;1100;sample_297;800;-0.0034043696091023024
298;298;Population 1100;1100;sample_298;805;-0.03576814489684918
299;299;Population 1100;1100;sample_299;810;-0.05657107015802922
300;300;Population 1100;1100;sample_300;815;0.03117909472938575
301;301;Population 1100;1100;sample_301;820;-0.06691035236966943
302;302;Population 1100;1100;sample_302;825;0.005205202791303443
303;303;Population 1100;1100;sample_303;830;-0.02033714854654533
304;304;Population 1100;1100;sample_304;835;0.058406137128617475
305;305;Population 1100;1100;sample_305;840;0.0308327206811144
306;306;Population 1100;1100;sample_306;845;-0.05371898868256869
307;307;Population 1100;1100;sample_307;850;-0.013054270535863319
308;308;Population 1100;1100;sample_308;855;0.04204476133490173
309;309;Population 1100;1100;sample_309;860;-0.015354392442374628
310;310;Population 1100;1100;sample_310;865;-0.06813547474388087
311;311;Population 1100;1100;sample_311;870;-0.033488365428948896
312;312;Population 1100;1100;sample_312;875;-0.015136981813565872
313;313;Population 1100;1100;sample_313;880;-0.01891973987085237
314;314;Population 1100;1100;sample_314;885;0.003090659363238761
315;315;Population 1100;1100;sample_315;890;-0.006939345782389438
316;316;Population 1100;1100;sample_316;895;0.01150761933913465
317;317;Population 1100;1100;sample_317;900;-0.0044907854744213145
318;318;Population 1100;1100;sample_318;905;0.012604034435271819
319;319;Population 1100;1100;sample_319;910;-0.0005277206426042053
320;320;Population 1100;1100;sample_320;915;0.015273484362890747
321;321;Population 1100;1100;sample_321;920;0.023308422941205133
322;322;Population 1100;1100;sample_322;925;0.05510495483012502
323;323;Population 1100;1100;sample_323;930;-0.009247104302078306
324;324;Population 1100;1100;sample_324;935;-0.004947928694986071
325;325;Population 1100;1100;sample_325;940;-0.027778822173793998
326;326;Population 1100;1100;sample_326;945;0.009771674303904744
327;327;Population 1100;1100;sample_327;950;0.02429972183558559
328;328;Population 1100;1100;sample_328;955;-0.014919644995371371
329;329;Population 1100;1100;sample_329;960;-0.028706782967524543
330;330;Population 1100;1100;sample_330;965;0.035700235708035204
331;331;Population 1100;1100;sample_331;970;-0.01620839981220491
332;332;Population 1100;1100;sample_332;975;-0.02881146009597234
333;333;Population 1100;1100;sample_333;980;-0.0003426345485833508
334;334;Population 1100;1100;sample_334;985;0.02157171072033776
335;335;Population 1100;1100;sample_335;990;0.0039096531658064934
336;336;Population 1100;1100;sample_336;995;-0.04891437425616701
337;337;Population 1100;1100;sample_337;1000;-0.05077352372207115
338;338;Population 1100;1100;sample_338;1005;0.0014808315887076865
339;339;Population 1100;1100;sample_339;1010;-0.024980344230555115
340;340;Population 1100;1100;sample_340;1015;0.022563996939395016
341;341;Population 1100;1100;sample_341;1020;-0.02948416718173763
342;342;Population 1100;1100;sample_342;1025;-0.0011768116425102484
343;343;Population 1100;1100;sample_343;1030;-0.0008123102154652759
344;344;Population 1100;1100;sample_344;1035;-0.01167054793967936
345;345;Population 1100;1100;sample_345;1040;-0.007142241038390077
346;346;Population 1100;1100;sample_346;1045;-0.06749251589937227
347;347;Population 1100;1100;sample_347;1050;-0.0278470045979279
348;348;Population 1100;1100;sample_348;1055;0.028474767580330945
349;349;Population 1100;1100;sample_349;1060;-0.04713437267012629
350;350;Population 1100;1100;sample_350;1065;-0.015052408844157488
351;351;Population 1100;1100;sample_351;1070;0.02414399753079754
352;352;Population 1100;1100;sample_352;1075;0.03349944030648566
353;353;Population 1100;1100;sample_353;1080;-0.02459139993890832
354;354;Population 1100;1100;sample_354;1085;-0.024796718276754007
355;355;Population 1100;1100;sample_355;1090;-0.0004270249320361799
356;356;Population 1100;1100;sample_356;1095;0.05881116095350929
357;357;Population 1600;1600;sample_357;5;0.06974269946518899
358;358;Population 1600;1600;sample_358;10;0.35773713290755427
359;359;Population 1600;1600;sample_359;15;0.37320538870421216
360;360;Population 1600;1600;sample_360;20;0.42201877685089295
361;361;Population 1600;1600;sample_361;25;-0.18861308360129414
362;362;Population 1600;1600;sample_362;30;0.07858233145376348
363;363;Population 1600;1600;sample_363;35;-0.030681636273075772
364;364;Population 1600;1600;sample_364;40;-0.022935122284253255
365;365;Population 1600;1600;sample_365;45;0.13076902271276386
366;366;Population 1600;1600;sample_366;50;0.08083808902263329
367;367;Population 1600;1600;sample_367;55;0.2382916059124034
368;368;Population 1600;1600;sample_368;60;0.06648252456885241
369;369;Population 1600;1600;sample_369;65;0.027575532621703442
370;370;Population 1600;1600;sample_370;70;0.2232825340359587
371;371;Population 1600;1600;sample_371;75;0.01519230804374115
372;372;Population 1600;1600;sample_372;80;-0.022901835620010347
373;373;Population 1600;1600;sample_373;85;0.12678230236922988
374;374;Population 1600;1600;sample_374;90;-0.10312312937156781
375;375;Population 1600;1600;sample_375;95;-0.041911880593565945
376;376;Population 1600;1600;sample_376;100;-0.056139361814585925
377;377;Population 1600;1600;sample_377;105;0.0170100859182975
378;378;Population 1600;1600;sample_378;110;-0.019221990970991133
379;379;Population 1600;1600;sample_379;115;0.017638114744715144
380;380;Population 1600;1600;sample_380;120;0.005778264912449623
381;381;Population 1600;1600;sample_381;125;0.0449733660383342
382;382;Population 1600;1600;sample_382;130;-0.050398712178329544
383;383;Population 1600;1600;sample_383;135;-0.04400969941359203
384;384;Population 1600;1600;sample_384;140;0.10855921477574963
385;385;Population 1600;1600;sample_385;145;-0.029371012038035077
386;386;Population 1600;1600;sample_386;150;-0.06461853244725622
387;387;Population 1600;1600;sample_387;155;0.1594095627811034
388;388;Population 1600;1600;sample_388;160;0.02581113007506247
389;389;Population 1600;1600;sample_389;165;-0.061920994035915985
390;390;Population 1600;1600;sample_390;170;0.014296954067783281
391;391;Population 1600;1600;sample_391;175;0.16925510476883385
392;392;Population 1600;1600;sample_392;180;0.07678003352758933
393;393;Population 1600;1600;sample_393;185;0.08595434685018609
394;394;Population 1600;1600;sample_394;190;0.020971817832333678
395;395;Population 1600;1600;sample_395;195;0.05018631352597181
396;396;Population 1600;1600;sample_396;200;0.016798874837046986
397;397;Population 1600;1600;sample_397;205;-0.08511533947283127
398;398;Population 1600;1600;sample_398;210;-0.07451162552913627
399;399;Population 1600;1600;sample_399;215;-0.0578464429534403
400;400;Population 1600;1600;sample_400;220;-0.01574559319422448
401;401;Population 1600;1600;sample_401;225;-0.06736784066082584
402;402;Population 1600;1600;sample_402;230;0.04402176015711908
403;403;Population 1600;1600;sample_403;235;-0.0891185759257432
404;404;Population 1600;1600;sample_404;240;-0.03834937375657295
405;405;Population 1600;1600;sample_405;245;0.005272549858628745
406;406;Population 1600;1600;sample_406;250;-0.015400537807448114
407;407;Population 1600;1600;sample_407;255;0.08082922214480216
408;408;Population 1600;1600;sample_408;260;-0.017927694652499708
409;409;Population 1600;1600;sample_409;265;-0.01869969325029489
410;410;Population 1600;1600;sample_410;270;0.05989210194872588
411;411;Population 1600;1600;sample_411;275;0.03677570242514598
412;412;Population 1600;1600;sample_412;280;0.011154284155888617
413;413;Population 1600;1600;sample_413;285;-0.003009054958906217
414;414;Population 1600;1600;sample_414;290;-0.012229239419611664
415;415;Population 1600;1600;sample_415;295;-0.031401490818623624
416;416;Population 1600;1600;sample_416;300;-0.023922074048264144
417;417;Population 1600;1600;sample_417;305;0.0648052597869766
418;418;Population 1600;1600;sample_418;310;0.04836611275878425
419;419;Population 1600;1600;sample_419;315;0.023828875864198195
420;420;Population 1600;1600;sample_420;320;-0.012077488321584826
421;421;Population 1600;1600;sample_421;325;-0.07545708572388765
422;422;Population 1600;1600;sample_422;330;-0.0708934571895145
423;423;Population 1600;1600;sample_423;335;-0.03377581300153583
424;424;Population 1600;1600;sample_424;340;8.09512430893503e-05
425;425;Population 1600;1600;sample_425;345;-0.02399228164505209
426;426;Population 1600;1600;sample_426;350;-0.0017725364116317926
427;427;Population 1600;1600;sample_427;355;0.05129195724523543
428;428;Population 1600;1600;sample_428;360;-0.038971810169776376
429;429;Population 1600;1600;sample_429;365;-0.010561959696391544
430;430;Population 1600;1600;sample_430;370;0.024483022353705194
431;431;Population 1600;1600;sample_431;375;0.053760176063012276
432;432;Population 1600;1600;sample_432;380;-0.026737963049526827
433;433;Population 1600;1600;sample_433;385;-0.030750674477972344
434;434;Population 1600;1600;sample_434;390;-0.05314659119693171
435;435;Population 1600;1600;sample_435;395;0.02574590119124831
436;436;Population 1600;1600;sample_436;400;0.028940066303895794
437;437;Population 1600;1600;sample_437;405;-0.044812428573688924
438;438;Population 1600;1600;sample_438;410;-0.07401137066778196
439;439;Population 1600;1600;sample_439;415;0.010865509422582537
440;440;Population 1600;1600;sample_440;420;0.018108670933841265
441;441;Population 1600;1600;sample_441;425;0.0337585388390999
442;442;Population 1600;1600;sample_442;430;0.022653467688490057
443;443;Population 1600;1600;sample_443;435;0.08329837740759787
444;444;Population 1600;1600;sample_444;440;-0.061527131650637334
445;445;Population 1600;1600;sample_445;445;-0.038037700108161626
446;446;Population 1600;1600;sample_446;450;0.03629441540849421
447;447;Population 1600;1600;sample_447;455;0.024346986939212775
448;448;Population 1600;1600;sample_448;460;0.032409422827684595
449;449;Population 1600;1600;sample_449;465;-0.010525610093428353
450;450;Population 1600;1600;sample_450;470;-0.03467040634858253
451;451;Population 1600;1600;sample_451;475;0.01834223595745171
452;452;Population 1600;1600;sample_452;480;0.0023672954393174463
453;453;Population 1600;1600;sample_453;485;-0.016337854354485287
454;454;Population 1600;1600;sample_454;490;-0.04606778295583745
455;455;Population 1600;1600;sample_455;495;-0.029805721184500585
456;456;Population 1600;1600;sample_456;500;-0.0654739665540419
457;457;Population 1600;1600;sample_457;505;0.013176514707816412
458;458;Population 1600;1600;sample_458;510;-0.020216947283082806
459;459;Population 1600;1600;sample_459;515;0.003144732466863835
460;460;Population 1600;1600;sample_460;520;-0.04990859224816724
461;461;Population 1600;1600;sample_461;525;-0.01545845328570865
462;462;Population 1600;1600;sample_462;530;0.01672057463127673
463;463;Population 1600;1600;sample_463;535;0.026712915200817137
464;464;Population 1600;1600;sample_464;540;-0.04771624119811739
465;465;Population 1600;1600;sample_465;545;-0.11200857943397226
466;466;Population 1600;1600;sample_466;550;-0.06992698424054668
467;467;Population 1600;1600;sample_467;555;-0.05802730558442634
468;468;Population 1600;1600;sample_468;560;-0.015782215437786247
469;469;Population 1600;1600;sample_469;565;0.0408754108488206
470;470;Population 1600;1600;sample_470;570;-0.03633844811607924
471;471;Population 1600;1600;sample_471;575;0.030490998709777655
472;472;Population 1600;1600;sample_472;580;0.04664384113136592
473;473;Population 1600;1600;sample_473;585;0.007849808493646967
474;474;Population 1600;1600;sample_474;590;-0.07022943240337383
475;475;Population 1600;1600;sample_475;595;0.02904306981045462
476;476;Population 1600;1600;sample_476;600;-0.00452210823452288
477;477;Population 1600;1600;sample_477;605;-0.042632388450308215
478;478;Population 1600;1600;sample_478;610;-0.0026224379664861338
479;479;Population 1600;1600;sample_479;615;0.012434084967938509
480;480;Population 1600;1600;sample_480;620;0.04528590093295546
481;481;Population 1600;1600;sample_481;625;0.08073333611405402
482;482;Population 1600;1600;sample_482;630;-0.012488715435573346
483;483;Population 1600;1600;sample_483;635;-0.010997043216105907
484;484;Population 1600;1600;sample_484;640;0.031435609669822534
485;485;Population 1600;1600;sample_485;645;0.042786655298892994
486;486;Population 1600;1600;sample_486;650;0.06606238884709612
487;487;Population 1600;1600;sample_487;655;-0.05230834397522452
488;488;Population 1600;1600;sample_488;660;0.022705675528324237
489;489;Population 1600;1600;sample_489;665;0.0014266921061304417
490;490;Population 1600;1600;sample_490;670;0.05259050093496811
491;491;Population 1600;1600;sample_491;675;0.0016152269360079825
492;492;Population 1600;1600;sample_492;680;-0.04208245248801208
493;493;Population 1600;1600;sample_493;685;0.040610830980664626
494;494;Population 1600;1600;sample_494;690;0.03252128213871385
495;495;Population 1600;1600;sample_495;695;-0.03384721007980666
496;496;Population 1600;1600;sample_496;700;-0.03614847503679669
497;497;Population 1600;1600;sample_497;705;0.022855288861478116
498;498;Population 1600;1600;sample_498;710;-0.05136578288099494
499;499;Population 1600;1600;sample_499;715;-0.0036633627385169966
500;500;Population 1600;1600;sample_500;720;0.024895325063502734
501;501;Population 1600;1600;sample_501;725;0.04005116886518146
502;502;Population 1600;1600;sample_502;730;0.014572519556853566
503;503;Population 1600;1600;sample_503;735;-0.0802557698342275
504;504;Population 1600;1600;sample_504;740;-0.07343725658543927
505;505;Population 1600;1600;sample_505;745;0.0026480540819603855
506;506;Population 1600;1600;sample_506;750;-0.01908217215476242
507;507;Population 1600;1600;sample_507;755;0.030572347704192645
508;508;Population 1600;1600;sample_508;760;-0.020283455901643013
509;509;Population 1600;1600;sample_509;765;-0.019325638784513925
510;510;Population 1600;1600;sample_510;770;0.026424254435209876
511;511;Population 1600;1600;sample_511;775;0.011171885854865414
512;512;Population 1600;1600;sample_512;780;0.023214389060781944
513;513;Population 1600;1600;sample_513;785;-0.017266905766421477
514;514;Population 1600;1600;sample_514;790;-0.030445322204348074
515;515;Population 1600;1600;sample_515;795;0.03891155469784032
516;516;Population 1600;1600;sample_516;800;0.017806936734751855
517;517;Population 1600;1600;sample_517;805;0.009066533889490584
518;518;Population 1600;1600;sample_518;810;0.012368992446125186
519;519;Population 1600;1600;sample_519;815;0.037391495870477985
520;520;Population 1600;1600;sample_520;820;-0.05045221870630383
521;521;Population 1600;1600;sample_521;825;0.0042986360882006575
522;522;Population 1600;1600;sample_522;830;-0.010092406931682356
523;523;Population 1600;1600;sample_523;835;0.00718876151255923
524;524;Population 1600;1600;sample_524;840;-0.056709690601788605
525;525;Population 1600;1600;sample_525;845;0.038002394401007764
526;526;Population 1600;1600;sample_526;850;0.02102886372354482
527;527;Population 1600;1600;sample_527;855;-0.030457296888425276
528;528;Population 1600;1600;sample_528;860;0.012759234927990115
529;529;Population 1600;1600;sample_529;865;-0.027508392401671262
530;530;Population 1600;1600;sample_530;870;-0.009565546956926069
531;531;Population 1600;1600;sample_531;875;-0.016917991156686078
532;532;Population 1600;1600;sample_532;880;0.005015346937717407
533;533;Population 1600;1600;sample_533;885;-0.043427117416621225
534;534;Population 1600;1600;sample_534;890;0.006766966013948765
535;535;Population 1600;1600;sample_535;895;-0.07674835891500245
536;536;Population 1600;1600;sample_536;900;-0.035342028171657595
537;537;Population 1600;1600;sample_537;905;0.005161421351667551
538;538;Population 1600;1600;sample_538;910;-0.02393653001742624
539;539;Population 1600;1600;sample_539;915;-0.014748873957469944
540;540;Population 1600;1600;sample_540;920;0.029888399991789036
541;541;Population 1600;1600;sample_541;925;-0.04401788346405358
542;542;Population 1600;1600;sample_542;930;0.012681443575142014
543;543;Population 1600;1600;sample_543;935;0.025980880749312527
544;544;Population 1600;1600;sample_544;940;-0.04459457189762996
545;545;Population 1600;1600;sample_545;945;-0.04096341201985945
546;546;Population 1600;1600;sample_546;950;-0.031399729620708326
547;547;Population 1600;1600;sample_547;955;-0.03761184646258653
548;548;Population 1600;1600;sample_548;960;-0.023983229182925104
549;549;Population 1600;1600;sample_549;965;-0.03332624506994104
550;550;Population 1600;1600;sample_550;970;0.03625046939554919
551;551;Population 1600;1600;sample_551;975;0.014697134111918699
552;552;Population 1600;1600;sample_552;980;0.05900872248339929
553;553;Population 1600;1600;sample_553;985;-0.010508349624301081
554;554;Population 1600;1600;sample_554;990;-0.01552947446576229
555;555;Population 1600;1600;sample_555;995;0.007369032018792017
556;556;Population 1600;1600;sample_556;1000;-0.01766876739840807
557;557;Population 1600;1600;sample_557;1005;-0.007779936948826658
558;558;Population 1600;1600;sample_558;1010;-0.005019722559607503
559;559;Population 1600;1600;sample_559;1015;-0.01763381938569028
560;560;Population 1600;1600;sample_560;1020;0.04239820403795489
561;561;Population 1600;1600;sample_561;1025;-0.027227194600774562
562;562;Population 1600;1600;sample_562;1030;0.02535896170747071
563;563;Population 1600;1600;sample_563;1035;-0.03791074406448113
564;564;Population 1600;1600;sample_564;1040;0.02488787004424045
565;565;Population 1600;1600;sample_565;1045;0.026384739458403157
566;566;Population 1600;1600;sample_566;1050;0.025435135442162086
567;567;Population 1600;1600;sample_567;1055;0.011278884658690081
568;568;Population 1600;1600;sample_568;1060;-0.029132099410167638
569;569;Population 1600;1600;sample_569;1065;-0.035131002157412085
570;570;Population 1600;1600;sample_570;1070;0.03632242465327382
571;571;Population 1600;1600;sample_571;1075;0.0563050164978604
572;572;Population 1600;1600;sample_572;1080;-0.039073411524824235
573;573;Population 1600;1600;sample_573;1085;0.00671555116925192
574;574;Population 1600;1600;sample_574;1090;0.01868601044973135
575;575;Population 1600;1600;sample_575;1095;-0.007900395602422089
576;576;Population 1600;1600;sample_576;1100;-0.04620581706510674
577;577;Population 1600;1600;sample_577;1105;0.010988600495081857
578;578;Population 1600;1600;sample_578;1110;-0.01649508768339721
579;579;Population 1600;1600;sample_579;1115;0.008745245135205831
580;580;Population 1600;1600;sample_580;1120;-0.02966374592849388
581;581;Population 1600;1600;sample_581;1125;0.009363070587309511
582;582;Population 1600;1600;sample_582;1130;0.009658382452135222
583;583;Population 1600;1600;sample_583;1135;0.011950497722996075
584;584;Population 1600;1600;sample_584;1140;-0.05295037512592061
585;585;Population 1600;1600;sample_585;1145;0.0006253700687535838
586;586;Population 1600;1600;sample_586;1150;-0.05681795208256858
587;587;Population 1600;1600;sample_587;1155;-0.05737613486480812
588;588;Population 1600;1600;sample_588;1160;-0.024269009788924722
589;589;Population 1600;1600;sample_589;1165;0.01835702652028149
590;590;Population 1600;1600;sample_590;1170;0.05144326278185714
591;591;Population 1600;1600;sample_591;1175;-0.029569917916671518
592;592;Population 1600;1600;sample_592;1180;0.0071230554690923245
593;593;Population 1600;1600;sample_593;1185;0.03657569445176858
594;594;Population 1600;1600;sample_594;1190;-0.0017843140948247175
595;595;Population 1600;1600;sample_595;1195;-0.019245988740601558
596;596;Population 1600;1600;sample_596;1200;-0.0382359631912432
597;597;Population 1600;1600;sample_597;1205;-0.030917846992586415
598;598;Population 1600;1600;sample_598;1210;-0.0014155413256943482
599;599;Population 1600;1600;sample_599;1215;-0.028848824308777568
600;600;Population 1600;1600;sample_600;1220;-0.0010570052158321106
601;601;Population 1600;1600;sample_601;1225;0.0004925701679068861
602;602;Population 1600;1600;sample_602;1230;-0.02873520972095829
603;603;Population 1600;1600;sample_603;1235;-0.038156379341492394
604;604;Population 1600;1600;sample_604;1240;0.010101914113929437
605;605;Population 1600;1600;sample_605;1245;-0.019881127945218565
606;606;Population 1600;1600;sample_606;1250;0.004331644375236064
607;607;Population 1600;1600;sample_607;1255;0.02565436677863196
608;608;Population 1600;1600;sample_608;1260;0.012690431564081296
609;609;Population 1600;1600;sample_609;1265;0.029879667563916194
610;610;Population 1600;1600;sample_610;1270;-0.03601578806600559
611;611;Population 1600;1600;sample_611;1275;-0.0039364120338642545
612;612;Population 1600;1600;sample_612;1280;-0.015190166321421611
613;613;Population 1600;1600;sample_613;1285;-0.028993211271115864
614;614;Population 1600;1600;sample_614;1290;0.009494493249536844
615;615;Population 1600;1600;sample_615;1295;0.024348894286594324
616;616;Population 1600;1600;sample_616;1300;-0.05033600913962951
617;617;Population 1600;1600;sample_617;1305;-0.042922361634086845
618;618;Population 1600;1600;sample_618;1310;-0.041094307328384524
619;619;Population 1600;1600;sample_619;1315;-0.035860609956612194
620;620;Population 1600;1600;sample_620;1320;0.02363581980974124
621;621;Population 1600;1600;sample_621;1325;-0.01728740128453565
622;622;Population 1600;1600;sample_622;1330;-0.018069425143978298
623;623;Population 1600;1600;sample_623;1335;-0.032846287613660534
624;624;Population 1600;1600;sample_624;1340;-0.0030787751176175808
625;625;Population 1600;1600;sample_625;1345;0.04936801489476732
626;626;Population 1600;1600;sample_626;1350;-0.027794799324533815
627;627;Population 1600;1600;sample_627;1355;-0.009228712635487149
628;628;Population 1600;1600;sample_628;1360;-0.005573241673547787
629;629;Population 1600;1600;sample_629;1365;-0.040484935050452184
630;630;Population 1600;1600;sample_630;1370;-0.02340258239489869
631;631;Population 1600;1600;sample_631;1375;0.02801001687304817
632;632;Population 1600;1600;sample_632;1380;-0.020674013898373388
633;633;Population 1600;1600;sample_633;1385;-0.058516036193824554
634;634;Population 1600;1600;sample_634;1390;0.027350572311270152
635;635;Population 1600;1600;sample_635;1395;-0.008158303609717246
636;636;Population 1600;1600;sample_636;1400;-0.015471149109199665
637;637;Population 1600;1600;sample_637;1405;0.013071711134539402
638;638;Population 1600;1600;sample_638;1410;-0.02009239905763127
639;639;Population 1600;1600;sample_639;1415;-0.028953850695364207
640;640;Population 1600;1600;sample_640;1420;-0.02116984841928105
641;641;Population 1600;1600;sample_641;1425;-0.024025500738937652
642;642;Population 1600;1600;sample_642;1430;-0.004954550303811469
643;643;Population 1600;1600;sample_643;1435;-0.023808018903219676
644;644;Population 1600;1600;sample_644;1440;0.004814446029970446
645;645;Population 1600;1600;sample_645;1445;-0.022626101514139556
646;646;Population 1600;1600;sample_646;1450;-0.04067736497524357
647;647;Population 1600;1600;sample_647;1455;-0.007149445497718725
648;648;Population 1600;1600;sample_648;1460;-0.0026644322649406133
649;649;Population 1600;1600;sample_649;1465;0.0052983255744354345
650;650;Population 1600;1600;sample_650;1470;0.007446109065098374
651;651;Population 1600;1600;sample_651;1475;-0.014942634813230852
652;652;Population 1600;1600;sample_652;1480;0.003973857047152864
653;653;Population 1600;1600;sample_653;1485;-0.017345208467176812
654;654;Population 1600;1600;sample_654;1490;-0.006692253812025029
655;655;Population 1600;1600;sample_655;1495;-0.019365324500819976
656;656;Population 1600;1600;sample_656;1500;-0.004886214197678423
657;657;Population 1600;1600;sample_657;1505;0.01002437221886515
658;658;Population 1600;1600;sample_658;1510;0.0009063058601084122
659;659;Population 1600;1600;sample_659;1515;-0.009396285187002185
660;660;Population 1600;1600;sample_660;1520;0.0020604407101639586
661;661;Population 1600;1600;sample_661;1525;-0.06544622469227188
662;662;Population 1600;1600;sample_662;1530;-0.013169217949008574
663;663;Population 1600;1600;sample_663;1535;-0.005681798866409248
664;664;Population 1600;1600;sample_664;1540;-0.015456270028525345
665;665;Population 1600;1600;sample_665;1545;0.006944696576025091
666;666;Population 1600;1600;sample_666;1550;0.016944709907852625
667;667;Population 1600;1600;sample_667;1555;-0.00032563127655106894
668;668;Population 1600;1600;sample_668;1560;-0.007408089128396245
669;669;Population 1600;1600;sample_669;1565;0.005844689700599817
670;670;Population 1600;1600;sample_670;1570;0.0040146032672971664
671;671;Population 1600;1600;sample_671;1575;-0.01910628410814859
672;672;Population 1600;1600;sample_672;1580;0.012413012509099824
673;673;Population 1600;1600;sample_673;1585;-0.046582972848620806
674;674;Population 1600;1600;sample_674;1590;0.019598708988603625
675;675;Population 1600;1600;sample_675;1595;-0.03816492744575467
676;676;Population 2100;2100;sample_676;5;0.040708036248726945
677;677;Population 2100;2100;sample_677;10;0.3692407975617021
678;678;Population 2100;2100;sample_678;15;-0.0483919571495336
679;679;Population 2100;2100;sample_679;20;0.013551826997059643
680;680;Population 2100;2100;sample_680;25;-0.17884317486999898
681;681;Population 2100;2100;sample_681;30;0.3498084688998651
682;682;Population 2100;2100;sample_682;35;0.1893941377365991
683;683;Population 2100;2100;sample_683;40;-0.14050295465100038
684;684;Population 2100;2100;sample_684;45;0.07448177467302364
685;685;Population 2100;2100;sample_685;50;-0.006724870349678047
686;686;Population 2100;2100;sample_686;55;-0.05241032051734573
687;687;Population 2100;2100;sample_687;60;-0.07533980881936177
688;688;Population 2100;2100;sample_688;65;0.00790224344794584
689;689;Population 2100;2100;sample_689;70;-0.2551720928448386
690;690;Population 2100;2100;sample_690;75;0.014063950662293758
691;691;Population 2100;2100;sample_691;80;-0.12245697209506554
692;692;Population 2100;2100;sample_692;85;-0.0009134837829015879
693;693;Population 2100;2100;sample_693;90;0.02195154555457453
694;694;Population 2100;2100;sample_694;95;0.005504771496103353
695;695;Population 2100;2100;sample_695;100;0.046861605819541775
696;696;Population 2100;2100;sample_696;105;-0.10828455450824379
697;697;Population 2100;2100;sample_697;110;0.014346133870775327
698;698;Population 2100;2100;sample_698;115;0.14212975972058153
699;699;Population 2100;2100;sample_699;120;-0.016124633839225955
700;700;Population 2100;2100;sample_700;125;-0.030778186314308575
701;701;Population 2100;2100;sample_701;130;0.16137262378136308
702;702;Population 2100;2100;sample_702;135;-0.10500608307378392
703;703;Population 2100;2100;sample_703;140;0.05756046070283194
704;704;Population 2100;2100;sample_704;145;0.0628733571343104
705;705;Population 2100;2100;sample_705;150;-0.06434333125937096
706;706;Population 2100;2100;sample_706;155;0.05583602114732837
707;707;Population 2100;2100;sample_707;160;-0.0945642719737669
708;708;Population 2100;2100;sample_708;165;-0.033130187367275625
709;709;Population 2100;2100;sample_709;170;0.05828874962495708
710;710;Population 2100;2100;sample_710;175;-0.08003377350537194
711;711;Population 2100;2100;sample_711;180;0.02417081194028322
712;712;Population 2100;2100;sample_712;185;0.060690700453578494
713;713;Population 2100;2100;sample_713;190;0.005071976930799841
714;714;Population 2100;2100;sample_714;195;-0.12371904873035715
715;715;Population 2100;2100;sample_715;200;-0.06659926800908392
716;716;Population 2100;2100;sample_716;205;0.031601291958160034
717;717;Population 2100;2100;sample_717;210;-0.04329055156971484
718;718;Population 2100;2100;sample_718;215;0.08650590028246813
719;719;Population 2100;2100;sample_719;220;0.051452182277396605
720;720;Population 2100;2100;sample_720;225;0.05604585527273722
721;721;Population 2100;2100;sample_721;230;0.09473327951571074
722;722;Population 2100;2100;sample_722;235;-0.0032467929864107314
723;723;Population 2100;2100;sample_723;240;-0.13916707563636813
724;724;Population 2100;2100;sample_724;245;-0.13010508115489147
725;725;Population 2100;2100;sample_725;250;-0.02789702093664311
726;726;Population 2100;2100;sample_726;255;0.053652993941649546
727;727;Population 2100;2100;sample_727;260;-0.06786429533433483
728;728;Population 2100;2100;sample_728;265;-0.026193086807215608
729;729;Population 2100;2100;sample_729;270;-0.04521027076391783
730;730;Population 2100;2100;sample_730;275;-0.05601495596751294
731;731;Population 2100;2100;sample_731;280;0.015646789640405726
732;732;Population 2100;2100;sample_732;285;0.0450417683125551
733;733;Population 2100;2100;sample_733;290;0.02338585864912809
734;734;Population 2100;2100;sample_734;295;-0.07343560887003647
735;735;Population 2100;2100;sample_735;300;0.04771572779627775
736;736;Population 2100;2100;sample_736;305;0.026171686506576374
737;737;Population 2100;2100;sample_737;310;0.07431486720721536
738;738;Population 2100;2100;sample_738;315;0.06837483479455143
739;739;Population 2100;2100;sample_739;320;0.06109587429734249
740;740;Population 2100;2100;sample_740;325;-0.05159736859281742
741;741;Population 2100;2100;sample_741;330;-0.02627242696028597
742;742;Population 2100;2100;sample_742;335;-0.020270945124949324
743;743;Population 2100;2100;sample_743;340;0.07466134126725135
744;744;Population 2100;2100;sample_744;345;-0.011683525325247038
745;745;Population 2100;2100;sample_745;350;-0.0930062056577364
746;746;Population 2100;2100;sample_746;355;-0.06315770029635889
747;747;Population 2100;2100;sample_747;360;0.03564931431267161
748;748;Population 2100;2100;sample_748;365;0.011056915415525372
749;749;Population 2100;2100;sample_749;370;0.06974824535399662
750;750;Population 2100;2100;sample_750;375;-0.04680255776085742
751;751;Population 2100;2100;sample_751;380;0.00823158358826036
752;752;Population 2100;2100;sample_752;385;-0.011534480612514027
753;753;Population 2100;2100;sample_753;390;0.061689871877787614
754;754;Population 2100;2100;sample_754;395;0.016367074255082957
755;755;Population 2100;2100;sample_755;400;-0.009991355305243138
756;756;Population 2100;2100;sample_756;405;-0.0824726362328791
757;757;Population 2100;2100;sample_757;410;-0.010434572552290763
758;758;Population 2100;2100;sample_758;415;0.042895852585238585
759;759;Population 2100;2100;sample_759;420;-0.013758301666402656
760;760;Population 2100;2100;sample_760;425;0.02308166144804083
761;761;Population 2100;2100;sample_761;430;-0.025791089501354655
762;762;Population 2100;2100;sample_762;435;0.03136682296325236
763;763;Population 2100;2100;sample_763;440;0.01928948192659501
764;764;Population 2100;2100;sample_764;445;-0.02016317106839058
765;765;Population 2100;2100;sample_765;450;0.0031367862170035153
766;766;Population 2100;2100;sample_766;455;-0.027031899017606626
767;767;Population 2100;2100;sample_767;460;-0.04676151555514964
768;768;Population 2100;2100;sample_768;465;-0.0723731018751369
769;769;Population 2100;2100;sample_769;470;0.0035203688129690686
770;770;Population 2100;2100;sample_770;475;-0.05756692608513828
771;771;Population 2100;2100;sample_771;480;0.01081862222035704
772;772;Population 2100;2100;sample_772;485;0.017253411287628452
773;773;Population 2100;2100;sample_773;490;-0.03435815168038059
774;774;Population 2100;2100;sample_774;495;0.014783149764757027
775;775;Population 2100;2100;sample_775;500;-0.027420739301465387
776;776;Population 2100;2100;sample_776;505;0.010025040825737687
777;777;Population 2100;2100;sample_777;510;-0.046386221845010046
778;778;Population 2100;2100;sample_778;515;-0.018387416985011
779;779;Population 2100;2100;sample_779;520;0.031028585862758404
780;780;Population 2100;2100;sample_780;525;-0.0259109741373552
781;781;Population 2100;2100;sample_781;530;-0.01959606256802967
782;782;Population 2100;2100;sample_782;535;-0.004265098162015452
783;783;Population 2100;2100;sample_783;540;0.046521188108368604
784;784;Population 2100;2100;sample_784;545;0.03094864106617326
785;785;Population 2100;2100;sample_785;550;0.05216644109562434
786;786;Population 2100;2100;sample_786;555;-0.00675364863019519
787;787;Population 2100;2100;sample_787;560;-0.016364932758839643
788;788;Population 2100;2100;sample_788;565;0.01015826878800513
789;789;Population 2100;2100;sample_789;570;-0.05311726184840891
790;790;Population 2100;2100;sample_790;575;-0.00035422406916068113
791;791;Population 2100;2100;sample_791;580;-0.006966828768207152
792;792;Population 2100;2100;sample_792;585;-0.025732816339579762
793;793;Population 2100;2100;sample_793;590;-0.023432286834428464
794;794;Population 2100;2100;sample_794;595;-0.01328326441471098
795;795;Population 2100;2100;sample_795;600;-0.024551026967850137
796;796;Population 2100;2100;sample_796;605;0.07376903832250302
797;797;Population 2100;2100;sample_797;610;-0.0359201752132547
798;798;Population 2100;2100;sample_798;615;-0.011545133374888331
799;799;Population 2100;2100;sample_799;620;0.010309368677798114
800;800;Population 2100;2100;sample_800;625;-0.05855407296188473
801;801;Population 2100;2100;sample_801;630;-0.019616561018061997
802;802;Population 2100;2100;sample_802;635;-0.09027720981640489
803;803;Population 2100;2100;sample_803;640;-0.01164228767927735
804;804;Population 2100;2100;sample_804;645;-0.04065043305988632
805;805;Population 2100;2100;sample_805;650;-0.009303326220865858
806;806;Population 2100;2100;sample_806;655;-0.009896727775609158
807;807;Population 2100;2100;sample_807;660;0.040784277061064425
808;808;Population 2100;2100;sample_808;665;-0.0024017809145516263
809;809;Population 2100;2100;sample_809;670;0.0009324881133667416
810;810;Population 2100;2100;sample_810;675;0.015670153639911227
811;811;Population 2100;2100;sample_811;680;-0.018203181219554082
812;812;Population 2100;2100;sample_812;685;0.039324956937869984
813;813;Population 2100;2100;sample_813;690;-0.013019886700640889
814;814;Population 2100;2100;sample_814;695;-0.025938182498361696
815;815;Population 2100;2100;sample_815;700;0.04922724279756041
816;816;Population 2100;2100;sample_816;705;-0.0074243194167464876
817;817;Population 2100;2100;sample_817;710;-0.001973927613945272
818;818;Population 2100;2100;sample_818;715;-0.014529299660781567
819;819;Population 2100;2100;sample_819;720;0.0259568337333883
820;820;Population 2100;2100;sample_820;725;0.006966648744289653
821;821;Population 2100;2100;sample_821;730;0.010791524889278386
822;822;Population 2100;2100;sample_822;735;0.025603707962136044
823;823;Population 2100;2100;sample_823;740;-0.02031387692709556
824;824;Population 2100;2100;sample_824;745;0.05581779829083311
825;825;Population 2100;2100;sample_825;750;-0.027579828826995532
826;826;Population 2100;2100;sample_826;755;0.02242938118057863
827;827;Population 2100;2100;sample_827;760;-0.04703322956407293
828;828;Population 2100;2100;sample_828;765;-0.008300862356925794
829;829;Population 2100;2100;sample_829;770;0.015281573430193717
830;830;Population 2100;2100;sample_830;775;0.008615354020539498
831;831;Population 2100;2100;sample_831;780;-0.030309268723891114
832;832;Population 2100;2100;sample_832;785;0.07096727495294934
833;833;Population 2100;2100;sample_833;790;0.0094338404434413
834;834;Population 2100;2100;sample_834;795;-0.010399704910292455
835;835;Population 2100;2100;sample_835;800;-0.052169823582167
836;836;Population 2100;2100;sample_836;805;-0.016393232253247667
837;837;Population 2100;2100;sample_837;810;-0.01978121198800122
838;838;Population 2100;2100;sample_838;815;-0.002064951883299461
839;839;Population 2100;2100;sample_839;820;-0.018910343676310126
840;840;Population 2100;2100;sample_840;825;-0.04448561711166665
841;841;Population 2100;2100;sample_841;830;-0.034049638115238166
842;842;Population 2100;2100;sample_842;835;-0.008201620384757352
843;843;Population 2100;2100;sample_843;840;0.0049235424142376185
844;844;Population 2100;2100;sample_844;845;-0.0013309087656845444
845;845;Population 2100;2100;sample_845;850;0.023604570575792443
846;846;Population 2100;2100;sample_846;855;-0.005679572207667586
847;847;Population 2100;2100;sample_847;860;-0.026228043485816227
848;848;Population 2100;2100;sample_848;865;-0.013490079903790668
849;849;Population 2100;2100;sample_849;870;0.029878556826619104
850;850;Population 2100;2100;sample_850;875;0.041693368442580044
851;851;Population 2100;2100;sample_851;880;0.03642626224551952
852;852;Population 2100;2100;sample_852;885;0.031783513588947765
853;853;Population 2100;2100;sample_853;890;-0.01897453434715362
854;854;Population 2100;2100;sample_854;895;0.032140340830294795
855;855;Population 2100;2100;sample_855;900;-0.018951004190611073
856;856;Population 2100;2100;sample_856;905;-0.008679765566298774
857;857;Population 2100;2100;sample_857;910;-0.0013162674610792487
858;858;Population 2100;2100;sample_858;915;-0.015549173663868052
859;859;Population 2100;2100;sample_859;920;0.04772969774527913
860;860;Population 2100;2100;sample_860;925;0.007809750692375011
861;861;Population 2100;2100;sample_861;930;-0.047252348993834806
862;862;Population 2100;2100;sample_862;935;-0.011608713441844632
863;863;Population 2100;2100;sample_863;940;-0.006044003518426123
864;864;Population 2100;2100;sample_864;945;0.0655420813989005
865;865;Population 2100;2100;sample_865;950;-0.08349021627256457
866;866;Population 2100;2100;sample_866;955;-0.0666932974868703
867;867;Population 2100;2100;sample_867;960;-0.005719515076699092
868;868;Population 2100;2100;sample_868;965;0.03656407508325434
869;869;Population 2100;2100;sample_869;970;0.06504310904458557
870;870;Population 2100;2100;sample_870;975;-0.0740368373095829
871;871;Population 2100;2100;sample_871;980;0.035419784241309475
872;872;Population 2100;2100;sample_872;985;0.005372144979166252
873;873;Population 2100;2100;sample_873;990;-0.023816528725456265
874;874;Population 2100;2100;sample_874;995;-0.033459446466507205
875;875;Population 2100;2100;sample_875;1000;-0.008655775996414452
876;876;Population 2100;2100;sample_876;1005;0.01682646154804415
877;877;Population 2100;2100;sample_877;1010;-0.022705890561471383
878;878;Population 2100;2100;sample_878;1015;-0.038674798177573834
879;879;Population 2100;2100;sample_879;1020;0.014927507147220995
880;880;Population 2100;2100;sample_880;1025;-0.03878591922595304
881;881;Population 2100;2100;sample_881;1030;-0.011385714029406087
882;882;Population 2100;2100;sample_882;1035;0.0013236875289293717
883;883;Population 2100;2100;sample_883;1040;0.017238442746017855
884;884;Population 2100;2100;sample_884;1045;0.001079962228386742
885;885;Population 2100;2100;sample_885;1050;-0.014767167959518636
886;886;Population 2100;2100;sample_886;1055;-0.0061669419967750735
887;887;Population 2100;2100;sample_887;1060;-0.0036653785151367947
888;888;Population 2100;2100;sample_888;1065;-0.020609164705862812
889;889;Population 2100;2100;sample_889;1070;0.0207915082649915
890;890;Population 2100;2100;sample_890;1075;0.02457634597512819
891;891;Population 2100;2100;sample_891;1080;-0.03434317580484826
892;892;Population 2100;2100;sample_892;1085;0.023316632635277963
893;893;Population 2100;2100;sample_893;1090;0.028563760902019477
894;894;Population 2100;2100;sample_894;1095;-0.008716429992783095
895;895;Population 2100;2100;sample_895;1100;-0.03513723517211741
896;896;Population 2100;2100;sample_896;1105;0.006840350610544208
897;897;Population 2100;2100;sample_897;1110;0.00805636926294472
898;898;Population 2100;2100;sample_898;1115;0.01725018949233238
899;899;Population 2100;2100;sample_899;1120;0.030386444987630882
900;900;Population 2100;2100;sample_900;1125;-0.04014679945031051
901;901;Population 2100;2100;sample_901;1130;-0.021971612489204807
902;902;Population 2100;2100;sample_902;1135;-0.028835529680111688
903;903;Population 2100;2100;sample_903;1140;-0.024086333064806776
904;904;Population 2100;2100;sample_904;1145;-0.005688011735446996
905;905;Population 2100;2100;sample_905;1150;0.004378203680130408
906;906;Population 2100;2100;sample_906;1155;-0.025852851592081255
907;907;Population 2100;2100;sample_907;1160;-0.025631312917534017
908;908;Population 2100;2100;sample_908;1165;-0.042982929606440366
909;909;Population 2100;2100;sample_909;1170;-0.02502388135818155
910;910;Population 2100;2100;sample_910;1175;-0.0022554495615950635
911;911;Population 2100;2100;sample_911;1180;-0.01897358811786288
912;912;Population 2100;2100;sample_912;1185;-0.01450138754318998
913;913;Population 2100;2100;sample_913;1190;0.018081595525039653
914;914;Population 2100;2100;sample_914;1195;-0.005867747559845877
915;915;Population 2100;2100;sample_915;1200;-0.050428453245468984
916;916;Population 2100;2100;sample_916;1205;0.0029327844485768874
917;917;Population 2100;2100;sample_917;1210;0.039972289064669535
918;918;Population 2100;2100;sample_918;1215;-0.036652120420193446
919;919;Population 2100;2100;sample_919;1220;-0.019015139243717814
920;920;Population 2100;2100;sample_920;1225;-0.03799279562788131
921;921;Population 2100;2100;sample_921;1230;0.025418721751887464
922;922;Population 2100;2100;sample_922;1235;0.03123720977951441
923;923;Population 2100;2100;sample_923;1240;0.03690901534307402
924;924;Population 2100;2100;sample_924;1245;-0.04380134559890684
925;925;Population 2100;2100;sample_925;1250;0.027765138864632565
926;926;Population 2100;2100;sample_926;1255;-0.03909856127013912
927;927;Population 2100;2100;sample_927;1260;-0.036959349323375676
928;928;Population 2100;2100;sample_928;1265;-0.004050486000381958
929;929;Population 2100;2100;sample_929;1270;-0.007565174139983123
930;930;Population 2100;2100;sample_930;1275;0.02610276390713322
931;931;Population 2100;2100;sample_931;1280;0.02755013841869195
932;932;Population 2100;2100;sample_932;1285;0.03303247512158303
933;933;Population 2100;2100;sample_933;1290;-0.021892735916962877
934;934;Population 2100;2100;sample_934;1295;0.00487147568202491
935;935;Population 2100;2100;sample_935;1300;-0.0282763583868615
936;936;Population 2100;2100;sample_936;1305;0.01878334061296433
937;937;Population 2100;2100;sample_937;1310;0.006917516229401634
938;938;Population 2100;2100;sample_938;1315;-0.0029101382720956182
939;939;Population 2100;2100;sample_939;1320;0.01890100293610221
940;940;Population 2100;2100;sample_940;1325;-0.01684026159936484
941;941;Population 2100;2100;sample_941;1330;-0.0034712325739891274
942;942;Population 2100;2100;sample_942;1335;-0.028981511526690297
943;943;Population 2100;2100;sample_943;1340;0.04634566311154486
944;944;Population 2100;2100;sample_944;1345;-0.011673200950658665
945;945;Population 2100;2100;sample_945;1350;0.008535644566198012
946;946;Population 2100;2100;sample_946;1355;-0.005194558113184997
947;947;Population 2100;2100;sample_947;1360;-0.01000195960735392
948;948;Population 2100;2100;sample_948;1365;-0.02818224922596894
949;949;Population 2100;2100;sample_949;1370;0.006656204888339173
950;950;Population 2100;2100;sample_950;1375;0.010677659501470833
951;951;Population 2100;2100;sample_951;1380;0.025852722310785472
952;952;Population 2100;2100;sample_952;1385;-0.0549355489797303
953;953;Population 2100;2100;sample_953;1390;-0.004106569465492248
954;954;Population 2100;2100;sample_954;1395;-0.020267558266566624
955;955;Population 2100;2100;sample_955;1400;0.028068908775560997
956;956;Population 2100;2100;sample_956;1405;-0.00283821851224872
957;957;Population 2100;2100;sample_957;1410;-0.05269596077242368
958;958;Population 2100;2100;sample_958;1415;-0.00770112075086172
959;959;Population 2100;2100;sample_959;1420;0.04143357562015819
960;960;Population 2100;2100;sample_960;1425;0.03361390047109664
961;961;Population 2100;2100;sample_961;1430;0.026306930998358888
962;962;Population 2100;2100;sample_962;1435;-0.0025524522870050024
963;963;Population 2100;2100;sample_963;1440;-0.022081673284273812
964;964;Population 2100;2100;sample_964;1445;0.002842588087185187
965;965;Population 2100;2100;sample_965;1450;0.0022152175310575866
966;966;Population 2100;2100;sample_966;1455;0.02156592320908764
967;967;Population 2100;2100;sample_967;1460;0.010183114734981959
968;968;Population 2100;2100;sample_968;1465;0.018862239213805716
969;969;Population 2100;2100;sample_969;1470;-0.006964055580326582
970;970;Population 2100;2100;sample_970;1475;0.01353641866894818
971;971;Population 2100;2100;sample_971;1480;0.015055646464661506
972;972;Population 2100;2100;sample_972;1485;-0.037648684714638066
973;973;Population 2100;2100;sample_973;1490;-0.04229585158290133
974;974;Population 2100;2100;sample_974;1495;0.013298052040847564
975;975;Population 2100;2100;sample_975;1500;0.022493383689107808
976;976;Population 2100;2100;sample_976;1505;-0.034430679725648144
977;977;Population 2100;2100;sample_977;1510;-0.015668858963962924
978;978;Population 2100;2100;sample_978;1515;-0.025944019785837734
979;979;Population 2100;2100;sample_979;1520;0.02323221753657486
980;980;Population 2100;2100;sample_980;1525;-0.01694885751988832
981;981;Population 2100;2100;sample_981;1530;-0.0033521547120110803
982;982;Population 2100;2100;sample_982;1535;-0.006807687355931787
983;983;Population 2100;2100;sample_983;1540;-0.011864453990262836
984;984;Population 2100;2100;sample_984;1545;-0.06143806982379126
985;985;Population 2100;2100;sample_985;1550;-0.03525167697822582
986;986;Population 2100;2100;sample_986;1555;0.0007996838976861493
987;987;Population 2100;2100;sample_987;1560;-0.0215162536932317
988;988;Population 2100;2100;sample_988;1565;0.010132468532931337
989;989;Population 2100;2100;sample_989;1570;-0.019991480165737163
990;990;Population 2100;2100;sample_990;1575;-0.02788625889011315
991;991;Population 2100;2100;sample_991;1580;0.018171628698979477
992;992;Population 2100;2100;sample_992;1585;0.0004905692971455995
993;993;Population 2100;2100;sample_993;1590;-0.007143126274354399
994;994;Population 2100;2100;sample_994;1595;-0.025512019682273818
995;995;Population 2100;2100;sample_995;1600;-0.02500296528292
996;996;Population 2100;2100;sample_996;1605;-0.049696934996480854
997;997;Population 2100;2100;sample_997;1610;0.013185182206627573
998;998;Population 2100;2100;sample_998;1615;0.02416813565259909
999;999;Population 2100;2100;sample_999;1620;-0.0077735638182009955
1000;1000;Population 2100;2100;sample_1000;1625;-0.017552480085546277
1001;1001;Population 2100;2100;sample_1001;1630;-0.017473733783338996
1002;1002;Population 2100;2100;sample_1002;1635;0.004839883357908145
1003;1003;Population 2100;2100;sample_1003;1640;-0.008400447937493038
1004;1004;Population 2100;2100;sample_1004;1645;0.03908287719042605
1005;1005;Population 2100;2100;sample_1005;1650;0.007263119326929457
1006;1006;Population 2100;2100;sample_1006;1655;0.019862832824028016
1007;1007;Population 2100;2100;sample_1007;1660;0.01864205861503736
1008;1008;Population 2100;2100;sample_1008;1665;0.005759247649871328
1009;1009;Population 2100;2100;sample_1009;1670;-0.03199568923973318
1010;1010;Population 2100;2100;sample_1010;1675;-0.00011988924535322141
1011;1011;Population 2100;2100;sample_1011;1680;0.017157838243275533
1012;1012;Population 2100;2100;sample_1012;1685;0.010923118402763787
1013;1013;Population 2100;2100;sample_1013;1690;0.018087601820940612
1014;1014;Population 2100;2100;sample_1014;1695;-0.02092485155073221
1015;1015;Population 2100;2100;sample_1015;1700;-0.009781867807421128
1016;1016;Population 2100;2100;sample_1016;1705;-0.010941035842788736
1017;1017;Population 2100;2100;sample_1017;1710;-0.008781465946573641
1018;1018;Population 2100;2100;sample_1018;1715;-0.04854969258123174
1019;1019;Population 2100;2100;sample_1019;1720;-0.0003390841843921678
1020;1020;Population 2100;2100;sample_1020;1725;-0.002363408506411143
1021;1021;Population 2100;2100;sample_1021;1730;0.001205315345131349
1022;1022;Population 2100;2100;sample_1022;1735;-0.0012579551875632566
1023;1023;Population 2100;2100;sample_1023;1740;0.009541000595234392
1024;1024;Population 2100;2100;sample_1024;1745;-0.008931320363446984
1025;1025;Population 2100;2100;sample_1025;1750;-0.02851431263599602
1026;1026;Population 2100;2100;sample_1026;1755;-0.03218027052517681
1027;1027;Population 2100;2100;sample_1027;1760;0.015538846141959294
1028;1028;Population 2100;2100;sample_1028;1765;-0.0058164160263368654
1029;1029;Population 2100;2100;sample_1029;1770;-0.03219980761078025
1030;1030;Population 2100;2100;sample_1030;1775;-0.0371788142956413
1031;1031;Population 2100;2100;sample_1031;1780;-0.020204915776592294
1032;1032;Population 2100;2100;sample_1032;1785;-0.029440627735157758
1033;1033;Population 2100;2100;sample_1033;1790;-0.02870877395073803
1034;1034;Population 2100;2100;sample_1034;1795;0.004928064291816393
1035;1035;Population 2100;2100;sample_1035;1800;-0.011725939073438529
1036;1036;Population 2100;2100;sample_1036;1805;0.022020086591824202
1037;1037;Population 2100;2100;sample_1037;1810;0.006642129861258061
1038;1038;Population 2100;2100;sample_1038;1815;-0.027846482317985893
1039;1039;Population 2100;2100;sample_1039;1820;0.0054013932530221275
1040;1040;Population 2100;2100;sample_1040;1825;-0.004166903776800282
1041;1041;Population 2100;2100;sample_1041;1830;-0.02417004904263732
1042;1042;Population 2100;2100;sample_1042;1835;-0.013227787851007214
1043;1043;Population 2100;2100;sample_1043;1840;0.017303198314758586
1044;1044;Population 2100;2100;sample_1044;1845;-0.01183450533696739
1045;1045;Population 2100;2100;sample_1045;1850;-0.012605705452673723
1046;1046;Population 2100;2100;sample_1046;1855;-0.021536040787887796
1047;1047;Population 2100;2100;sample_1047;1860;-0.031513904325029096
1048;1048;Population 2100;2100;sample_1048;1865;-0.014644224047058094
1049;1049;Population 2100;2100;sample_1049;1870;-0.04126137245082235
1050;1050;Population 2100;2100;sample_1050;1875;-0.006791717667710415
1051;1051;Population 2100;2100;sample_1051;1880;0.013426249118786532
1052;1052;Population 2100;2100;sample_1052;1885;0.004914159022863774
1053;1053;Population 2100;2100;sample_1053;1890;-0.02820680698607858
1054;1054;Population 2100;2100;sample_1054;1895;-0.0020664181593410998
1055;1055;Population 2100;2100;sample_1055;1900;-0.018096582591729467
1056;1056;Population 2100;2100;sample_1056;1905;-0.015346406207962786
1057;1057;Population 2100;2100;sample_1057;1910;-0.011516062305580485
1058;1058;Population 2100;2100;sample_1058;1915;-0.026803264392609653
1059;1059;Population 2100;2100;sample_1059;1920;0.020716130730871953
1060;1060;Population 2100;2100;sample_1060;1925;0.007078335962016769
1061;1061;Population 2100;2100;sample_1061;1930;-0.02083411678235624
1062;1062;Population 2100;2100;sample_1062;1935;0.013070966314116604
1063;1063;Population 2100;2100;sample_1063;1940;-0.030479523108287554
1064;1064;Population 2100;2100;sample_1064;1945;-0.012156008382270461
1065;1065;Population 2100;2100;sample_1065;1950;-0.005723946652116544
1066;1066;Population 2100;2100;sample_1066;1955;-0.030491748220670696
1067;1067;Population 2100;2100;sample_1067;1960;-0.029653490588036086
1068;1068;Population 2100;2100;sample_1068;1965;-0.004250827601027194
1069;1069;Population 2100;2100;sample_1069;1970;0.001074055387236702
1070;1070;Population 2100;2100;sample_1070;1975;0.021572931458995286
1071;1071;Population 2100;2100;sample_1071;1980;-0.003491115032012223
1072;1072;Population 2100;2100;sample_1072;1985;0.024650168604091627
1073;1073;Population 2100;2100;sample_1073;1990;0.0018206833530609297
1074;1074;Population 2100;2100;sample_1074;1995;-0.03724356116754035
1075;1075;Population 2100;2100;sample_1075;2000;0.0027560109968576985
1076;1076;Population 2100;2100;sample_1076;2005;-0.01384219087635332
1077;1077;Population 2100;2100;sample_1077;2010;-0.025591914256604762
1078;1078;Population 2100;2100;sample_1078;2015;-0.017715830528966976
1079;1079;Population 2100;2100;sample_1079;2020;0.0002259619488867735
1080;1080;Population 2100;2100;sample_1080;2025;-0.011008170268865048
1081;1081;Population 2100;2100;sample_1081;2030;-0.009153018927359141
1082;1082;Population 2100;2100;sample_1082;2035;-0.005689974441731333
1083;1083;Population 2100;2100;sample_1083;2040;0.037687862179844954
1084;1084;Population 2100;2100;sample_1084;2045;-0.0011433067521645704
1085;1085;Population 2100;2100;sample_1085;2050;0.00676362796533414
1086;1086;Population 2100;2100;sample_1086;2055;0.009370844988055543
1087;1087;Population 2100;2100;sample_1087;2060;-0.004295769344940136
1088;1088;Population 2100;2100;sample_1088;2065;-0.010177987718496677
1089;1089;Population 2100;2100;sample_1089;2070;-0.007038480335780861
1090;1090;Population 2100;2100;sample_1090;2075;0.00415110151983539
1091;1091;Population 2100;2100;sample_1091;2080;-0.007782535388647491
1092;1092;Population 2100;2100;sample_1092;2085;0.001607894965776856
1093;1093;Population 2100;2100;sample_1093;2090;0.007301179738530069
1094;1094;Population 2100;2100;sample_1094;2095;0.02364668501701638
1095;1095;Population 2600;2600;sample_1095;5;-0.09913229992695498
1096;1096;Population 2600;2600;sample_1096;10;-0.11798630804876813
1097;1097;Population 2600;2600;sample_1097;15;-0.34885088742093967
1098;1098;Population 2600;2600;sample_1098;20;-0.256827221826906
1099;1099;Population 2600;2600;sample_1099;25;0.12075672768475976
1100;1100;Population 2600;2600;sample_1100;30;0.17229185510713305
1101;1101;Population 2600;2600;sample_1101;35;-0.13405632356358002
1102;1102;Population 2600;2600;sample_1102;40;-0.06340876804697386
1103;1103;Population 2600;2600;sample_1103;45;0.27405896332326163
1104;1104;Population 2600;2600;sample_1104;50;-0.03336848071816537
1105;1105;Population 2600;2600;sample_1105;55;0.051118574373395786
1106;1106;Population 2600;2600;sample_1106;60;0.08273428694289368
1107;1107;Population 2600;2600;sample_1107;65;-0.006227551389971728
1108;1108;Population 2600;2600;sample_1108;70;0.160620631237694
1109;1109;Population 2600;2600;sample_1109;75;0.0421096042570618
1110;1110;Population 2600;2600;sample_1110;80;-0.13323572166846373
1111;1111;Population 2600;2600;sample_1111;85;-0.04069961027771322
1112;1112;Population 2600;2600;sample_1112;90;0.04359939414119067
1113;1113;Population 2600;2600;sample_1113;95;-0.01576348810773617
1114;1114;Population 2600;2600;sample_1114;100;0.11088360157006895
1115;1115;Population 2600;2600;sample_1115;105;0.1504295801737546
1116;1116;Population 2600;2600;sample_1116;110;-0.09234703680895126
1117;1117;Population 2600;2600;sample_1117;115;0.06109569987259124
1118;1118;Population 2600;2600;sample_1118;120;0.0667330098998377
1119;1119;Population 2600;2600;sample_1119;125;0.07465216337305097
1120;1120;Population 2600;2600;sample_1120;130;-0.007596095385788112
1121;1121;Population 2600;2600;sample_1121;135;0.06840693300905416
1122;1122;Population 2600;2600;sample_1122;140;0.21788381653421657
1123;1123;Population 2600;2600;sample_1123;145;0.01205164677973411
1124;1124;Population 2600;2600;sample_1124;150;0.05250386080002876
1125;1125;Population 2600;2600;sample_1125;155;0.0409101728271613
1126;1126;Population 2600;2600;sample_1126;160;0.06564009447570927
1127;1127;Population 2600;2600;sample_1127;165;-0.07763081769875531
1128;1128;Population 2600;2600;sample_1128;170;-0.10429071179532243
1129;1129;Population 2600;2600;sample_1129;175;0.00033442272766205276
1130;1130;Population 2600;2600;sample_1130;180;0.029472259830089425
1131;1131;Population 2600;2600;sample_1131;185;-0.031818748193183095
1132;1132;Population 2600;2600;sample_1132;190;-0.05378935920184732
1133;1133;Population 2600;2600;sample_1133;195;0.0005770553288065957
1134;1134;Population 2600;2600;sample_1134;200;0.0009668811560987756
1135;1135;Population 2600;2600;sample_1135;205;-0.05223530786635704
1136;1136;Population 2600;2600;sample_1136;210;-0.03578573116367202
1137;1137;Population 2600;2600;sample_1137;215;-0.0066611702181637545
1138;1138;Population 2600;2600;sample_1138;220;-0.008412049770201735
1139;1139;Population 2600;2600;sample_1139;225;-0.03567961319772299
1140;1140;Population 2600;2600;sample_1140;230;-0.02199327823277787
1141;1141;Population 2600;2600;sample_1141;235;-0.01671444509027339
1142;1142;Population 2600;2600;sample_1142;240;0.04531630853436545
1143;1143;Population 2600;2600;sample_1143;245;-0.014835901811807481
1144;1144;Population 2600;2600;sample_1144;250;0.026704863578567516
1145;1145;Population 2600;2600;sample_1145;255;0.04440313123638851
1146;1146;Population 2600;2600;sample_1146;260;0.09878897043750125
1147;1147;Population 2600;2600;sample_1147;265;0.03685044541829622
1148;1148;Population 2600;2600;sample_1148;270;0.0012183224738942333
1149;1149;Population 2600;2600;sample_1149;275;0.023431530862802738
1150;1150;Population 2600;2600;sample_1150;280;0.03158055441376142
1151;1151;Population 2600;2600;sample_1151;285;0.008908066097523332
1152;1152;Population 2600;2600;sample_1152;290;0.050096593041766224
1153;1153;Population 2600;2600;sample_1153;295;-0.029298853329718655
1154;1154;Population 2600;2600;sample_1154;300;-0.0028093775268699457
1155;1155;Population 2600;2600;sample_1155;305;-0.060143631250987005
1156;1156;Population 2600;2600;sample_1156;310;-0.04711448081587587
1157;1157;Population 2600;2600;sample_1157;315;-0.008243864925324718
1158;1158;Population 2600;2600;sample_1158;320;0.04964023604291175
1159;1159;Population 2600;2600;sample_1159;325;0.03383118586313892
1160;1160;Population 2600;2600;sample_1160;330;0.06412123717632127
1161;1161;Population 2600;2600;sample_1161;335;-0.0007719526913429553
1162;1162;Population 2600;2600;sample_1162;340;0.005328718866271204
1163;1163;Population 2600;2600;sample_1163;345;0.04295688595851895
1164;1164;Population 2600;2600;sample_1164;350;0.01814983046983324
1165;1165;Population 2600;2600;sample_1165;355;-0.048930900599777435
1166;1166;Population 2600;2600;sample_1166;360;0.05523717065865538
1167;1167;Population 2600;2600;sample_1167;365;0.008635977325853578
1168;1168;Population 2600;2600;sample_1168;370;0.04882461418947433
1169;1169;Population 2600;2600;sample_1169;375;-0.01764619225791407
1170;1170;Population 2600;2600;sample_1170;380;0.009537888244123648
1171;1171;Population 2600;2600;sample_1171;385;0.10416865180339438
1172;1172;Population 2600;2600;sample_1172;390;-0.034288179416485313
1173;1173;Population 2600;2600;sample_1173;395;0.14407218967088953
1174;1174;Population 2600;2600;sample_1174;400;0.052834933898330425
1175;1175;Population 2600;2600;sample_1175;405;-0.09212667833342666
1176;1176;Population 2600;2600;sample_1176;410;-0.003281487628887681
1177;1177;Population 2600;2600;sample_1177;415;0.04213977999666124
1178;1178;Population 2600;2600;sample_1178;420;0.0068661943199924275
1179;1179;Population 2600;2600;sample_1179;425;0.011316691593802029
1180;1180;Population 2600;2600;sample_1180;430;-0.007254519523652033
1181;1181;Population 2600;2600;sample_1181;435;-0.04845807627127367
1182;1182;Population 2600;2600;sample_1182;440;-0.019643146063998942
1183;1183;Population 2600;2600;sample_1183;445;-0.008344920226283201
1184;1184;Population 2600;2600;sample_1184;450;0.042774159245247786
1185;1185;Population 2600;2600;sample_1185;455;0.031598224751871455
1186;1186;Population 2600;2600;sample_1186;460;-0.10066306656284411
1187;1187;Population 2600;2600;sample_1187;465;-0.05302750539562207
1188;1188;Population 2600;2600;sample_1188;470;-0.009318648392218078
1189;1189;Population 2600;2600;sample_1189;475;-0.06744717269859322
1190;1190;Population 2600;2600;sample_1190;480;-0.023991638355295074
1191;1191;Population 2600;2600;sample_1191;485;0.00558619860232165
1192;1192;Population 2600;2600;sample_1192;490;0.040896445571143476
1193;1193;Population 2600;2600;sample_1193;495;-0.002456993310986726
1194;1194;Population 2600;2600;sample_1194;500;-0.023321464780300418
1195;1195;Population 2600;2600;sample_1195;505;0.02739829968172247
1196;1196;Population 2600;2600;sample_1196;510;-0.033104472452783994
1197;1197;Population 2600;2600;sample_1197;515;-0.0576836529687641
1198;1198;Population 2600;2600;sample_1198;520;-0.007401725985387656
1199;1199;Population 2600;2600;sample_1199;525;-0.048513108785134575
1200;1200;Population 2600;2600;sample_1200;530;-0.028187482067079325
1201;1201;Population 2600;2600;sample_1201;535;0.07284018132158303
1202;1202;Population 2600;2600;sample_1202;540;0.01412805919855335
1203;1203;Population 2600;2600;sample_1203;545;-0.02911418163018999
1204;1204;Population 2600;2600;sample_1204;550;-0.07593720909658222
1205;1205;Population 2600;2600;sample_1205;555;0.04021970830327798
1206;1206;Population 2600;2600;sample_1206;560;0.005629058454964366
1207;1207;Population 2600;2600;sample_1207;565;-0.013007865060918123
1208;1208;Population 2600;2600;sample_1208;570;0.032535980839294175
1209;1209;Population 2600;2600;sample_1209;575;0.045533794722106204
1210;1210;Population 2600;2600;sample_1210;580;0.00810904084148739
1211;1211;Population 2600;2600;sample_1211;585;-0.06034601427480664
1212;1212;Population 2600;2600;sample_1212;590;-0.013878204056189326
1213;1213;Population 2600;2600;sample_1213;595;-0.022602533861805472
1214;1214;Population 2600;2600;sample_1214;600;-0.03377907203858308
1215;1215;Population 2600;2600;sample_1215;605;-0.018998175163950318
1216;1216;Population 2600;2600;sample_1216;610;-0.014971877439418132
1217;1217;Population 2600;2600;sample_1217;615;0.007406882290075343
1218;1218;Population 2600;2600;sample_1218;620;-0.009013810321768878
1219;1219;Population 2600;2600;sample_1219;625;-0.02252343831080355
1220;1220;Population 2600;2600;sample_1220;630;-0.02103645406251972
1221;1221;Population 2600;2600;sample_1221;635;0.020927199398990695
1222;1222;Population 2600;2600;sample_1222;640;-0.013204216280821612
1223;1223;Population 2600;2600;sample_1223;645;-0.026575362499153096
1224;1224;Population 2600;2600;sample_1224;650;-0.02751905032131235
1225;1225;Population 2600;2600;sample_1225;655;-0.004982620810425854
1226;1226;Population 2600;2600;sample_1226;660;-0.0019195506494587187
1227;1227;Population 2600;2600;sample_1227;665;-0.034289158625698195
1228;1228;Population 2600;2600;sample_1228;670;-0.009271823811614467
1229;1229;Population 2600;2600;sample_1229;675;0.02660759326576218
1230;1230;Population 2600;2600;sample_1230;680;-0.00966043035643269
1231;1231;Population 2600;2600;sample_1231;685;0.008671027164578099
1232;1232;Population 2600;2600;sample_1232;690;-0.011157082677714312
1233;1233;Population 2600;2600;sample_1233;695;-0.03731067814235091
1234;1234;Population 2600;2600;sample_1234;700;0.0046583997360629195
1235;1235;Population 2600;2600;sample_1235;705;-0.012801469934869336
1236;1236;Population 2600;2600;sample_1236;710;-0.0051107655433753245
1237;1237;Population 2600;2600;sample_1237;715;-0.0385460193185717
1238;1238;Population 2600;2600;sample_1238;720;-0.007109433480844007
1239;1239;Population 2600;2600;sample_1239;725;-0.004923604884075251
1240;1240;Population 2600;2600;sample_1240;730;-0.001353352098694148
1241;1241;Population 2600;2600;sample_1241;735;0.03798225940553819
1242;1242;Population 2600;2600;sample_1242;740;-0.02195400774313059
1243;1243;Population 2600;2600;sample_1243;745;-0.004698480443178928
1244;1244;Population 2600;2600;sample_1244;750;0.056122482184765746
1245;1245;Population 2600;2600;sample_1245;755;0.02764923861775645
1246;1246;Population 2600;2600;sample_1246;760;0.025393624773708493
1247;1247;Population 2600;2600;sample_1247;765;-0.011914716857982477
1248;1248;Population 2600;2600;sample_1248;770;-0.005150007303800661
1249;1249;Population 2600;2600;sample_1249;775;0.04508976923220343
1250;1250;Population 2600;2600;sample_1250;780;0.0752025252408838
1251;1251;Population 2600;2600;sample_1251;785;-0.006117017617269098
1252;1252;Population 2600;2600;sample_1252;790;-0.03167948825505706
1253;1253;Population 2600;2600;sample_1253;795;0.011209061367823842
1254;1254;Population 2600;2600;sample_1254;800;-0.03261618163222876
1255;1255;Population 2600;2600;sample_1255;805;-0.012057137903881566
1256;1256;Population 2600;2600;sample_1256;810;0.016425298212243398
1257;1257;Population 2600;2600;sample_1257;815;-0.03524741039596219
1258;1258;Population 2600;2600;sample_1258;820;-0.0372351575182949
1259;1259;Population 2600;2600;sample_1259;825;0.042080130812702544
1260;1260;Population 2600;2600;sample_1260;830;-0.013877950279957007
1261;1261;Population 2600;2600;sample_1261;835;-0.0008450655457072098
1262;1262;Population 2600;2600;sample_1262;840;-0.02178506702372056
1263;1263;Population 2600;2600;sample_1263;845;0.008738183850464739
1264;1264;Population 2600;2600;sample_1264;850;-0.004735481429857824
1265;1265;Population 2600;2600;sample_1265;855;-0.03516378593348898
1266;1266;Population 2600;2600;sample_1266;860;-0.01463767736234265
1267;1267;Population 2600;2600;sample_1267;865;-0.01725617277873211
1268;1268;Population 2600;2600;sample_1268;870;0.04942822430417208
1269;1269;Population 2600;2600;sample_1269;875;-0.015029236270113367
1270;1270;Population 2600;2600;sample_1270;880;-0.0529968031110254
1271;1271;Population 2600;2600;sample_1271;885;-0.05286985388197931
1272;1272;Population 2600;2600;sample_1272;890;-0.022711702513851517
1273;1273;Population 2600;2600;sample_1273;895;0.00881847405984454
1274;1274;Population 2600;2600;sample_1274;900;-0.02261251469109251
1275;1275;Population 2600;2600;sample_1275;905;0.00584597463388827
1276;1276;Population 2600;2600;sample_1276;910;7.702332699533056e-05
1277;1277;Population 2600;2600;sample_1277;915;-0.019930888257149577
1278;1278;Population 2600;2600;sample_1278;920;-0.035004781204426974
1279;1279;Population 2600;2600;sample_1279;925;-0.022991838165389255
1280;1280;Population 2600;2600;sample_1280;930;0.017108687712262236
1281;1281;Population 2600;2600;sample_1281;935;-0.019527360439047462
1282;1282;Population 2600;2600;sample_1282;940;-0.03258755264080107
1283;1283;Population 2600;2600;sample_1283;945;-0.06599950103399359
1284;1284;Population 2600;2600;sample_1284;950;-0.001909574705514739
1285;1285;Population 2600;2600;sample_1285;955;-0.035164272032087815
1286;1286;Population 2600;2600;sample_1286;960;-0.016159107998120606
1287;1287;Population 2600;2600;sample_1287;965;-0.00815146284770924
1288;1288;Population 2600;2600;sample_1288;970;0.0023861259629101234
1289;1289;Population 2600;2600;sample_1289;975;0.011155855316884601
1290;1290;Population 2600;2600;sample_1290;980;-0.014811335395304735
1291;1291;Population 2600;2600;sample_1291;985;0.011442847422084682
1292;1292;Population 2600;2600;sample_1292;990;0.010244514796837809
1293;1293;Population 2600;2600;sample_1293;995;-0.028232503572028163
1294;1294;Population 2600;2600;sample_1294;1000;0.010633891475155064
1295;1295;Population 2600;2600;sample_1295;1005;-0.00778374709321533
1296;1296;Population 2600;2600;sample_1296;1010;-0.004496697576453175
1297;1297;Population 2600;2600;sample_1297;1015;0.042750728090752206
1298;1298;Population 2600;2600;sample_1298;1020;0.019676164090866272
1299;1299;Population 2600;2600;sample_1299;1025;-0.05488701064268959
1300;1300;Population 2600;2600;sample_1300;1030;0.051152089018468516
1301;1301;Population 2600;2600;sample_1301;1035;0.0058690445414794545
1302;1302;Population 2600;2600;sample_1302;1040;-0.020033293870405523
1303;1303;Population 2600;2600;sample_1303;1045;-0.03978924407787534
1304;1304;Population 2600;2600;sample_1304;1050;-0.011569688958887771
1305;1305;Population 2600;2600;sample_1305;1055;0.01671186295657335
1306;1306;Population 2600;2600;sample_1306;1060;-0.04296616022233401
1307;1307;Population 2600;2600;sample_1307;1065;-0.010345530334217205
1308;1308;Population 2600;2600;sample_1308;1070;-0.012994646489282821
1309;1309;Population 2600;2600;sample_1309;1075;0.009890400335512112
1310;1310;Population 2600;2600;sample_1310;1080;-0.009026804988210775
1311;1311;Population 2600;2600;sample_1311;1085;-0.006848240714050127
1312;1312;Population 2600;2600;sample_1312;1090;-0.012516218738040385
1313;1313;Population 2600;2600;sample_1313;1095;-0.014382404044606613
1314;1314;Population 2600;2600;sample_1314;1100;0.0201374981016493
1315;1315;Population 2600;2600;sample_1315;1105;-0.03378682739928849
1316;1316;Population 2600;2600;sample_1316;1110;0.023442020774965884
1317;1317;Population 2600;2600;sample_1317;1115;-0.015860976487056727
1318;1318;Population 2600;2600;sample_1318;1120;-0.040310554250015035
1319;1319;Population 2600;2600;sample_1319;1125;-0.002692580690734629
1320;1320;Population 2600;2600;sample_1320;1130;-0.025946734687697825
1321;1321;Population 2600;2600;sample_1321;1135;-0.034928653825430256
1322;1322;Population 2600;2600;sample_1322;1140;0.05933951864319785
1323;1323;Population 2600;2600;sample_1323;1145;0.027707495248282622
1324;1324;Population 2600;2600;sample_1324;1150;0.0017092651886207477
1325;1325;Population 2600;2600;sample_1325;1155;-0.015688689751754997
1326;1326;Population 2600;2600;sample_1326;1160;0.0168772942183759
1327;1327;Population 2600;2600;sample_1327;1165;-0.010110095181281416
1328;1328;Population 2600;2600;sample_1328;1170;-0.0178844694754607
1329;1329;Population 2600;2600;sample_1329;1175;0.002836790887971592
1330;1330;Population 2600;2600;sample_1330;1180;-0.005081961845783114
1331;1331;Population 2600;2600;sample_1331;1185;0.02130509935542845
1332;1332;Population 2600;2600;sample_1332;1190;-0.0031152204015384684
1333;1333;Population 2600;2600;sample_1333;1195;0.0005262756487987644
1334;1334;Population 2600;2600;sample_1334;1200;-0.010909305405247007
1335;1335;Population 2600;2600;sample_1335;1205;0.01991758689216417
1336;1336;Population 2600;2600;sample_1336;1210;-0.03477125598630079
1337;1337;Population 2600;2600;sample_1337;1215;-0.022603701359778492
1338;1338;Population 2600;2600;sample_1338;1220;-0.028203785553117665
1339;1339;Population 2600;2600;sample_1339;1225;-0.024525577461465886
1340;1340;Population 2600;2600;sample_1340;1230;-0.011053691362589027
1341;1341;Population 2600;2600;sample_1341;1235;0.025183782382264465
1342;1342;Population 2600;2600;sample_1342;1240;0.0021689158482851075
1343;1343;Population 2600;2600;sample_1343;1245;-0.037350094925891704
1344;1344;Population 2600;2600;sample_1344;1250;0.0415252970331049
1345;1345;Population 2600;2600;sample_1345;1255;0.02459360216197729
1346;1346;Population 2600;2600;sample_1346;1260;-0.03545979416789798
1347;1347;Population 2600;2600;sample_1347;1265;-0.015093196653755076
1348;1348;Population 2600;2600;sample_1348;1270;-0.004068129588800272
1349;1349;Population 2600;2600;sample_1349;1275;-0.055678189814943074
1350;1350;Population 2600;2600;sample_1350;1280;0.005789661202358314
1351;1351;Population 2600;2600;sample_1351;1285;-0.006234944801587087
1352;1352;Population 2600;2600;sample_1352;1290;-0.038557502104599295
1353;1353;Population 2600;2600;sample_1353;1295;0.08685416470108934
1354;1354;Population 2600;2600;sample_1354;1300;-0.020725465655079135
1355;1355;Population 2600;2600;sample_1355;1305;0.010608620035268856
1356;1356;Population 2600;2600;sample_1356;1310;-0.052501551114766634
1357;1357;Population 2600;2600;sample_1357;1315;0.010517731980321743
1358;1358;Population 2600;2600;sample_1358;1320;-0.004097491432700777
1359;1359;Population 2600;2600;sample_1359;1325;-0.03553255107266644
1360;1360;Population 2600;2600;sample_1360;1330;-0.017580122117356642
1361;1361;Population 2600;2600;sample_1361;1335;-0.0019412072587897057
1362;1362;Population 2600;2600;sample_1362;1340;-0.025909852737585327
1363;1363;Population 2600;2600;sample_1363;1345;0.013680030315234671
1364;1364;Population 2600;2600;sample_1364;1350;0.015070034052826852
1365;1365;Population 2600;2600;sample_1365;1355;0.0030022128257924767
1366;1366;Population 2600;2600;sample_1366;1360;0.026594460244292767
1367;1367;Population 2600;2600;sample_1367;1365;0.036381048887925475
1368;1368;Population 2600;2600;sample_1368;1370;-0.017440901810806403
1369;1369;Population 2600;2600;sample_1369;1375;0.007578812659496069
1370;1370;Population 2600;2600;sample_1370;1380;-0.04571728971244633
1371;1371;Population 2600;2600;sample_1371;1385;-0.005966229991863342
1372;1372;Population 2600;2600;sample_1372;1390;-0.03939145295985681
1373;1373;Population 2600;2600;sample_1373;1395;0.017726954471449077
1374;1374;Population 2600;2600;sample_1374;1400;0.020170996770608567
1375;1375;Population 2600;2600;sample_1375;1405;-0.02227212515414291
1376;1376;Population 2600;2600;sample_1376;1410;-0.02084494833068139
1377;1377;Population 2600;2600;sample_1377;1415;-0.012024105354440175
1378;1378;Population 2600;2600;sample_1378;1420;-0.011403409524651084
1379;1379;Population 2600;2600;sample_1379;1425;0.006544825267879102
1380;1380;Population 2600;2600;sample_1380;1430;-0.017468509423479155
1381;1381;Population 2600;2600;sample_1381;1435;-0.0050846896700569525
1382;1382;Population 2600;2600;sample_1382;1440;0.02846786351262998
1383;1383;Population 2600;2600;sample_1383;1445;-0.038871829329429945
1384;1384;Population 2600;2600;sample_1384;1450;0.0014584369191691568
1385;1385;Population 2600;2600;sample_1385;1455;-0.03876272160096072
1386;1386;Population 2600;2600;sample_1386;1460;-0.006836455675240328
1387;1387;Population 2600;2600;sample_1387;1465;0.030607122156842845
1388;1388;Population 2600;2600;sample_1388;1470;-0.031467316403746524
1389;1389;Population 2600;2600;sample_1389;1475;-0.050275697134609575
1390;1390;Population 2600;2600;sample_1390;1480;-0.012549639639026307
1391;1391;Population 2600;2600;sample_1391;1485;-0.037348133385604235
1392;1392;Population 2600;2600;sample_1392;1490;0.01923860961608898
1393;1393;Population 2600;2600;sample_1393;1495;-0.004318827637394551
1394;1394;Population 2600;2600;sample_1394;1500;0.00834646081489009
1395;1395;Population 2600;2600;sample_1395;1505;-0.016207277050701324
1396;1396;Population 2600;2600;sample_1396;1510;0.008116897091311788
1397;1397;Population 2600;2600;sample_1397;1515;-0.02370514994981124
1398;1398;Population 2600;2600;sample_1398;1520;-0.010236484263192831
1399;1399;Population 2600;2600;sample_1399;1525;-0.018367592056064544
1400;1400;Population 2600;2600;sample_1400;1530;0.01590101111709656
1401;1401;Population 2600;2600;sample_1401;1535;0.017441356585627333
1402;1402;Population 2600;2600;sample_1402;1540;-0.01795775885609023
1403;1403;Population 2600;2600;sample_1403;1545;0.012176733397973979
1404;1404;Population 2600;2600;sample_1404;1550;-0.02327457242607275
1405;1405;Population 2600;2600;sample_1405;1555;-0.004232645630884925
1406;1406;Population 2600;2600;sample_1406;1560;0.023218634286594052
1407;1407;Population 2600;2600;sample_1407;1565;0.029804312775270698
1408;1408;Population 2600;2600;sample_1408;1570;-0.0178545283202459
1409;1409;Population 2600;2600;sample_1409;1575;-0.013279920010887408
1410;1410;Population 2600;2600;sample_1410;1580;0.0019000394650018672
1411;1411;Population 2600;2600;sample_1411;1585;0.037264597779136814
1412;1412;Population 2600;2600;sample_1412;1590;-0.020747856874681683
1413;1413;Population 2600;2600;sample_1413;1595;-0.0209789269038269
1414;1414;Population 2600;2600;sample_1414;1600;0.012137591962599791
1415;1415;Population 2600;2600;sample_1415;1605;-0.012153779523005571
1416;1416;Population 2600;2600;sample_1416;1610;0.03412845137695492
1417;1417;Population 2600;2600;sample_1417;1615;0.013715404711088106
1418;1418;Population 2600;2600;sample_1418;1620;-0.004250665067758613
1419;1419;Population 2600;2600;sample_1419;1625;0.024853539683765944
1420;1420;Population 2600;2600;sample_1420;1630;-0.019243256621832707
1421;1421;Population 2600;2600;sample_1421;1635;-0.008285297815263782
1422;1422;Population 2600;2600;sample_1422;1640;0.014459314747189235
1423;1423;Population 2600;2600;sample_1423;1645;-0.03361947510220799
1424;1424;Population 2600;2600;sample_1424;1650;0.0026902110629327338
1425;1425;Population 2600;2600;sample_1425;1655;0.008948812473821247
1426;1426;Population 2600;2600;sample_1426;1660;-0.032292623663684655
1427;1427;Population 2600;2600;sample_1427;1665;0.007140937823690768
1428;1428;Population 2600;2600;sample_1428;1670;0.04233655454325485
1429;1429;Population 2600;2600;sample_1429;1675;0.010094710063894084
1430;1430;Population 2600;2600;sample_1430;1680;-0.015185519796924075
1431;1431;Population 2600;2600;sample_1431;1685;-0.03435710261202392
1432;1432;Population 2600;2600;sample_1432;1690;-0.014712105882800459
1433;1433;Population 2600;2600;sample_1433;1695;-0.01851385837477031
1434;1434;Population 2600;2600;sample_1434;1700;0.013957709900529393
1435;1435;Population 2600;2600;sample_1435;1705;-0.00591118205272772
1436;1436;Population 2600;2600;sample_1436;1710;-0.028924515356032264
1437;1437;Population 2600;2600;sample_1437;1715;-0.02379977600614304
1438;1438;Population 2600;2600;sample_1438;1720;0.008495936506471605
1439;1439;Population 2600;2600;sample_1439;1725;-0.022047961574077343
1440;1440;Population 2600;2600;sample_1440;1730;-0.017657230815255283
1441;1441;Population 2600;2600;sample_1441;1735;-0.01669888526512928
1442;1442;Population 2600;2600;sample_1442;1740;0.005781625055905527
1443;1443;Population 2600;2600;sample_1443;1745;-0.012586944988806924
1444;1444;Population 2600;2600;sample_1444;1750;-0.0059228152342593685
1445;1445;Population 2600;2600;sample_1445;1755;-0.02787596062059216
1446;1446;Population 2600;2600;sample_1446;1760;-0.0013787319164555868
1447;1447;Population 2600;2600;sample_1447;1765;0.02762923839501813
1448;1448;Population 2600;2600;sample_1448;1770;-0.005924384892655029
1449;1449;Population 2600;2600;sample_1449;1775;0.009502378781945568
1450;1450;Population 2600;2600;sample_1450;1780;-0.010447267442780763
1451;1451;Population 2600;2600;sample_1451;1785;-0.01619557344071333
1452;1452;Population 2600;2600;sample_1452;1790;-0.043238618477654735
1453;1453;Population 2600;2600;sample_1453;1795;0.007377158971008241
1454;1454;Population 2600;2600;sample_1454;1800;0.019317684156694718
1455;1455;Population 2600;2600;sample_1455;1805;0.018127222171078265
1456;1456;Population 2600;2600;sample_1456;1810;-0.0079855980753777
1457;1457;Population 2600;2600;sample_1457;1815;-0.01568230699661314
1458;1458;Population 2600;2600;sample_1458;1820;-0.013687007519930716
1459;1459;Population 2600;2600;sample_1459;1825;-0.0019515568579204902
1460;1460;Population 2600;2600;sample_1460;1830;-0.024873280366755044
1461;1461;Population 2600;2600;sample_1461;1835;-0.015536453313876961
1462;1462;Population 2600;2600;sample_1462;1840;0.0010618634085096455
1463;1463;Population 2600;2600;sample_1463;1845;0.004185959409038379
1464;1464;Population 2600;2600;sample_1464;1850;0.003156543127856348
1465;1465;Population 2600;2600;sample_1465;1855;0.01285198109467488
1466;1466;Population 2600;2600;sample_1466;1860;0.016388145315315336
1467;1467;Population 2600;2600;sample_1467;1865;-0.0032194426689220435
1468;1468;Population 2600;2600;sample_1468;1870;0.003286248199793449
1469;1469;Population 2600;2600;sample_1469;1875;-0.00716431970242674
1470;1470;Population 2600;2600;sample_1470;1880;-0.003904319312071844
1471;1471;Population 2600;2600;sample_1471;1885;-0.032140422220558684
1472;1472;Population 2600;2600;sample_1472;1890;-0.023395951438359826
1473;1473;Population 2600;2600;sample_1473;1895;-0.022159830865797505
1474;1474;Population 2600;2600;sample_1474;1900;0.0006985449006366523
1475;1475;Population 2600;2600;sample_1475;1905;-0.015683662320361443
1476;1476;Population 2600;2600;sample_1476;1910;0.015716517943259633
1477;1477;Population 2600;2600;sample_1477;1915;0.00545122873817618
1478;1478;Population 2600;2600;sample_1478;1920;-0.012006163121683474
1479;1479;Population 2600;2600;sample_1479;1925;-0.009535805441267286
1480;1480;Population 2600;2600;sample_1480;1930;-0.020024973903966882
1481;1481;Population 2600;2600;sample_1481;1935;-0.005470541983455431
1482;1482;Population 2600;2600;sample_1482;1940;-0.0038831570357466512
1483;1483;Population 2600;2600;sample_1483;1945;-0.04294764986898373
1484;1484;Population 2600;2600;sample_1484;1950;-0.017252558086686916
1485;1485;Population 2600;2600;sample_1485;1955;-0.0028329295548630857
1486;1486;Population 2600;2600;sample_1486;1960;-0.004399213418160897
1487;1487;Population 2600;2600;sample_1487;1965;0.018736668499575695
1488;1488;Population 2600;2600;sample_1488;1970;-0.04709440003903659
1489;1489;Population 2600;2600;sample_1489;1975;0.019675673456460797
1490;1490;Population 2600;2600;sample_1490;1980;0.018690113754990557
1491;1491;Population 2600;2600;sample_1491;1985;-0.010331176809721463
1492;1492;Population 2600;2600;sample_1492;1990;0.0033978384340599506
1493;1493;Population 2600;2600;sample_1493;1995;-0.01642091820313505
1494;1494;Population 2600;2600;sample_1494;2000;0.004761386855477308
1495;1495;Population 2600;2600;sample_1495;2005;0.0026524767881893666
1496;1496;Population 2600;2600;sample_1496;2010;0.020746507602163785
1497;1497;Population 2600;2600;sample_1497;2015;-0.005493967797896144
1498;1498;Population 2600;2600;sample_1498;2020;-0.036277618511080474
1499;1499;Population 2600;2600;sample_1499;2025;-0.021767474437596347
1500;1500;Population 2600;2600;sample_1500;2030;0.007321973257290635
1501;1501;Population 2600;2600;sample_1501;2035;-0.0013325357722505028
1502;1502;Population 2600;2600;sample_1502;2040;-0.01504923138390759
1503;1503;Population 2600;2600;sample_1503;2045;-0.005413562499737758
1504;1504;Population 2600;2600;sample_1504;2050;-0.013514364724249354
1505;1505;Population 2600;2600;sample_1505;2055;0.010087689778016136
1506;1506;Population 2600;2600;sample_1506;2060;-0.009916085281750444
1507;1507;Population 2600;2600;sample_1507;2065;-0.03682185817056509
1508;1508;Population 2600;2600;sample_1508;2070;0.00937774917705855
1509;1509;Population 2600;2600;sample_1509;2075;-0.0029807682056081667
1510;1510;Population 2600;2600;sample_1510;2080;-0.0005945423564703417
1511;1511;Population 2600;2600;sample_1511;2085;0.011060406472987798
1512;1512;Population 2600;2600;sample_1512;2090;0.016978483751568223
1513;1513;Population 2600;2600;sample_1513;2095;0.019354070848638077
1514;1514;Population 2600;2600;sample_1514;2100;-0.015386618901828018
1515;1515;Population 2600;2600;sample_1515;2105;-0.01746106744736083
1516;1516;Population 2600;2600;sample_1516;2110;-0.009710181580710978
1517;1517;Population 2600;2600;sample_1517;2115;-0.0009328772536181752
1518;1518;Population 2600;2600;sample_1518;2120;-0.0061646453819328715
1519;1519;Population 2600;2600;sample_1519;2125;-0.015296811851116542
1520;1520;Population 2600;2600;sample_1520;2130;0.036435319330507414
1521;1521;Population 2600;2600;sample_1521;2135;-0.00042143332286520015
1522;1522;Population 2600;2600;sample_1522;2140;-0.016427498360858175
1523;1523;Population 2600;2600;sample_1523;2145;-0.028355179876019942
1524;1524;Population 2600;2600;sample_1524;2150;-0.022526930278084892
1525;1525;Population 2600;2600;sample_1525;2155;0.013974352053731494
1526;1526;Population 2600;2600;sample_1526;2160;-0.011317560239351395
1527;1527;Population 2600;2600;sample_1527;2165;-0.02267676660572472
1528;1528;Population 2600;2600;sample_1528;2170;0.017661767495346342
1529;1529;Population 2600;2600;sample_1529;2175;-0.016417837170337
1530;1530;Population 2600;2600;sample_1530;2180;-0.013028048261282916
1531;1531;Population 2600;2600;sample_1531;2185;-0.031550324470596657
1532;1532;Population 2600;2600;sample_1532;2190;-0.012249464506356151
1533;1533;Population 2600;2600;sample_1533;2195;-0.008469435952529443
1534;1534;Population 2600;2600;sample_1534;2200;-0.01504384703857164
1535;1535;Population 2600;2600;sample_1535;2205;0.0030469039302789347
1536;1536;Population 2600;2600;sample_1536;2210;0.0021620600967816937
1537;1537;Population 2600;2600;sample_1537;2215;0.014216595775808536
1538;1538;Population 2600;2600;sample_1538;2220;0.0011762438238748236
1539;1539;Population 2600;2600;sample_1539;2225;0.012056876562771497
1540;1540;Population 2600;2600;sample_1540;2230;0.011513201563150938
1541;1541;Population 2600;2600;sample_1541;2235;-0.01840905623215357
1542;1542;Population 2600;2600;sample_1542;2240;0.011112725199704595
1543;1543;Population 2600;2600;sample_1543;2245;-0.016684098186057216
1544;1544;Population 2600;2600;sample_1544;2250;0.0006007287109949652
1545;1545;Population 2600;2600;sample_1545;2255;0.015541354247023563
1546;1546;Population 2600;2600;sample_1546;2260;-0.01999023388379234
1547;1547;Population 2600;2600;sample_1547;2265;-0.010506627712544616
1548;1548;Population 2600;2600;sample_1548;2270;-0.011145611552524897
1549;1549;Population 2600;2600;sample_1549;2275;0.011921206705879739
1550;1550;Population 2600;2600;sample_1550;2280;-0.030297088327436827
1551;1551;Population 2600;2600;sample_1551;2285;-0.0035922222378403437
1552;1552;Population 2600;2600;sample_1552;2290;0.01428587810284716
1553;1553;Population 2600;2600;sample_1553;2295;0.003286321134055395
1554;1554;Population 2600;2600;sample_1554;2300;-0.03578836612675041
1555;1555;Population 2600;2600;sample_1555;2305;-0.004554950637157884
1556;1556;Population 2600;2600;sample_1556;2310;-0.0015809604786500818
1557;1557;Population 2600;2600;sample_1557;2315;0.0059525283802738665
1558;1558;Population 2600;2600;sample_1558;2320;-0.009775073588436132
1559;1559;Population 2600;2600;sample_1559;2325;-0.017702984415048476
1560;1560;Population 2600;2600;sample_1560;2330;-0.005200465843515375
1561;1561;Population 2600;2600;sample_1561;2335;0.005923159919057591
1562;1562;Population 2600;2600;sample_1562;2340;-0.01067597413379431
1563;1563;Population 2600;2600;sample_1563;2345;-0.02811752448269366
1564;1564;Population 2600;2600;sample_1564;2350;0.014883057122933236
1565;1565;Population 2600;2600;sample_1565;2355;-0.02233861295670407
1566;1566;Population 2600;2600;sample_1566;2360;-0.017865994297986805
1567;1567;Population 2600;2600;sample_1567;2365;-0.004963021670601674
1568;1568;Population 2600;2600;sample_1568;2370;-0.012149391267160959
1569;1569;Population 2600;2600;sample_1569;2375;0.006355592776421998
1570;1570;Population 2600;2600;sample_1570;2380;-0.0034115653719135088
1571;1571;Population 2600;2600;sample_1571;2385;-0.021672469286652552
1572;1572;Population 2600;2600;sample_1572;2390;0.01410300396393642
1573;1573;Population 2600;2600;sample_1573;2395;-0.0016176745212198346
1574;1574;Population 2600;2600;sample_1574;2400;-0.018769357113527303
1575;1575;Population 2600;2600;sample_1575;2405;-0.03513306791325026
1576;1576;Population 2600;2600;sample_1576;2410;-0.013960446568798206
1577;1577;Population 2600;2600;sample_1577;2415;-0.0033711603757740675
1578;1578;Population 2600;2600;sample_1578;2420;0.020666954450679943
1579;1579;Population 2600;2600;sample_1579;2425;0.007744718154892347
1580;1580;Population 2600;2600;sample_1580;2430;0.0011378594382885465
1581;1581;Population 2600;2600;sample_1581;2435;-0.003660548067137274
1582;1582;Population 2600;2600;sample_1582;2440;0.01305899074705662
1583;1583;Population 2600;2600;sample_1583;2445;0.0024977341547304274
1584;1584;Population 2600;2600;sample_1584;2450;-0.014299466956404
1585;1585;Population 2600;2600;sample_1585;2455;0.024908728435525378
1586;1586;Population 2600;2600;sample_1586;2460;-0.007894453259044174
1587;1587;Population 2600;2600;sample_1587;2465;0.01057826875498503
1588;1588;Population 2600;2600;sample_1588;2470;-0.0033930591896005795
1589;1589;Population 2600;2600;sample_1589;2475;0.01946149000646766
1590;1590;Population 2600;2600;sample_1590;2480;-0.020508444282654602
1591;1591;Population 2600;2600;sample_1591;2485;0.0010166455801985544
1592;1592;Population 2600;2600;sample_1592;2490;-0.0009364582713145889
1593;1593;Population 2600;2600;sample_1593;2495;-0.01733381924052572
1594;1594;Population 2600;2600;sample_1594;2500;0.00046090370055997735
1595;1595;Population 2600;2600;sample_1595;2505;-0.013313359971847844
1596;1596;Population 2600;2600;sample_1596;2510;0.010671883001825947
1597;1597;Population 2600;2600;sample_1597;2515;0.006280904852842782
1598;1598;Population 2600;2600;sample_1598;2520;-0.008775534712502182
1599;1599;Population 2600;2600;sample_1599;2525;-0.018927271372313835
1600;1600;Population 2600;2600;sample_1600;2530;0.011188678674644787
1601;1601;Population 2600;2600;sample_1601;2535;-0.025136451073221718
1602;1602;Population 2600;2600;sample_1602;2540;0.0022012312275190697
1603;1603;Population 2600;2600;sample_1603;2545;-0.02821937499640847
1604;1604;Population 2600;2600;sample_1604;2550;-0.01655953425345416
1605;1605;Population 2600;2600;sample_1605;2555;0.0047229290459246545
1606;1606;Population 2600;2600;sample_1606;2560;0.007206729348362795
1607;1607;Population 2600;2600;sample_1607;2565;0.0029941672248987045
1608;1608;Population 2600;2600;sample_1608;2570;-0.006511551316470905
1609;1609;Population 2600;2600;sample_1609;2575;-0.028158474947784225
1610;1610;Population 2600;2600;sample_1610;2580;0.015819019260852066
1611;1611;Population 2600;2600;sample_1611;2585;-0.018963285257836946
1612;1612;Population 2600;2600;sample_1612;2590;0.013116298325821679
1613;1613;Population 2600;2600;sample_1613;2595;0.028910176823475967
1614;1614;Population 3100;3100;sample_1614;5;-0.24875027477152659
1615;1615;Population 3100;3100;sample_1615;10;0.003876882099754164
1616;1616;Population 3100;3100;sample_1616;15;-0.03414847402477581
1617;1617;Population 3100;3100;sample_1617;20;0.27863825499315975
1618;1618;Population 3100;3100;sample_1618;25;-0.1110097899419128
1619;1619;Population 3100;3100;sample_1619;30;-0.30079294394687
1620;1620;Population 3100;3100;sample_1620;35;-0.13176445432565934
1621;1621;Population 3100;3100;sample_1621;40;-0.19264440399460656
1622;1622;Population 3100;3100;sample_1622;45;-0.05261795757428709
1623;1623;Population 3100;3100;sample_1623;50;-0.08844675929578344
1624;1624;Population 3100;3100;sample_1624;55;-0.13636793157139182
1625;1625;Population 3100;3100;sample_1625;60;0.1129696124602384
1626;1626;Population 3100;3100;sample_1626;65;0.003987097446739186
1627;1627;Population 3100;3100;sample_1627;70;0.22772961221282148
1628;1628;Population 3100;3100;sample_1628;75;-0.3507279828670922
1629;1629;Population 3100;3100;sample_1629;80;0.07760693470365698
1630;1630;Population 3100;3100;sample_1630;85;-0.009446498408356978
1631;1631;Population 3100;3100;sample_1631;90;0.19668926295948427
1632;1632;Population 3100;3100;sample_1632;95;-0.03923407948909735
1633;1633;Population 3100;3100;sample_1633;100;0.17125679570244132
1634;1634;Population 3100;3100;sample_1634;105;0.01417880316580808
1635;1635;Population 3100;3100;sample_1635;110;0.1607543769617483
1636;1636;Population 3100;3100;sample_1636;115;0.059196271954254205
1637;1637;Population 3100;3100;sample_1637;120;-0.028688150318163796
1638;1638;Population 3100;3100;sample_1638;125;0.02113183156024585
1639;1639;Population 3100;3100;sample_1639;130;-0.01107011875507937
1640;1640;Population 3100;3100;sample_1640;135;0.11567148658930909
1641;1641;Population 3100;3100;sample_1641;140;-0.20265264691916565
1642;1642;Population 3100;3100;sample_1642;145;-0.1298572123442143
1643;1643;Population 3100;3100;sample_1643;150;0.09157179097369175
1644;1644;Population 3100;3100;sample_1644;155;0.10143826709405293
1645;1645;Population 3100;3100;sample_1645;160;-0.021169352841876998
1646;1646;Population 3100;3100;sample_1646;165;-0.054358775737750616
1647;1647;Population 3100;3100;sample_1647;170;0.13972980730186194
1648;1648;Population 3100;3100;sample_1648;175;-0.16478654132443432
1649;1649;Population 3100;3100;sample_1649;180;0.044285164018994114
1650;1650;Population 3100;3100;sample_1650;185;-0.04178698370982573
1651;1651;Population 3100;3100;sample_1651;190;-0.03108670421443037
1652;1652;Population 3100;3100;sample_1652;195;0.11754476987885354
1653;1653;Population 3100;3100;sample_1653;200;0.040329347355810806
1654;1654;Population 3100;3100;sample_1654;205;-0.0649524970612289
1655;1655;Population 3100;3100;sample_1655;210;-0.04223323193906265
1656;1656;Population 3100;3100;sample_1656;215;-0.15974880324688417
1657;1657;Population 3100;3100;sample_1657;220;-0.05698143625512619
1658;1658;Population 3100;3100;sample_1658;225;-0.011938060620992945
1659;1659;Population 3100;3100;sample_1659;230;-0.10863965549964229
1660;1660;Population 3100;3100;sample_1660;235;-0.08827969381559297
1661;1661;Population 3100;3100;sample_1661;240;0.01714289260395303
1662;1662;Population 3100;3100;sample_1662;245;0.0047438746978390066
1663;1663;Population 3100;3100;sample_1663;250;-0.011100872178043637
1664;1664;Population 3100;3100;sample_1664;255;0.15791010070402672
1665;1665;Population 3100;3100;sample_1665;260;-0.049654299933518005
1666;1666;Population 3100;3100;sample_1666;265;0.07745566042393723
1667;1667;Population 3100;3100;sample_1667;270;0.061788047104673366
1668;1668;Population 3100;3100;sample_1668;275;0.025858158698323135
1669;1669;Population 3100;3100;sample_1669;280;0.05876409877986171
1670;1670;Population 3100;3100;sample_1670;285;-0.0070753529638744135
1671;1671;Population 3100;3100;sample_1671;290;0.008366715812538188
1672;1672;Population 3100;3100;sample_1672;295;0.04658674441769119
1673;1673;Population 3100;3100;sample_1673;300;-0.00935718039664902
1674;1674;Population 3100;3100;sample_1674;305;-0.09843776381858396
1675;1675;Population 3100;3100;sample_1675;310;-0.009222440726973535
1676;1676;Population 3100;3100;sample_1676;315;-0.007982351659196169
1677;1677;Population 3100;3100;sample_1677;320;-0.004946540500187923
1678;1678;Population 3100;3100;sample_1678;325;0.050277471198152804
1679;1679;Population 3100;3100;sample_1679;330;-0.0654840417615244
1680;1680;Population 3100;3100;sample_1680;335;-0.02935422726496451
1681;1681;Population 3100;3100;sample_1681;340;-0.01384047598669651
1682;1682;Population 3100;3100;sample_1682;345;-0.04454504719472918
1683;1683;Population 3100;3100;sample_1683;350;0.0025375915988061605
1684;1684;Population 3100;3100;sample_1684;355;-0.04465823772400212
1685;1685;Population 3100;3100;sample_1685;360;0.02862122027919474
1686;1686;Population 3100;3100;sample_1686;365;0.03937332151438275
1687;1687;Population 3100;3100;sample_1687;370;-0.025706019097232493
1688;1688;Population 3100;3100;sample_1688;375;-0.10177372320601863
1689;1689;Population 3100;3100;sample_1689;380;-0.027528277155301043
1690;1690;Population 3100;3100;sample_1690;385;0.08262433123855081
1691;1691;Population 3100;3100;sample_1691;390;0.0012255804741632137
1692;1692;Population 3100;3100;sample_1692;395;0.04843046525045393
1693;1693;Population 3100;3100;sample_1693;400;0.030834408416152065
1694;1694;Population 3100;3100;sample_1694;405;-0.08571272222580317
1695;1695;Population 3100;3100;sample_1695;410;-0.02383723982699512
1696;1696;Population 3100;3100;sample_1696;415;0.02883155269244477
1697;1697;Population 3100;3100;sample_1697;420;0.0431905363833623
1698;1698;Population 3100;3100;sample_1698;425;0.03111821016029895
1699;1699;Population 3100;3100;sample_1699;430;-0.005162459863962241
1700;1700;Population 3100;3100;sample_1700;435;-0.026645868036722375
1701;1701;Population 3100;3100;sample_1701;440;-0.10824986237724943
1702;1702;Population 3100;3100;sample_1702;445;0.012699062798324386
1703;1703;Population 3100;3100;sample_1703;450;-0.003070929902424141
1704;1704;Population 3100;3100;sample_1704;455;-0.025314962393654196
1705;1705;Population 3100;3100;sample_1705;460;0.07597683062261745
1706;1706;Population 3100;3100;sample_1706;465;-0.017096913698324313
1707;1707;Population 3100;3100;sample_1707;470;0.05998413240781699
1708;1708;Population 3100;3100;sample_1708;475;0.02328354711995794
1709;1709;Population 3100;3100;sample_1709;480;-0.004293319013334807
1710;1710;Population 3100;3100;sample_1710;485;-0.016996750518891733
1711;1711;Population 3100;3100;sample_1711;490;-0.05834602674482503
1712;1712;Population 3100;3100;sample_1712;495;-0.08232464249546212
1713;1713;Population 3100;3100;sample_1713;500;-0.04734760621695145
1714;1714;Population 3100;3100;sample_1714;505;0.008694382596521872
1715;1715;Population 3100;3100;sample_1715;510;0.038875433352837635
1716;1716;Population 3100;3100;sample_1716;515;0.0307722596409004
1717;1717;Population 3100;3100;sample_1717;520;-0.02482657178708554
1718;1718;Population 3100;3100;sample_1718;525;0.01680415477622368
1719;1719;Population 3100;3100;sample_1719;530;-0.03386001366336581
1720;1720;Population 3100;3100;sample_1720;535;-0.06062644329589821
1721;1721;Population 3100;3100;sample_1721;540;-0.05638580277662392
1722;1722;Population 3100;3100;sample_1722;545;0.01177650475237516
1723;1723;Population 3100;3100;sample_1723;550;0.027976183586266547
1724;1724;Population 3100;3100;sample_1724;555;-0.010687637431266496
1725;1725;Population 3100;3100;sample_1725;560;0.04572491545600047
1726;1726;Population 3100;3100;sample_1726;565;-0.012644391057719808
1727;1727;Population 3100;3100;sample_1727;570;-0.07668859745378782
1728;1728;Population 3100;3100;sample_1728;575;-0.004698955993265183
1729;1729;Population 3100;3100;sample_1729;580;-0.0025617609288853195
1730;1730;Population 3100;3100;sample_1730;585;0.030015674988457558
1731;1731;Population 3100;3100;sample_1731;590;-0.09322471293878451
1732;1732;Population 3100;3100;sample_1732;595;-0.04247956539986603
1733;1733;Population 3100;3100;sample_1733;600;-0.00324989786243588
1734;1734;Population 3100;3100;sample_1734;605;-0.022364399817030842
1735;1735;Population 3100;3100;sample_1735;610;0.04954115424905311
1736;1736;Population 3100;3100;sample_1736;615;0.003053018219150008
1737;1737;Population 3100;3100;sample_1737;620;-0.030716140408835562
1738;1738;Population 3100;3100;sample_1738;625;-0.05787414885730802
1739;1739;Population 3100;3100;sample_1739;630;-0.033794502200510994
1740;1740;Population 3100;3100;sample_1740;635;-0.038952273989890054
1741;1741;Population 3100;3100;sample_1741;640;-0.01432559839808839
1742;1742;Population 3100;3100;sample_1742;645;-0.017056094847899685
1743;1743;Population 3100;3100;sample_1743;650;-0.022859026723749835
1744;1744;Population 3100;3100;sample_1744;655;0.008973827216260827
1745;1745;Population 3100;3100;sample_1745;660;0.06862144357723808
1746;1746;Population 3100;3100;sample_1746;665;0.00531433531463006
1747;1747;Population 3100;3100;sample_1747;670;-0.031035687023647462
1748;1748;Population 3100;3100;sample_1748;675;-0.00948726708425344
1749;1749;Population 3100;3100;sample_1749;680;-0.015645222695955845
1750;1750;Population 3100;3100;sample_1750;685;0.010488185341443025
1751;1751;Population 3100;3100;sample_1751;690;0.005258062484154688
1752;1752;Population 3100;3100;sample_1752;695;-0.016286461517084794
1753;1753;Population 3100;3100;sample_1753;700;0.03677845189511659
1754;1754;Population 3100;3100;sample_1754;705;-0.042624834633880025
1755;1755;Population 3100;3100;sample_1755;710;-0.055402238794060185
1756;1756;Population 3100;3100;sample_1756;715;0.023364089397277223
1757;1757;Population 3100;3100;sample_1757;720;0.025968533918811005
1758;1758;Population 3100;3100;sample_1758;725;0.010266660705289511
1759;1759;Population 3100;3100;sample_1759;730;-0.04043564178661933
1760;1760;Population 3100;3100;sample_1760;735;0.046281823819545084
1761;1761;Population 3100;3100;sample_1761;740;-0.036241400253951
1762;1762;Population 3100;3100;sample_1762;745;-0.03196847506585292
1763;1763;Population 3100;3100;sample_1763;750;-0.009779920759120478
1764;1764;Population 3100;3100;sample_1764;755;-0.023794369792874137
1765;1765;Population 3100;3100;sample_1765;760;-0.0030495118466002456
1766;1766;Population 3100;3100;sample_1766;765;0.0033069589231607376
1767;1767;Population 3100;3100;sample_1767;770;-0.012573097639289404
1768;1768;Population 3100;3100;sample_1768;775;0.06336380299413691
1769;1769;Population 3100;3100;sample_1769;780;-0.005285426622882746
1770;1770;Population 3100;3100;sample_1770;785;0.0136856149282053
1771;1771;Population 3100;3100;sample_1771;790;0.010247212535734533
1772;1772;Population 3100;3100;sample_1772;795;-0.008088913002530439
1773;1773;Population 3100;3100;sample_1773;800;0.01450884892548614
1774;1774;Population 3100;3100;sample_1774;805;-0.0035180980157861396
1775;1775;Population 3100;3100;sample_1775;810;-0.047507754123511145
1776;1776;Population 3100;3100;sample_1776;815;0.022071093171802652
1777;1777;Population 3100;3100;sample_1777;820;-0.02669321152721204
1778;1778;Population 3100;3100;sample_1778;825;-0.04932368684921028
1779;1779;Population 3100;3100;sample_1779;830;-0.004536104717522871
1780;1780;Population 3100;3100;sample_1780;835;0.03146124545734358
1781;1781;Population 3100;3100;sample_1781;840;0.019349267467056758
1782;1782;Population 3100;3100;sample_1782;845;-0.0035162554234336655
1783;1783;Population 3100;3100;sample_1783;850;-0.06415570294738358
1784;1784;Population 3100;3100;sample_1784;855;0.02166973800709133
1785;1785;Population 3100;3100;sample_1785;860;-0.021718663055890656
1786;1786;Population 3100;3100;sample_1786;865;-0.004684171354331917
1787;1787;Population 3100;3100;sample_1787;870;0.03852299650081939
1788;1788;Population 3100;3100;sample_1788;875;0.03429615441251242
1789;1789;Population 3100;3100;sample_1789;880;-0.04441751820517712
1790;1790;Population 3100;3100;sample_1790;885;-0.03345683705584935
1791;1791;Population 3100;3100;sample_1791;890;0.026396265665274986
1792;1792;Population 3100;3100;sample_1792;895;-0.007990846696291933
1793;1793;Population 3100;3100;sample_1793;900;0.04073106274753736
1794;1794;Population 3100;3100;sample_1794;905;0.014171821256325566
1795;1795;Population 3100;3100;sample_1795;910;0.039931737481220995
1796;1796;Population 3100;3100;sample_1796;915;0.009989595942885983
1797;1797;Population 3100;3100;sample_1797;920;-0.05216341228900907
1798;1798;Population 3100;3100;sample_1798;925;-0.03630673233280068
1799;1799;Population 3100;3100;sample_1799;930;0.023471583197462564
1800;1800;Population 3100;3100;sample_1800;935;-0.0255227893021468
1801;1801;Population 3100;3100;sample_1801;940;0.017626063255150447
1802;1802;Population 3100;3100;sample_1802;945;-0.03752647553800864
1803;1803;Population 3100;3100;sample_1803;950;-0.017473007640973443
1804;1804;Population 3100;3100;sample_1804;955;-0.07285465722246828
1805;1805;Population 3100;3100;sample_1805;960;0.026549007856287353
1806;1806;Population 3100;3100;sample_1806;965;-0.019620836654703343
1807;1807;Population 3100;3100;sample_1807;970;0.007393079484747898
1808;1808;Population 3100;3100;sample_1808;975;-0.026421884503740167
1809;1809;Population 3100;3100;sample_1809;980;0.024527280500349222
1810;1810;Population 3100;3100;sample_1810;985;-0.040928845382037574
1811;1811;Population 3100;3100;sample_1811;990;0.015124944180397691
1812;1812;Population 3100;3100;sample_1812;995;0.04151751178914356
1813;1813;Population 3100;3100;sample_1813;1000;-0.02207784981665889
1814;1814;Population 3100;3100;sample_1814;1005;-0.005905144370992501
1815;1815;Population 3100;3100;sample_1815;1010;-0.006882163026117158
1816;1816;Population 3100;3100;sample_1816;1015;0.04043669416312118
1817;1817;Population 3100;3100;sample_1817;1020;-0.06375771394768799
1818;1818;Population 3100;3100;sample_1818;1025;-0.004625624447593455
1819;1819;Population 3100;3100;sample_1819;1030;0.0403925977716601
1820;1820;Population 3100;3100;sample_1820;1035;0.030493004071689766
1821;1821;Population 3100;3100;sample_1821;1040;-0.03681850491344082
1822;1822;Population 3100;3100;sample_1822;1045;-0.038179241438526516
1823;1823;Population 3100;3100;sample_1823;1050;-0.03557149216180967
1824;1824;Population 3100;3100;sample_1824;1055;0.022491239319060472
1825;1825;Population 3100;3100;sample_1825;1060;-0.02560281011999452
1826;1826;Population 3100;3100;sample_1826;1065;0.025757037790495447
1827;1827;Population 3100;3100;sample_1827;1070;-0.041344572898268026
1828;1828;Population 3100;3100;sample_1828;1075;-0.017306966255367397
1829;1829;Population 3100;3100;sample_1829;1080;-0.04065741210660906
1830;1830;Population 3100;3100;sample_1830;1085;-0.06405632190533102
1831;1831;Population 3100;3100;sample_1831;1090;-0.039825005303404534
1832;1832;Population 3100;3100;sample_1832;1095;-1.1983733912173082e-06
1833;1833;Population 3100;3100;sample_1833;1100;-0.03449565512830689
1834;1834;Population 3100;3100;sample_1834;1105;0.030940098431419562
1835;1835;Population 3100;3100;sample_1835;1110;0.003497724113502763
1836;1836;Population 3100;3100;sample_1836;1115;0.02899561988703253
1837;1837;Population 3100;3100;sample_1837;1120;-0.05185945298440445
1838;1838;Population 3100;3100;sample_1838;1125;-0.031895181949865764
1839;1839;Population 3100;3100;sample_1839;1130;-0.02181610247304361
1840;1840;Population 3100;3100;sample_1840;1135;-0.0029952294622894306
1841;1841;Population 3100;3100;sample_1841;1140;-0.011360002642779483
1842;1842;Population 3100;3100;sample_1842;1145;-0.00023403530576130316
1843;1843;Population 3100;3100;sample_1843;1150;0.008071103765368987
1844;1844;Population 3100;3100;sample_1844;1155;-0.009037497171913733
1845;1845;Population 3100;3100;sample_1845;1160;-0.002428167388842329
1846;1846;Population 3100;3100;sample_1846;1165;0.028910136816973454
1847;1847;Population 3100;3100;sample_1847;1170;-0.006204090085810981
1848;1848;Population 3100;3100;sample_1848;1175;0.007346610558718492
1849;1849;Population 3100;3100;sample_1849;1180;0.039261251633588616
1850;1850;Population 3100;3100;sample_1850;1185;0.01295662535610248
1851;1851;Population 3100;3100;sample_1851;1190;0.012687394990686416
1852;1852;Population 3100;3100;sample_1852;1195;0.002855951477622627
1853;1853;Population 3100;3100;sample_1853;1200;-0.0037405515635732705
1854;1854;Population 3100;3100;sample_1854;1205;-0.007811629674599804
1855;1855;Population 3100;3100;sample_1855;1210;-0.013594841713599945
1856;1856;Population 3100;3100;sample_1856;1215;-0.007876915379047835
1857;1857;Population 3100;3100;sample_1857;1220;0.07804729259609293
1858;1858;Population 3100;3100;sample_1858;1225;0.026083855812931732
1859;1859;Population 3100;3100;sample_1859;1230;-0.02884608587771165
1860;1860;Population 3100;3100;sample_1860;1235;0.005053486028552658
1861;1861;Population 3100;3100;sample_1861;1240;-0.02737507164066425
1862;1862;Population 3100;3100;sample_1862;1245;0.008964793427985273
1863;1863;Population 3100;3100;sample_1863;1250;0.011828838455933596
1864;1864;Population 3100;3100;sample_1864;1255;0.015566886272521858
1865;1865;Population 3100;3100;sample_1865;1260;0.019427386187250616
1866;1866;Population 3100;3100;sample_1866;1265;-0.05241397881990413
1867;1867;Population 3100;3100;sample_1867;1270;0.0462894158852486
1868;1868;Population 3100;3100;sample_1868;1275;-0.018861954348828976
1869;1869;Population 3100;3100;sample_1869;1280;-0.001145751751914209
1870;1870;Population 3100;3100;sample_1870;1285;0.006179937204586753
1871;1871;Population 3100;3100;sample_1871;1290;-0.017905632153533014
1872;1872;Population 3100;3100;sample_1872;1295;0.02727175666728951
1873;1873;Population 3100;3100;sample_1873;1300;0.009603241560311592
1874;1874;Population 3100;3100;sample_1874;1305;-0.05102033020617052
1875;1875;Population 3100;3100;sample_1875;1310;-0.025896341527678293
1876;1876;Population 3100;3100;sample_1876;1315;0.01939427127900679
1877;1877;Population 3100;3100;sample_1877;1320;-0.06318595549753094
1878;1878;Population 3100;3100;sample_1878;1325;-0.023413473422521095
1879;1879;Population 3100;3100;sample_1879;1330;-0.03715453905458935
1880;1880;Population 3100;3100;sample_1880;1335;0.017104099790023485
1881;1881;Population 3100;3100;sample_1881;1340;-0.016585816905203655
1882;1882;Population 3100;3100;sample_1882;1345;0.008666111660515943
1883;1883;Population 3100;3100;sample_1883;1350;0.01313426509084566
1884;1884;Population 3100;3100;sample_1884;1355;0.03802418691715298
1885;1885;Population 3100;3100;sample_1885;1360;0.0057169217756819265
1886;1886;Population 3100;3100;sample_1886;1365;0.005969142487081374
1887;1887;Population 3100;3100;sample_1887;1370;0.005397405875853729
1888;1888;Population 3100;3100;sample_1888;1375;-0.012576197378621382
1889;1889;Population 3100;3100;sample_1889;1380;0.0009457535057430015
1890;1890;Population 3100;3100;sample_1890;1385;0.02508425061346206
1891;1891;Population 3100;3100;sample_1891;1390;-0.024906275587823077
1892;1892;Population 3100;3100;sample_1892;1395;-0.01928305541161883
1893;1893;Population 3100;3100;sample_1893;1400;-0.024408843912440626
1894;1894;Population 3100;3100;sample_1894;1405;-0.06324798907520579
1895;1895;Population 3100;3100;sample_1895;1410;0.00030502452331694846
1896;1896;Population 3100;3100;sample_1896;1415;-0.009943153958790706
1897;1897;Population 3100;3100;sample_1897;1420;0.004458969541703795
1898;1898;Population 3100;3100;sample_1898;1425;0.005348430458970885
1899;1899;Population 3100;3100;sample_1899;1430;0.009592281032438189
1900;1900;Population 3100;3100;sample_1900;1435;-0.008814202091003134
1901;1901;Population 3100;3100;sample_1901;1440;0.0021901201708893906
1902;1902;Population 3100;3100;sample_1902;1445;-0.010557987933547053
1903;1903;Population 3100;3100;sample_1903;1450;0.011147221809707872
1904;1904;Population 3100;3100;sample_1904;1455;-0.012430597276200973
1905;1905;Population 3100;3100;sample_1905;1460;-0.01803665978823158
1906;1906;Population 3100;3100;sample_1906;1465;0.028821837076832245
1907;1907;Population 3100;3100;sample_1907;1470;0.019180326364540944
1908;1908;Population 3100;3100;sample_1908;1475;-0.023435609101930162
1909;1909;Population 3100;3100;sample_1909;1480;-0.019340504169872954
1910;1910;Population 3100;3100;sample_1910;1485;0.02907000516532552
1911;1911;Population 3100;3100;sample_1911;1490;0.017791712412849686
1912;1912;Population 3100;3100;sample_1912;1495;-0.01310189931281617
1913;1913;Population 3100;3100;sample_1913;1500;-0.02637721964779644
1914;1914;Population 3100;3100;sample_1914;1505;-0.01779198752128253
1915;1915;Population 3100;3100;sample_1915;1510;-0.013121997749459914
1916;1916;Population 3100;3100;sample_1916;1515;-0.01931669162581933
1917;1917;Population 3100;3100;sample_1917;1520;0.0011646827981261528
1918;1918;Population 3100;3100;sample_1918;1525;0.005892676457723684
1919;1919;Population 3100;3100;sample_1919;1530;0.007028701172936568
1920;1920;Population 3100;3100;sample_1920;1535;0.0063500766104585835
1921;1921;Population 3100;3100;sample_1921;1540;-0.014249729006399899
1922;1922;Population 3100;3100;sample_1922;1545;-0.005395862505963746
1923;1923;Population 3100;3100;sample_1923;1550;0.0035501281865725353
1924;1924;Population 3100;3100;sample_1924;1555;-0.017006391999162776
1925;1925;Population 3100;3100;sample_1925;1560;-0.018904061674622444
1926;1926;Population 3100;3100;sample_1926;1565;-0.022147789113587422
1927;1927;Population 3100;3100;sample_1927;1570;-0.026859090094661274
1928;1928;Population 3100;3100;sample_1928;1575;-0.02029524459047858
1929;1929;Population 3100;3100;sample_1929;1580;-0.0022314070898848013
1930;1930;Population 3100;3100;sample_1930;1585;-0.014372784841392445
1931;1931;Population 3100;3100;sample_1931;1590;-0.0021472463345775183
1932;1932;Population 3100;3100;sample_1932;1595;-0.010896844889234484
1933;1933;Population 3100;3100;sample_1933;1600;-0.04257526738300085
1934;1934;Population 3100;3100;sample_1934;1605;-0.03695381545638517
1935;1935;Population 3100;3100;sample_1935;1610;0.02502276960393128
1936;1936;Population 3100;3100;sample_1936;1615;-0.025041137870013302
1937;1937;Population 3100;3100;sample_1937;1620;0.013413489503044069
1938;1938;Population 3100;3100;sample_1938;1625;0.007484980765004547
1939;1939;Population 3100;3100;sample_1939;1630;0.010697684937142054
1940;1940;Population 3100;3100;sample_1940;1635;0.01894445797221965
1941;1941;Population 3100;3100;sample_1941;1640;-0.0056088571157525005
1942;1942;Population 3100;3100;sample_1942;1645;-0.01276741333977564
1943;1943;Population 3100;3100;sample_1943;1650;-0.045705363190869375
1944;1944;Population 3100;3100;sample_1944;1655;0.01696400865577157
1945;1945;Population 3100;3100;sample_1945;1660;0.02045171294585943
1946;1946;Population 3100;3100;sample_1946;1665;-0.03480365577276208
1947;1947;Population 3100;3100;sample_1947;1670;-0.029517071049069834
1948;1948;Population 3100;3100;sample_1948;1675;-0.008367635519212418
1949;1949;Population 3100;3100;sample_1949;1680;-0.017248773209265655
1950;1950;Population 3100;3100;sample_1950;1685;-0.01794759404429482
1951;1951;Population 3100;3100;sample_1951;1690;0.027934848838600163
1952;1952;Population 3100;3100;sample_1952;1695;0.010262118867440011
1953;1953;Population 3100;3100;sample_1953;1700;0.0032287330528726443
1954;1954;Population 3100;3100;sample_1954;1705;-0.02149508483486677
1955;1955;Population 3100;3100;sample_1955;1710;-0.02358949120780457
1956;1956;Population 3100;3100;sample_1956;1715;-0.0387186080623175
1957;1957;Population 3100;3100;sample_1957;1720;-0.019220323994238498
1958;1958;Population 3100;3100;sample_1958;1725;-0.04341514623613221
1959;1959;Population 3100;3100;sample_1959;1730;-0.05084321749770541
1960;1960;Population 3100;3100;sample_1960;1735;-0.0007412485084105253
1961;1961;Population 3100;3100;sample_1961;1740;-0.019425549440605407
1962;1962;Population 3100;3100;sample_1962;1745;-0.023115242868808693
1963;1963;Population 3100;3100;sample_1963;1750;0.028581088765377224
1964;1964;Population 3100;3100;sample_1964;1755;0.01429468010152876
1965;1965;Population 3100;3100;sample_1965;1760;0.0015577735763427872
1966;1966;Population 3100;3100;sample_1966;1765;-0.004236771020888651
1967;1967;Population 3100;3100;sample_1967;1770;-0.03388414911983377
1968;1968;Population 3100;3100;sample_1968;1775;-0.014128201354890312
1969;1969;Population 3100;3100;sample_1969;1780;-0.01164084163066873
1970;1970;Population 3100;3100;sample_1970;1785;0.025110485706809068
1971;1971;Population 3100;3100;sample_1971;1790;0.010910387924705856
1972;1972;Population 3100;3100;sample_1972;1795;0.006212380917092795
1973;1973;Population 3100;3100;sample_1973;1800;-0.04086282455442207
1974;1974;Population 3100;3100;sample_1974;1805;-0.004036450951346968
1975;1975;Population 3100;3100;sample_1975;1810;-0.04337717386575719
1976;1976;Population 3100;3100;sample_1976;1815;-0.045172699919060054
1977;1977;Population 3100;3100;sample_1977;1820;-0.020032111322116998
1978;1978;Population 3100;3100;sample_1978;1825;-0.009482268443398126
1979;1979;Population 3100;3100;sample_1979;1830;0.01788730171816374
1980;1980;Population 3100;3100;sample_1980;1835;-0.040981330832475016
1981;1981;Population 3100;3100;sample_1981;1840;0.025753999727572585
1982;1982;Population 3100;3100;sample_1982;1845;0.01243378334566704
1983;1983;Population 3100;3100;sample_1983;1850;0.006243350138668745
1984;1984;Population 3100;3100;sample_1984;1855;-0.050326220787399976
1985;1985;Population 3100;3100;sample_1985;1860;0.0009245931907830889
1986;1986;Population 3100;3100;sample_1986;1865;-0.03962635245198943
1987;1987;Population 3100;3100;sample_1987;1870;-0.0020951218949874445
1988;1988;Population 3100;3100;sample_1988;1875;-0.010143006078584316
1989;1989;Population 3100;3100;sample_1989;1880;0.02426496461197638
1990;1990;Population 3100;3100;sample_1990;1885;-0.003494788754580618
1991;1991;Population 3100;3100;sample_1991;1890;-0.025942966956370113
1992;1992;Population 3100;3100;sample_1992;1895;-3.5586990077218184e-06
1993;1993;Population 3100;3100;sample_1993;1900;-0.00705729489049074
1994;1994;Population 3100;3100;sample_1994;1905;0.005686429305966031
1995;1995;Population 3100;3100;sample_1995;1910;-0.014746834521348125
1996;1996;Population 3100;3100;sample_1996;1915;0.0012944733408055856
1997;1997;Population 3100;3100;sample_1997;1920;0.0033679518071032125
1998;1998;Population 3100;3100;sample_1998;1925;-0.00474460163746143
1999;1999;Population 3100;3100;sample_1999;1930;-0.005237507277030424
2000;2000;Population 3100;3100;sample_2000;1935;-0.001008120651143646
2001;2001;Population 3100;3100;sample_2001;1940;0.02197417788790686
2002;2002;Population 3100;3100;sample_2002;1945;0.014246579927350041
2003;2003;Population 3100;3100;sample_2003;1950;0.013752745081574808
2004;2004;Population 3100;3100;sample_2004;1955;0.013506269284480276
2005;2005;Population 3100;3100;sample_2005;1960;-0.005161794205222859
2006;2006;Population 3100;3100;sample_2006;1965;-0.00522655305556237
2007;2007;Population 3100;3100;sample_2007;1970;-0.03340800229888312
2008;2008;Population 3100;3100;sample_2008;1975;-0.04922330342993299
2009;2009;Population 3100;3100;sample_2009;1980;-0.019038093100526315
2010;2010;Population 3100;3100;sample_2010;1985;-0.011918775358799722
2011;2011;Population 3100;3100;sample_2011;1990;0.025993363296986552
2012;2012;Population 3100;3100;sample_2012;1995;0.013787913008115089
2013;2013;Population 3100;3100;sample_2013;2000;-0.03520640076115268
2014;2014;Population 3100;3100;sample_2014;2005;0.014222605134417065
2015;2015;Population 3100;3100;sample_2015;2010;0.020763506641168338
2016;2016;Population 3100;3100;sample_2016;2015;-0.03545372519784876
2017;2017;Population 3100;3100;sample_2017;2020;0.010404175258297604
2018;2018;Population 3100;3100;sample_2018;2025;-0.01640655484618591
2019;2019;Population 3100;3100;sample_2019;2030;-0.011371298999257852
2020;2020;Population 3100;3100;sample_2020;2035;0.007595501334930737
2021;2021;Population 3100;3100;sample_2021;2040;-0.030471453315870988
2022;2022;Population 3100;3100;sample_2022;2045;-0.004301862886160343
2023;2023;Population 3100;3100;sample_2023;2050;-0.0026501273595438608
2024;2024;Population 3100;3100;sample_2024;2055;-0.006854643310540221
2025;2025;Population 3100;3100;sample_2025;2060;0.009361253229684539
2026;2026;Population 3100;3100;sample_2026;2065;0.020609031170017014
2027;2027;Population 3100;3100;sample_2027;2070;-0.0092758844298223
2028;2028;Population 3100;3100;sample_2028;2075;0.0003132681339921252
2029;2029;Population 3100;3100;sample_2029;2080;-0.022350099371014977
2030;2030;Population 3100;3100;sample_2030;2085;-0.01064565000112156
2031;2031;Population 3100;3100;sample_2031;2090;0.0020094700500491863
2032;2032;Population 3100;3100;sample_2032;2095;-0.02134958679243926
2033;2033;Population 3100;3100;sample_2033;2100;0.01571613281567253
2034;2034;Population 3100;3100;sample_2034;2105;0.0026219620786832078
2035;2035;Population 3100;3100;sample_2035;2110;-0.036205503737795935
2036;2036;Population 3100;3100;sample_2036;2115;0.012603209194240713
2037;2037;Population 3100;3100;sample_2037;2120;0.02267492766162455
2038;2038;Population 3100;3100;sample_2038;2125;-0.002506435186423279
2039;2039;Population 3100;3100;sample_2039;2130;-0.004134248476699916
2040;2040;Population 3100;3100;sample_2040;2135;-0.011155976356679018
2041;2041;Population 3100;3100;sample_2041;2140;-0.02074428800000397
2042;2042;Population 3100;3100;sample_2042;2145;-0.010608275860124184
2043;2043;Population 3100;3100;sample_2043;2150;-0.005922573922633567
2044;2044;Population 3100;3100;sample_2044;2155;-0.0064615285924742305
2045;2045;Population 3100;3100;sample_2045;2160;-0.0050504489369032285
2046;2046;Population 3100;3100;sample_2046;2165;-0.016904279530282285
2047;2047;Population 3100;3100;sample_2047;2170;0.01454748209694151
2048;2048;Population 3100;3100;sample_2048;2175;-0.006302065437203862
2049;2049;Population 3100;3100;sample_2049;2180;-0.01264354984497882
2050;2050;Population 3100;3100;sample_2050;2185;-0.009684309040353457
2051;2051;Population 3100;3100;sample_2051;2190;0.04557441723041222
2052;2052;Population 3100;3100;sample_2052;2195;-0.002474511663252536
2053;2053;Population 3100;3100;sample_2053;2200;-0.00419397537056018
2054;2054;Population 3100;3100;sample_2054;2205;-0.01080149837678478
2055;2055;Population 3100;3100;sample_2055;2210;-0.03343402113332026
2056;2056;Population 3100;3100;sample_2056;2215;-0.0075603808445822325
2057;2057;Population 3100;3100;sample_2057;2220;0.011849998141096517
2058;2058;Population 3100;3100;sample_2058;2225;0.01200419440372703
2059;2059;Population 3100;3100;sample_2059;2230;-0.006637313770407199
2060;2060;Population 3100;3100;sample_2060;2235;-0.011966918572250181
2061;2061;Population 3100;3100;sample_2061;2240;-0.017855484375684894
2062;2062;Population 3100;3100;sample_2062;2245;0.00032261338017108723
2063;2063;Population 3100;3100;sample_2063;2250;0.009650488055314682
2064;2064;Population 3100;3100;sample_2064;2255;0.00299368845871778
2065;2065;Population 3100;3100;sample_2065;2260;0.007878355277072762
2066;2066;Population 3100;3100;sample_2066;2265;-0.024166858297495198
2067;2067;Population 3100;3100;sample_2067;2270;-0.0252141284248534
2068;2068;Population 3100;3100;sample_2068;2275;-0.021116587355908
2069;2069;Population 3100;3100;sample_2069;2280;0.022839535578098098
2070;2070;Population 3100;3100;sample_2070;2285;-0.007444855896634984
2071;2071;Population 3100;3100;sample_2071;2290;-0.0018220841488494615
2072;2072;Population 3100;3100;sample_2072;2295;-0.02249512641327045
2073;2073;Population 3100;3100;sample_2073;2300;-0.001904686632420618
2074;2074;Population 3100;3100;sample_2074;2305;0.008678277404661379
2075;2075;Population 3100;3100;sample_2075;2310;-0.008032898206590321
2076;2076;Population 3100;3100;sample_2076;2315;-0.02101770415282926
2077;2077;Population 3100;3100;sample_2077;2320;0.00473293857193792
2078;2078;Population 3100;3100;sample_2078;2325;0.009507566112074126
2079;2079;Population 3100;3100;sample_2079;2330;0.0037641767970553485
2080;2080;Population 3100;3100;sample_2080;2335;0.037594706037734904
2081;2081;Population 3100;3100;sample_2081;2340;-0.01069316317005866
2082;2082;Population 3100;3100;sample_2082;2345;-0.02054884449289323
2083;2083;Population 3100;3100;sample_2083;2350;0.022360627318328347
2084;2084;Population 3100;3100;sample_2084;2355;0.0007821385106079377
2085;2085;Population 3100;3100;sample_2085;2360;0.003533065563499858
2086;2086;Population 3100;3100;sample_2086;2365;-0.020020643983718417
2087;2087;Population 3100;3100;sample_2087;2370;0.01431968156326932
2088;2088;Population 3100;3100;sample_2088;2375;-0.012284250815020789
2089;2089;Population 3100;3100;sample_2089;2380;-0.015590072658638035
2090;2090;Population 3100;3100;sample_2090;2385;0.01687569833624046
2091;2091;Population 3100;3100;sample_2091;2390;-0.015367914116326768
2092;2092;Population 3100;3100;sample_2092;2395;0.022394236001565475
2093;2093;Population 3100;3100;sample_2093;2400;-0.003111652987554881
2094;2094;Population 3100;3100;sample_2094;2405;0.0025264634108747826
2095;2095;Population 3100;3100;sample_2095;2410;-0.010915861699307902
2096;2096;Population 3100;3100;sample_2096;2415;0.007541707837804678
2097;2097;Population 3100;3100;sample_2097;2420;-0.000339901994884593
2098;2098;Population 3100;3100;sample_2098;2425;0.009264260482863875
2099;2099;Population 3100;3100;sample_2099;2430;-0.004006523404420458
2100;2100;Population 3100;3100;sample_2100;2435;-0.004305182944806499
2101;2101;Population 3100;3100;sample_2101;2440;-0.026142454655926625
2102;2102;Population 3100;3100;sample_2102;2445;-0.0030375167517456814
2103;2103;Population 3100;3100;sample_2103;2450;-0.0021547127813122354
2104;2104;Population 3100;3100;sample_2104;2455;0.01464894619339738
2105;2105;Population 3100;3100;sample_2105;2460;-0.0331002795554616
2106;2106;Population 3100;3100;sample_2106;2465;0.010274444011873976
2107;2107;Population 3100;3100;sample_2107;2470;-0.00016555737455221456
2108;2108;Population 3100;3100;sample_2108;2475;-0.010670274494888653
2109;2109;Population 3100;3100;sample_2109;2480;0.007446157716290604
2110;2110;Population 3100;3100;sample_2110;2485;0.0022723552969988064
2111;2111;Population 3100;3100;sample_2111;2490;0.00038074685051848214
2112;2112;Population 3100;3100;sample_2112;2495;-0.011500702276625838
2113;2113;Population 3100;3100;sample_2113;2500;0.014585917347545484
2114;2114;Population 3100;3100;sample_2114;2505;0.0009000783471514047
2115;2115;Population 3100;3100;sample_2115;2510;0.005902381736000759
2116;2116;Population 3100;3100;sample_2116;2515;-0.007906622099283667
2117;2117;Population 3100;3100;sample_2117;2520;0.008158003984061017
2118;2118;Population 3100;3100;sample_2118;2525;-0.028330376018690845
2119;2119;Population 3100;3100;sample_2119;2530;0.0004931598376467681
2120;2120;Population 3100;3100;sample_2120;2535;-0.010542947656212087
2121;2121;Population 3100;3100;sample_2121;2540;-0.031063856787878052
2122;2122;Population 3100;3100;sample_2122;2545;-0.004968395264047499
2123;2123;Population 3100;3100;sample_2123;2550;0.009957601552505553
2124;2124;Population 3100;3100;sample_2124;2555;0.01717553167622128
2125;2125;Population 3100;3100;sample_2125;2560;-0.010323039144136927
2126;2126;Population 3100;3100;sample_2126;2565;-0.0017603495789490983
2127;2127;Population 3100;3100;sample_2127;2570;-0.007992534884463571
2128;2128;Population 3100;3100;sample_2128;2575;-0.001960761125845175
2129;2129;Population 3100;3100;sample_2129;2580;0.012109542181510816
2130;2130;Population 3100;3100;sample_2130;2585;-0.007332411351979993
2131;2131;Population 3100;3100;sample_2131;2590;-0.021251166280326656
2132;2132;Population 3100;3100;sample_2132;2595;0.003528365557004509
2133;2133;Population 3100;3100;sample_2133;2600;-0.005510516632033605
2134;2134;Population 3100;3100;sample_2134;2605;0.006589510153148928
2135;2135;Population 3100;3100;sample_2135;2610;0.011853887892239078
2136;2136;Population 3100;3100;sample_2136;2615;-0.0023825778281286736
2137;2137;Population 3100;3100;sample_2137;2620;-0.012070447916774625
2138;2138;Population 3100;3100;sample_2138;2625;0.00226494824709976
2139;2139;Population 3100;3100;sample_2139;2630;-0.006334325505006088
2140;2140;Population 3100;3100;sample_2140;2635;0.003391432416911485
2141;2141;Population 3100;3100;sample_2141;2640;-0.006191149246784215
2142;2142;Population 3100;3100;sample_2142;2645;0.005556614034699319
2143;2143;Population 3100;3100;sample_2143;2650;-0.01414454195534104
2144;2144;Population 3100;3100;sample_2144;2655;-0.004876184817891252
2145;2145;Population 3100;3100;sample_2145;2660;0.003996443773452854
2146;2146;Population 3100;3100;sample_2146;2665;-0.005637616024385278
2147;2147;Population 3100;3100;sample_2147;2670;-0.025567329706495053
2148;2148;Population 3100;3100;sample_2148;2675;-0.021299549352622134
2149;2149;Population 3100;3100;sample_2149;2680;0.0015963047371574948
2150;2150;Population 3100;3100;sample_2150;2685;-0.014999912704878954
2151;2151;Population 3100;3100;sample_2151;2690;0.0014087551126953013
2152;2152;Population 3100;3100;sample_2152;2695;0.0010383766105377759
2153;2153;Population 3100;3100;sample_2153;2700;-0.019080690596374565
2154;2154;Population 3100;3100;sample_2154;2705;0.011880998814854406
2155;2155;Population 3100;3100;sample_2155;2710;0.00010598950550015303
2156;2156;Population 3100;3100;sample_2156;2715;-0.0030043941473185155
2157;2157;Population 3100;3100;sample_2157;2720;-0.00399861653108717
2158;2158;Population 3100;3100;sample_2158;2725;0.013088530482919554
2159;2159;Population 3100;3100;sample_2159;2730;-0.0024366144511577927
2160;2160;Population 3100;3100;sample_2160;2735;-0.0136361961252786
2161;2161;Population 3100;3100;sample_2161;2740;-0.0049803183836128
2162;2162;Population 3100;3100;sample_2162;2745;-0.015470354688291953
2163;2163;Population 3100;3100;sample_2163;2750;-0.015484027045756384
2164;2164;Population 3100;3100;sample_2164;2755;0.0029653081842326325
2165;2165;Population 3100;3100;sample_2165;2760;0.0028432157835242286
2166;2166;Population 3100;3100;sample_2166;2765;0.0033088502674005374
2167;2167;Population 3100;3100;sample_2167;2770;0.011608127245755693
2168;2168;Population 3100;3100;sample_2168;2775;-0.0045981832178367005
2169;2169;Population 3100;3100;sample_2169;2780;-0.00238680640052314
2170;2170;Population 3100;3100;sample_2170;2785;-0.030055506790169623
2171;2171;Population 3100;3100;sample_2171;2790;0.015028071135101505
2172;2172;Population 3100;3100;sample_2172;2795;0.027765828202677634
2173;2173;Population 3100;3100;sample_2173;2800;-0.011267762055058021
2174;2174;Population 3100;3100;sample_2174;2805;-0.009588638045380737
2175;2175;Population 3100;3100;sample_2175;2810;-0.02428036679689218
2176;2176;Population 3100;3100;sample_2176;2815;-0.005819423887303196
2177;2177;Population 3100;3100;sample_2177;2820;-0.009324817633989615
2178;2178;Population 3100;3100;sample_2178;2825;0.007919725811151936
2179;2179;Population 3100;3100;sample_2179;2830;0.0058897446744128395
2180;2180;Population 3100;3100;sample_2180;2835;0.007378032198359656
2181;2181;Population 3100;3100;sample_2181;2840;-0.007815730788133171
2182;2182;Population 3100;3100;sample_2182;2845;-0.0052585373749756
2183;2183;Population 3100;3100;sample_2183;2850;-0.02854428731856237
2184;2184;Population 3100;3100;sample_2184;2855;0.006940170545041883
2185;2185;Population 3100;3100;sample_2185;2860;0.0043204525578582125
2186;2186;Population 3100;3100;sample_2186;2865;0.014263880067059715
2187;2187;Population 3100;3100;sample_2187;2870;0.00785133221525852
2188;2188;Population 3100;3100;sample_2188;2875;-0.005162406492675467
2189;2189;Population 3100;3100;sample_2189;2880;0.005368668694622708
2190;2190;Population 3100;3100;sample_2190;2885;0.008926466673330897
2191;2191;Population 3100;3100;sample_2191;2890;-0.009326710905766748
2192;2192;Population 3100;3100;sample_2192;2895;0.0063291686937880735
2193;2193;Population 3100;3100;sample_2193;2900;-0.007972612511992426
2194;2194;Population 3100;3100;sample_2194;2905;-0.029130292488749942
2195;2195;Population 3100;3100;sample_2195;2910;0.026834648963779018
2196;2196;Population 3100;3100;sample_2196;2915;0.013886340759155838
2197;2197;Population 3100;3100;sample_2197;2920;-0.007044605509903369
2198;2198;Population 3100;3100;sample_2198;2925;0.016631030987944367
2199;2199;Population 3100;3100;sample_2199;2930;0.0009948855333061389
2200;2200;Population 3100;3100;sample_2200;2935;-0.0010426440678657823
2201;2201;Population 3100;3100;sample_2201;2940;0.010970537657522384
2202;2202;Population 3100;3100;sample_2202;2945;-0.010948706023730291
2203;2203;Population 3100;3100;sample_2203;2950;-0.02543330903374372
2204;2204;Population 3100;3100;sample_2204;2955;0.013190881557077644
2205;2205;Population 3100;3100;sample_2205;2960;-0.0023701340862504346
2206;2206;Population 3100;3100;sample_2206;2965;0.0002797376252827996
2207;2207;Population 3100;3100;sample_2207;2970;0.01184382749806612
2208;2208;Population 3100;3100;sample_2208;2975;0.0147084294042315
2209;2209;Population 3100;3100;sample_2209;2980;-0.015043897063550317
2210;2210;Population 3100;3100;sample_2210;2985;-0.01668598000159789
2211;2211;Population 3100;3100;sample_2211;2990;-0.025321973570615355
2212;2212;Population 3100;3100;sample_2212;2995;0.0028527737628588684
2213;2213;Population 3100;3100;sample_2213;3000;-0.01478860202988547
2214;2214;Population 3100;3100;sample_2214;3005;-0.0019212731637153506
2215;2215;Population 3100;3100;sample_2215;3010;-0.00844336619411284
2216;2216;Population 3100;3100;sample_2216;3015;-0.019402941634024916
2217;2217;Population 3100;3100;sample_2217;3020;-0.010464203219682036
2218;2218;Population 3100;3100;sample_2218;3025;-0.01846861200657112
2219;2219;Population 3100;3100;sample_2219;3030;-0.02507103125752302
2220;2220;Population 3100;3100;sample_2220;3035;0.0018831663577870308
2221;2221;Population 3100;3100;sample_2221;3040;0.013157698202126653
2222;2222;Population 3100;3100;sample_2222;3045;-0.016185920498037375
2223;2223;Population 3100;3100;sample_2223;3050;0.016412089704075032
2224;2224;Population 3100;3100;sample_2224;3055;0.005012376718425891
2225;2225;Population 3100;3100;sample_2225;3060;0.0014218967335603964
2226;2226;Population 3100;3100;sample_2226;3065;-0.004244419842693547
2227;2227;Population 3100;3100;sample_2227;3070;-0.009634809138836369
2228;2228;Population 3100;3100;sample_2228;3075;-0.022408590633214043
2229;2229;Population 3100;3100;sample_2229;3080;0.004770309416349599
2230;2230;Population 3100;3100;sample_2230;3085;-0.009271663425131778
2231;2231;Population 3100;3100;sample_2231;3090;0.0019038687333525644
2232;2232;Population 3100;3100;sample_2232;3095;-0.0014282009537806676
2233;2233;Population 3600;3600;sample_2233;5;-0.17417807256396545
2234;2234;Population 3600;3600;sample_2234;10;-0.3407596822629985
2235;2235;Population 3600;3600;sample_2235;15;0.10755548071289282
2236;2236;Population 3600;3600;sample_2236;20;0.2598419425814316
2237;2237;Population 3600;3600;sample_2237;25;-0.15629964639310773
2238;2238;Population 3600;3600;sample_2238;30;-0.1964000761065263
2239;2239;Population 3600;3600;sample_2239;35;-0.19582532398887156
2240;2240;Population 3600;3600;sample_2240;40;-0.06359390071764645
2241;2241;Population 3600;3600;sample_2241;45;-0.11183512421265536
2242;2242;Population 3600;3600;sample_2242;50;-0.04971275743380657
2243;2243;Population 3600;3600;sample_2243;55;0.19667849484982164
2244;2244;Population 3600;3600;sample_2244;60;-0.16722085532450878
2245;2245;Population 3600;3600;sample_2245;65;0.01917948733164424
2246;2246;Population 3600;3600;sample_2246;70;0.12605028885385558
2247;2247;Population 3600;3600;sample_2247;75;-0.047879350083959986
2248;2248;Population 3600;3600;sample_2248;80;0.05122727656788595
2249;2249;Population 3600;3600;sample_2249;85;-0.03948944475738532
2250;2250;Population 3600;3600;sample_2250;90;0.0404429384235945
2251;2251;Population 3600;3600;sample_2251;95;-0.09290367009786624
2252;2252;Population 3600;3600;sample_2252;100;-0.01616509489568607
2253;2253;Population 3600;3600;sample_2253;105;-0.0002399092851356083
2254;2254;Population 3600;3600;sample_2254;110;-0.07015055717823995
2255;2255;Population 3600;3600;sample_2255;115;-0.09670354357545406
2256;2256;Population 3600;3600;sample_2256;120;-0.013565298564362475
2257;2257;Population 3600;3600;sample_2257;125;0.03901505091490942
2258;2258;Population 3600;3600;sample_2258;130;-0.05119819714100888
2259;2259;Population 3600;3600;sample_2259;135;-0.06301013696630396
2260;2260;Population 3600;3600;sample_2260;140;0.013121533509658626
2261;2261;Population 3600;3600;sample_2261;145;0.12186022827107278
2262;2262;Population 3600;3600;sample_2262;150;0.08682724339419143
2263;2263;Population 3600;3600;sample_2263;155;0.036399320616867306
2264;2264;Population 3600;3600;sample_2264;160;0.02102225907996451
2265;2265;Population 3600;3600;sample_2265;165;0.05680559359002434
2266;2266;Population 3600;3600;sample_2266;170;0.01856628603589854
2267;2267;Population 3600;3600;sample_2267;175;-0.054900087785862174
2268;2268;Population 3600;3600;sample_2268;180;0.05560234202033112
2269;2269;Population 3600;3600;sample_2269;185;-0.014148958476473144
2270;2270;Population 3600;3600;sample_2270;190;-0.08488687802239546
2271;2271;Population 3600;3600;sample_2271;195;0.01321319786124553
2272;2272;Population 3600;3600;sample_2272;200;0.0008773477608975533
2273;2273;Population 3600;3600;sample_2273;205;-0.03053466134883066
2274;2274;Population 3600;3600;sample_2274;210;-0.13617800519600815
2275;2275;Population 3600;3600;sample_2275;215;0.0911686602696252
2276;2276;Population 3600;3600;sample_2276;220;-0.0870531448779061
2277;2277;Population 3600;3600;sample_2277;225;0.0006224884930570735
2278;2278;Population 3600;3600;sample_2278;230;0.04493610169778666
2279;2279;Population 3600;3600;sample_2279;235;0.019839174450473628
2280;2280;Population 3600;3600;sample_2280;240;-0.06890805642113976
2281;2281;Population 3600;3600;sample_2281;245;0.06201582182033468
2282;2282;Population 3600;3600;sample_2282;250;0.020305641925733888
2283;2283;Population 3600;3600;sample_2283;255;0.021969786124031495
2284;2284;Population 3600;3600;sample_2284;260;-0.005711404929305373
2285;2285;Population 3600;3600;sample_2285;265;0.02033552208471544
2286;2286;Population 3600;3600;sample_2286;270;0.04696530697454513
2287;2287;Population 3600;3600;sample_2287;275;0.058149797518237456
2288;2288;Population 3600;3600;sample_2288;280;-0.02593454018530931
2289;2289;Population 3600;3600;sample_2289;285;-0.07449272592712433
2290;2290;Population 3600;3600;sample_2290;290;0.08682750540326002
2291;2291;Population 3600;3600;sample_2291;295;0.039385918498233634
2292;2292;Population 3600;3600;sample_2292;300;0.045803592809098986
2293;2293;Population 3600;3600;sample_2293;305;-0.04032801509753065
2294;2294;Population 3600;3600;sample_2294;310;-0.05129351456910424
2295;2295;Population 3600;3600;sample_2295;315;-0.060094645246536536
2296;2296;Population 3600;3600;sample_2296;320;0.006025674142471941
2297;2297;Population 3600;3600;sample_2297;325;0.049201167202949765
2298;2298;Population 3600;3600;sample_2298;330;-0.03563087963089584
2299;2299;Population 3600;3600;sample_2299;335;0.0881462151507301
2300;2300;Population 3600;3600;sample_2300;340;0.004516340511137262
2301;2301;Population 3600;3600;sample_2301;345;-0.031667286943089235
2302;2302;Population 3600;3600;sample_2302;350;-0.03585610445556535
2303;2303;Population 3600;3600;sample_2303;355;-0.09940097659693639
2304;2304;Population 3600;3600;sample_2304;360;-0.004790039739909697
2305;2305;Population 3600;3600;sample_2305;365;-0.11702959697521013
2306;2306;Population 3600;3600;sample_2306;370;-0.08964633286144098
2307;2307;Population 3600;3600;sample_2307;375;0.010682372607212106
2308;2308;Population 3600;3600;sample_2308;380;-0.056676309020531605
2309;2309;Population 3600;3600;sample_2309;385;-0.034116412870582286
2310;2310;Population 3600;3600;sample_2310;390;-0.012339325020567057
2311;2311;Population 3600;3600;sample_2311;395;0.06245911271575511
2312;2312;Population 3600;3600;sample_2312;400;0.017850656166541766
2313;2313;Population 3600;3600;sample_2313;405;-0.027823607893280297
2314;2314;Population 3600;3600;sample_2314;410;-0.05090746156292939
2315;2315;Population 3600;3600;sample_2315;415;0.040494606721076735
2316;2316;Population 3600;3600;sample_2316;420;0.06140601148468274
2317;2317;Population 3600;3600;sample_2317;425;-0.052112916071417735
2318;2318;Population 3600;3600;sample_2318;430;0.07630813309617612
2319;2319;Population 3600;3600;sample_2319;435;0.018658521612339732
2320;2320;Population 3600;3600;sample_2320;440;-0.04984105874158931
2321;2321;Population 3600;3600;sample_2321;445;-0.010348714109780128
2322;2322;Population 3600;3600;sample_2322;450;-0.034156298992543514
2323;2323;Population 3600;3600;sample_2323;455;-0.00560729998694589
2324;2324;Population 3600;3600;sample_2324;460;-0.06343502987640941
2325;2325;Population 3600;3600;sample_2325;465;0.004073121838650894
2326;2326;Population 3600;3600;sample_2326;470;0.06573307837336116
2327;2327;Population 3600;3600;sample_2327;475;-0.04862982272207814
2328;2328;Population 3600;3600;sample_2328;480;0.017968246797290775
2329;2329;Population 3600;3600;sample_2329;485;0.016851494783190892
2330;2330;Population 3600;3600;sample_2330;490;0.0021914985537170063
2331;2331;Population 3600;3600;sample_2331;495;0.09150961068053932
2332;2332;Population 3600;3600;sample_2332;500;-0.005506091270068023
2333;2333;Population 3600;3600;sample_2333;505;-0.00025655325363323174
2334;2334;Population 3600;3600;sample_2334;510;0.01675900743403013
2335;2335;Population 3600;3600;sample_2335;515;0.013826710012256124
2336;2336;Population 3600;3600;sample_2336;520;-0.03059261434127828
2337;2337;Population 3600;3600;sample_2337;525;0.024232214314912327
2338;2338;Population 3600;3600;sample_2338;530;-0.05899630923429311
2339;2339;Population 3600;3600;sample_2339;535;-0.04386600346042807
2340;2340;Population 3600;3600;sample_2340;540;0.13040342995259702
2341;2341;Population 3600;3600;sample_2341;545;-0.07390523172013128
2342;2342;Population 3600;3600;sample_2342;550;-0.0032989384730930963
2343;2343;Population 3600;3600;sample_2343;555;-0.044488067988229185
2344;2344;Population 3600;3600;sample_2344;560;-0.04266231832193483
2345;2345;Population 3600;3600;sample_2345;565;-0.024101437820897905
2346;2346;Population 3600;3600;sample_2346;570;0.001220266082364543
2347;2347;Population 3600;3600;sample_2347;575;0.008579545167175538
2348;2348;Population 3600;3600;sample_2348;580;0.015274344629020765
2349;2349;Population 3600;3600;sample_2349;585;-0.016361524338024284
2350;2350;Population 3600;3600;sample_2350;590;0.0016342462364267874
2351;2351;Population 3600;3600;sample_2351;595;0.032462819186071884
2352;2352;Population 3600;3600;sample_2352;600;-0.010390084627725536
2353;2353;Population 3600;3600;sample_2353;605;0.012132527744766173
2354;2354;Population 3600;3600;sample_2354;610;0.008227043934839948
2355;2355;Population 3600;3600;sample_2355;615;-0.04288882806056681
2356;2356;Population 3600;3600;sample_2356;620;-0.029876587247631165
2357;2357;Population 3600;3600;sample_2357;625;0.031739977768809845
2358;2358;Population 3600;3600;sample_2358;630;0.046519829644424956
2359;2359;Population 3600;3600;sample_2359;635;-0.008932418284541
2360;2360;Population 3600;3600;sample_2360;640;0.018452668135140238
2361;2361;Population 3600;3600;sample_2361;645;0.006405137042918132
2362;2362;Population 3600;3600;sample_2362;650;-0.03270557231198674
2363;2363;Population 3600;3600;sample_2363;655;-0.0765492645672906
2364;2364;Population 3600;3600;sample_2364;660;0.031945946939163465
2365;2365;Population 3600;3600;sample_2365;665;-0.023826521119063394
2366;2366;Population 3600;3600;sample_2366;670;-0.015407082974398783
2367;2367;Population 3600;3600;sample_2367;675;-0.025610166281349305
2368;2368;Population 3600;3600;sample_2368;680;-0.03616280001501114
2369;2369;Population 3600;3600;sample_2369;685;0.018213430177940245
2370;2370;Population 3600;3600;sample_2370;690;0.0029688694586492287
2371;2371;Population 3600;3600;sample_2371;695;-0.05542831486208421
2372;2372;Population 3600;3600;sample_2372;700;-0.029758154746257308
2373;2373;Population 3600;3600;sample_2373;705;-0.012493340822405512
2374;2374;Population 3600;3600;sample_2374;710;0.035606963810238194
2375;2375;Population 3600;3600;sample_2375;715;0.008090181185848758
2376;2376;Population 3600;3600;sample_2376;720;-0.06166440748598403
2377;2377;Population 3600;3600;sample_2377;725;0.04240178568181799
2378;2378;Population 3600;3600;sample_2378;730;0.0005055334025447279
2379;2379;Population 3600;3600;sample_2379;735;-0.007817537541287854
2380;2380;Population 3600;3600;sample_2380;740;0.055766677011103424
2381;2381;Population 3600;3600;sample_2381;745;0.0032464585043258777
2382;2382;Population 3600;3600;sample_2382;750;0.0636613511511588
2383;2383;Population 3600;3600;sample_2383;755;0.03337126014681355
2384;2384;Population 3600;3600;sample_2384;760;-0.012553191661502188
2385;2385;Population 3600;3600;sample_2385;765;0.003199816202939476
2386;2386;Population 3600;3600;sample_2386;770;-0.057208894478562644
2387;2387;Population 3600;3600;sample_2387;775;-0.02624454433336732
2388;2388;Population 3600;3600;sample_2388;780;-0.006559970544654757
2389;2389;Population 3600;3600;sample_2389;785;-0.06321160275211907
2390;2390;Population 3600;3600;sample_2390;790;-0.01958165766788247
2391;2391;Population 3600;3600;sample_2391;795;0.06980984490841481
2392;2392;Population 3600;3600;sample_2392;800;-0.002944246913312375
2393;2393;Population 3600;3600;sample_2393;805;-0.042663597858187005
2394;2394;Population 3600;3600;sample_2394;810;0.034536987444569615
2395;2395;Population 3600;3600;sample_2395;815;-0.017799100325718943
2396;2396;Population 3600;3600;sample_2396;820;0.012635729494312352
2397;2397;Population 3600;3600;sample_2397;825;-0.0414577007892605
2398;2398;Population 3600;3600;sample_2398;830;0.015086924178804284
2399;2399;Population 3600;3600;sample_2399;835;0.028697232297080027
2400;2400;Population 3600;3600;sample_2400;840;-0.007149174762917228
2401;2401;Population 3600;3600;sample_2401;845;-0.03050477910351782
2402;2402;Population 3600;3600;sample_2402;850;-0.07538294138317095
2403;2403;Population 3600;3600;sample_2403;855;-0.01573430629926162
2404;2404;Population 3600;3600;sample_2404;860;0.046820266745799755
2405;2405;Population 3600;3600;sample_2405;865;-0.00870103440338281
2406;2406;Population 3600;3600;sample_2406;870;0.04084021007530911
2407;2407;Population 3600;3600;sample_2407;875;-0.0483508145845053
2408;2408;Population 3600;3600;sample_2408;880;-0.00625884459781032
2409;2409;Population 3600;3600;sample_2409;885;0.05151074702036815
2410;2410;Population 3600;3600;sample_2410;890;-0.04818318048041841
2411;2411;Population 3600;3600;sample_2411;895;-0.0339951557480888
2412;2412;Population 3600;3600;sample_2412;900;-0.03929828934946954
2413;2413;Population 3600;3600;sample_2413;905;0.002626078847666724
2414;2414;Population 3600;3600;sample_2414;910;0.045296462276361575
2415;2415;Population 3600;3600;sample_2415;915;-0.057437551356905675
2416;2416;Population 3600;3600;sample_2416;920;-0.0520615696659502
2417;2417;Population 3600;3600;sample_2417;925;-0.026467876255025252
2418;2418;Population 3600;3600;sample_2418;930;0.016073722993032766
2419;2419;Population 3600;3600;sample_2419;935;0.02417717465001989
2420;2420;Population 3600;3600;sample_2420;940;-0.00718307186751632
2421;2421;Population 3600;3600;sample_2421;945;0.021233617385510984
2422;2422;Population 3600;3600;sample_2422;950;0.04676454562666834
2423;2423;Population 3600;3600;sample_2423;955;-0.026888350663651837
2424;2424;Population 3600;3600;sample_2424;960;0.012710305346830934
2425;2425;Population 3600;3600;sample_2425;965;-0.025713648835262094
2426;2426;Population 3600;3600;sample_2426;970;0.04187453791722096
2427;2427;Population 3600;3600;sample_2427;975;-0.022581284510118083
2428;2428;Population 3600;3600;sample_2428;980;-0.020631493738985495
2429;2429;Population 3600;3600;sample_2429;985;-0.04272561892585725
2430;2430;Population 3600;3600;sample_2430;990;0.027332762053367456
2431;2431;Population 3600;3600;sample_2431;995;-0.010462278458372873
2432;2432;Population 3600;3600;sample_2432;1000;0.00289982378072877
2433;2433;Population 3600;3600;sample_2433;1005;0.023765764644137106
2434;2434;Population 3600;3600;sample_2434;1010;-0.03231557028236437
2435;2435;Population 3600;3600;sample_2435;1015;0.03156793844091132
2436;2436;Population 3600;3600;sample_2436;1020;-0.020568921656416474
2437;2437;Population 3600;3600;sample_2437;1025;-0.02222371769411768
2438;2438;Population 3600;3600;sample_2438;1030;0.026905521407482945
2439;2439;Population 3600;3600;sample_2439;1035;-0.033250822374093034
2440;2440;Population 3600;3600;sample_2440;1040;-0.06392151693489542
2441;2441;Population 3600;3600;sample_2441;1045;-0.05289579162226925
2442;2442;Population 3600;3600;sample_2442;1050;-0.023375619406952854
2443;2443;Population 3600;3600;sample_2443;1055;-0.03580636594305804
2444;2444;Population 3600;3600;sample_2444;1060;0.019060271855776384
2445;2445;Population 3600;3600;sample_2445;1065;-0.0032100308419739723
2446;2446;Population 3600;3600;sample_2446;1070;-0.010531615102282808
2447;2447;Population 3600;3600;sample_2447;1075;-0.008527238969148624
2448;2448;Population 3600;3600;sample_2448;1080;-0.06323777983428679
2449;2449;Population 3600;3600;sample_2449;1085;-0.02635929277114457
2450;2450;Population 3600;3600;sample_2450;1090;-0.007957544786670085
2451;2451;Population 3600;3600;sample_2451;1095;-0.022173483964115018
2452;2452;Population 3600;3600;sample_2452;1100;-0.01809182760018009
2453;2453;Population 3600;3600;sample_2453;1105;-0.021401146223853564
2454;2454;Population 3600;3600;sample_2454;1110;-0.0008529052422774109
2455;2455;Population 3600;3600;sample_2455;1115;0.0015715976405424948
2456;2456;Population 3600;3600;sample_2456;1120;0.058313497420500356
2457;2457;Population 3600;3600;sample_2457;1125;0.03709321267552237
2458;2458;Population 3600;3600;sample_2458;1130;-0.008976048402186135
2459;2459;Population 3600;3600;sample_2459;1135;-0.04778594193000962
2460;2460;Population 3600;3600;sample_2460;1140;0.009506553433496363
2461;2461;Population 3600;3600;sample_2461;1145;-0.018178687599512446
2462;2462;Population 3600;3600;sample_2462;1150;0.006037566867090965
2463;2463;Population 3600;3600;sample_2463;1155;-0.03343601038936371
2464;2464;Population 3600;3600;sample_2464;1160;0.02137342710881797
2465;2465;Population 3600;3600;sample_2465;1165;0.029114875667530384
2466;2466;Population 3600;3600;sample_2466;1170;0.014266508871900447
2467;2467;Population 3600;3600;sample_2467;1175;-0.04349528233803471
2468;2468;Population 3600;3600;sample_2468;1180;0.039475070455581136
2469;2469;Population 3600;3600;sample_2469;1185;0.018232640622513827
2470;2470;Population 3600;3600;sample_2470;1190;0.031774991215004864
2471;2471;Population 3600;3600;sample_2471;1195;-0.03831500976151003
2472;2472;Population 3600;3600;sample_2472;1200;0.041418890844152095
2473;2473;Population 3600;3600;sample_2473;1205;-0.003540412901984409
2474;2474;Population 3600;3600;sample_2474;1210;-0.048045858534299574
2475;2475;Population 3600;3600;sample_2475;1215;-0.01836212301919476
2476;2476;Population 3600;3600;sample_2476;1220;-0.020663629699003566
2477;2477;Population 3600;3600;sample_2477;1225;0.034366473260810645
2478;2478;Population 3600;3600;sample_2478;1230;-0.04185875564418046
2479;2479;Population 3600;3600;sample_2479;1235;-0.018382942124510984
2480;2480;Population 3600;3600;sample_2480;1240;-0.0016864353736768412
2481;2481;Population 3600;3600;sample_2481;1245;0.003943396745916826
2482;2482;Population 3600;3600;sample_2482;1250;0.026362451642137966
2483;2483;Population 3600;3600;sample_2483;1255;-0.02344649256743743
2484;2484;Population 3600;3600;sample_2484;1260;-0.0037417042686845167
2485;2485;Population 3600;3600;sample_2485;1265;-0.011045380769203077
2486;2486;Population 3600;3600;sample_2486;1270;-0.024563279330274603
2487;2487;Population 3600;3600;sample_2487;1275;-0.02277856471867443
2488;2488;Population 3600;3600;sample_2488;1280;-0.039268028194430274
2489;2489;Population 3600;3600;sample_2489;1285;-0.0306902874657535
2490;2490;Population 3600;3600;sample_2490;1290;0.003079624311666529
2491;2491;Population 3600;3600;sample_2491;1295;-0.001166216267259577
2492;2492;Population 3600;3600;sample_2492;1300;-0.028550213706426457
2493;2493;Population 3600;3600;sample_2493;1305;0.013210941025685706
2494;2494;Population 3600;3600;sample_2494;1310;-0.03218250432554827
2495;2495;Population 3600;3600;sample_2495;1315;-0.02660548128162707
2496;2496;Population 3600;3600;sample_2496;1320;0.056302474189125096
2497;2497;Population 3600;3600;sample_2497;1325;-0.014254315430630557
2498;2498;Population 3600;3600;sample_2498;1330;0.023084278277409602
2499;2499;Population 3600;3600;sample_2499;1335;-0.0019911701500453165
2500;2500;Population 3600;3600;sample_2500;1340;-0.013618668059576136
2501;2501;Population 3600;3600;sample_2501;1345;-0.03302882832110319
2502;2502;Population 3600;3600;sample_2502;1350;-3.250418065020158e-05
2503;2503;Population 3600;3600;sample_2503;1355;0.04664880911976769
2504;2504;Population 3600;3600;sample_2504;1360;-0.029312961724324297
2505;2505;Population 3600;3600;sample_2505;1365;-0.007461905861796123
2506;2506;Population 3600;3600;sample_2506;1370;-0.004686888144569234
2507;2507;Population 3600;3600;sample_2507;1375;-0.007258273874475988
2508;2508;Population 3600;3600;sample_2508;1380;0.004516713986358376
2509;2509;Population 3600;3600;sample_2509;1385;-0.024042894977862432
2510;2510;Population 3600;3600;sample_2510;1390;-0.01777198641070359
2511;2511;Population 3600;3600;sample_2511;1395;0.008848332811776624
2512;2512;Population 3600;3600;sample_2512;1400;-0.008607432349639824
2513;2513;Population 3600;3600;sample_2513;1405;-0.006820484209784287
2514;2514;Population 3600;3600;sample_2514;1410;0.004801148186541448
2515;2515;Population 3600;3600;sample_2515;1415;0.0020977005887460294
2516;2516;Population 3600;3600;sample_2516;1420;0.04074048640399032
2517;2517;Population 3600;3600;sample_2517;1425;-0.003816497315432034
2518;2518;Population 3600;3600;sample_2518;1430;-0.021815756182166204
2519;2519;Population 3600;3600;sample_2519;1435;-0.014968662657697763
2520;2520;Population 3600;3600;sample_2520;1440;-0.024891021919609947
2521;2521;Population 3600;3600;sample_2521;1445;-0.010939795497029609
2522;2522;Population 3600;3600;sample_2522;1450;-0.0009582070934264468
2523;2523;Population 3600;3600;sample_2523;1455;0.021068929021790337
2524;2524;Population 3600;3600;sample_2524;1460;-0.024917080075684748
2525;2525;Population 3600;3600;sample_2525;1465;0.007607721891515364
2526;2526;Population 3600;3600;sample_2526;1470;-0.0046583830821598895
2527;2527;Population 3600;3600;sample_2527;1475;-0.02124325076511577
2528;2528;Population 3600;3600;sample_2528;1480;-0.013735688703511363
2529;2529;Population 3600;3600;sample_2529;1485;0.03955101692336406
2530;2530;Population 3600;3600;sample_2530;1490;0.011849219463394534
2531;2531;Population 3600;3600;sample_2531;1495;0.012085040675185225
2532;2532;Population 3600;3600;sample_2532;1500;-0.005794437508983833
2533;2533;Population 3600;3600;sample_2533;1505;-0.0317818250946834
2534;2534;Population 3600;3600;sample_2534;1510;-0.004818488314973467
2535;2535;Population 3600;3600;sample_2535;1515;-0.011037253752255623
2536;2536;Population 3600;3600;sample_2536;1520;-0.03612213326493313
2537;2537;Population 3600;3600;sample_2537;1525;-0.02323670620485763
2538;2538;Population 3600;3600;sample_2538;1530;0.017069132990389965
2539;2539;Population 3600;3600;sample_2539;1535;0.010339364534804961
2540;2540;Population 3600;3600;sample_2540;1540;-0.044981278029869655
2541;2541;Population 3600;3600;sample_2541;1545;0.029749105749590818
2542;2542;Population 3600;3600;sample_2542;1550;-0.00709064403197616
2543;2543;Population 3600;3600;sample_2543;1555;-0.01922593957928531
2544;2544;Population 3600;3600;sample_2544;1560;-0.006348453605664608
2545;2545;Population 3600;3600;sample_2545;1565;-0.02685447488652611
2546;2546;Population 3600;3600;sample_2546;1570;0.013008243986985118
2547;2547;Population 3600;3600;sample_2547;1575;-0.04274064250166313
2548;2548;Population 3600;3600;sample_2548;1580;-0.0523758087182174
2549;2549;Population 3600;3600;sample_2549;1585;-0.018628356087378933
2550;2550;Population 3600;3600;sample_2550;1590;-0.014454109568399463
2551;2551;Population 3600;3600;sample_2551;1595;-0.00393880315457467
2552;2552;Population 3600;3600;sample_2552;1600;0.018295017783224173
2553;2553;Population 3600;3600;sample_2553;1605;0.012187227177569362
2554;2554;Population 3600;3600;sample_2554;1610;0.00824482311309713
2555;2555;Population 3600;3600;sample_2555;1615;-0.022182580724706576
2556;2556;Population 3600;3600;sample_2556;1620;0.04720017135371797
2557;2557;Population 3600;3600;sample_2557;1625;-0.01131467915622264
2558;2558;Population 3600;3600;sample_2558;1630;0.018219275646489414
2559;2559;Population 3600;3600;sample_2559;1635;-0.01434570340068254
2560;2560;Population 3600;3600;sample_2560;1640;0.003470948235937577
2561;2561;Population 3600;3600;sample_2561;1645;-0.009731216220390733
2562;2562;Population 3600;3600;sample_2562;1650;0.001209579114862103
2563;2563;Population 3600;3600;sample_2563;1655;0.030459973488205627
2564;2564;Population 3600;3600;sample_2564;1660;0.018264573951222402
2565;2565;Population 3600;3600;sample_2565;1665;-0.0032207533517682437
2566;2566;Population 3600;3600;sample_2566;1670;-0.001201127091939268
2567;2567;Population 3600;3600;sample_2567;1675;-0.0230115157532225
2568;2568;Population 3600;3600;sample_2568;1680;-0.0028601503712781425
2569;2569;Population 3600;3600;sample_2569;1685;0.007935174625375902
2570;2570;Population 3600;3600;sample_2570;1690;-0.028456019172850528
2571;2571;Population 3600;3600;sample_2571;1695;0.02620949381196602
2572;2572;Population 3600;3600;sample_2572;1700;-0.02627692550890802
2573;2573;Population 3600;3600;sample_2573;1705;0.008143144297708522
2574;2574;Population 3600;3600;sample_2574;1710;-0.012738293782967605
2575;2575;Population 3600;3600;sample_2575;1715;-0.01073733414153608
2576;2576;Population 3600;3600;sample_2576;1720;-0.016925324988444432
2577;2577;Population 3600;3600;sample_2577;1725;0.014711349560411485
2578;2578;Population 3600;3600;sample_2578;1730;-0.025924431551325563
2579;2579;Population 3600;3600;sample_2579;1735;-0.025347180549028448
2580;2580;Population 3600;3600;sample_2580;1740;-0.014405564848510709
2581;2581;Population 3600;3600;sample_2581;1745;-0.015321152882193946
2582;2582;Population 3600;3600;sample_2582;1750;0.03001830414203746
2583;2583;Population 3600;3600;sample_2583;1755;-0.027434509225871154
2584;2584;Population 3600;3600;sample_2584;1760;-0.019817752690721325
2585;2585;Population 3600;3600;sample_2585;1765;-0.032449212667483296
2586;2586;Population 3600;3600;sample_2586;1770;0.003293534645012364
2587;2587;Population 3600;3600;sample_2587;1775;0.004226875360899605
2588;2588;Population 3600;3600;sample_2588;1780;0.0235056889607427
2589;2589;Population 3600;3600;sample_2589;1785;-0.009579974489106021
2590;2590;Population 3600;3600;sample_2590;1790;-0.003752484181317574
2591;2591;Population 3600;3600;sample_2591;1795;-0.006682444534297025
2592;2592;Population 3600;3600;sample_2592;1800;0.030447681090232288
2593;2593;Population 3600;3600;sample_2593;1805;1.1334689333724722e-06
2594;2594;Population 3600;3600;sample_2594;1810;-0.013305528389419969
2595;2595;Population 3600;3600;sample_2595;1815;0.008720326698280278
2596;2596;Population 3600;3600;sample_2596;1820;-0.013491202858136838
2597;2597;Population 3600;3600;sample_2597;1825;0.016352838511945765
2598;2598;Population 3600;3600;sample_2598;1830;-0.028721112300597464
2599;2599;Population 3600;3600;sample_2599;1835;0.006975821205342655
2600;2600;Population 3600;3600;sample_2600;1840;0.03745052637492306
2601;2601;Population 3600;3600;sample_2601;1845;0.017279293327429977
2602;2602;Population 3600;3600;sample_2602;1850;-0.017486400594361025
2603;2603;Population 3600;3600;sample_2603;1855;-0.004532213359539957
2604;2604;Population 3600;3600;sample_2604;1860;-0.0030328682991604093
2605;2605;Population 3600;3600;sample_2605;1865;-0.01351877426666203
2606;2606;Population 3600;3600;sample_2606;1870;0.014739423004377814
2607;2607;Population 3600;3600;sample_2607;1875;0.0024716852823228256
2608;2608;Population 3600;3600;sample_2608;1880;-0.02695616131499933
2609;2609;Population 3600;3600;sample_2609;1885;-0.024160376195570675
2610;2610;Population 3600;3600;sample_2610;1890;0.0011422020350994966
2611;2611;Population 3600;3600;sample_2611;1895;5.17214295072939e-05
2612;2612;Population 3600;3600;sample_2612;1900;-0.041155679633970876
2613;2613;Population 3600;3600;sample_2613;1905;-0.04021554173396572
2614;2614;Population 3600;3600;sample_2614;1910;0.0022000045595875657
2615;2615;Population 3600;3600;sample_2615;1915;-0.018507854149476283
2616;2616;Population 3600;3600;sample_2616;1920;0.006209197722742276
2617;2617;Population 3600;3600;sample_2617;1925;0.014053766751265167
2618;2618;Population 3600;3600;sample_2618;1930;0.007722427081392948
2619;2619;Population 3600;3600;sample_2619;1935;0.012778492220498278
2620;2620;Population 3600;3600;sample_2620;1940;-0.0023402882116537412
2621;2621;Population 3600;3600;sample_2621;1945;0.009485872840655272
2622;2622;Population 3600;3600;sample_2622;1950;-0.009756580947856934
2623;2623;Population 3600;3600;sample_2623;1955;-0.029977994398475455
2624;2624;Population 3600;3600;sample_2624;1960;-0.011478082679693717
2625;2625;Population 3600;3600;sample_2625;1965;0.004856315558516772
2626;2626;Population 3600;3600;sample_2626;1970;-0.02026517678141703
2627;2627;Population 3600;3600;sample_2627;1975;-0.016674506629902087
2628;2628;Population 3600;3600;sample_2628;1980;-0.023622781481270675
2629;2629;Population 3600;3600;sample_2629;1985;0.0031947074633412492
2630;2630;Population 3600;3600;sample_2630;1990;0.014014580437406311
2631;2631;Population 3600;3600;sample_2631;1995;0.008396667194833857
2632;2632;Population 3600;3600;sample_2632;2000;-0.03010158287502044
2633;2633;Population 3600;3600;sample_2633;2005;0.016674566189624703
2634;2634;Population 3600;3600;sample_2634;2010;0.0010671536667531414
2635;2635;Population 3600;3600;sample_2635;2015;0.002122045929130218
2636;2636;Population 3600;3600;sample_2636;2020;0.02047186944745763
2637;2637;Population 3600;3600;sample_2637;2025;0.0017173080400367383
2638;2638;Population 3600;3600;sample_2638;2030;-0.02662902614434388
2639;2639;Population 3600;3600;sample_2639;2035;0.010869609813693502
2640;2640;Population 3600;3600;sample_2640;2040;0.009834845333440508
2641;2641;Population 3600;3600;sample_2641;2045;-0.01825972434302566
2642;2642;Population 3600;3600;sample_2642;2050;-0.017527689003239103
2643;2643;Population 3600;3600;sample_2643;2055;0.003400606560056619
2644;2644;Population 3600;3600;sample_2644;2060;-0.02458620665819981
2645;2645;Population 3600;3600;sample_2645;2065;-0.0006110629916593835
2646;2646;Population 3600;3600;sample_2646;2070;-0.006208573058860783
2647;2647;Population 3600;3600;sample_2647;2075;-0.002343531235818155
2648;2648;Population 3600;3600;sample_2648;2080;0.004370370789061593
2649;2649;Population 3600;3600;sample_2649;2085;-0.006299418527966897
2650;2650;Population 3600;3600;sample_2650;2090;0.0070665379141176
2651;2651;Population 3600;3600;sample_2651;2095;-0.005988875170164863
2652;2652;Population 3600;3600;sample_2652;2100;-0.008638595606972879
2653;2653;Population 3600;3600;sample_2653;2105;-0.005549200213697389
2654;2654;Population 3600;3600;sample_2654;2110;0.01533717516080417
2655;2655;Population 3600;3600;sample_2655;2115;-0.013710255185503251
2656;2656;Population 3600;3600;sample_2656;2120;-0.003601400038101879
2657;2657;Population 3600;3600;sample_2657;2125;-0.01271736598733233
2658;2658;Population 3600;3600;sample_2658;2130;-0.013599085930463864
2659;2659;Population 3600;3600;sample_2659;2135;-0.0035630027091498742
2660;2660;Population 3600;3600;sample_2660;2140;-0.0307206660054383
2661;2661;Population 3600;3600;sample_2661;2145;-0.03925000883909328
2662;2662;Population 3600;3600;sample_2662;2150;-0.003822980162284434
2663;2663;Population 3600;3600;sample_2663;2155;0.002710566630708116
2664;2664;Population 3600;3600;sample_2664;2160;0.0003685006616694094
2665;2665;Population 3600;3600;sample_2665;2165;-0.02262770570962484
2666;2666;Population 3600;3600;sample_2666;2170;-0.014401375853301883
2667;2667;Population 3600;3600;sample_2667;2175;0.008597745211996568
2668;2668;Population 3600;3600;sample_2668;2180;0.00417961710346947
2669;2669;Population 3600;3600;sample_2669;2185;-0.004582469434862033
2670;2670;Population 3600;3600;sample_2670;2190;-0.014105865000340183
2671;2671;Population 3600;3600;sample_2671;2195;0.003239133301395363
2672;2672;Population 3600;3600;sample_2672;2200;-0.022924075041818957
2673;2673;Population 3600;3600;sample_2673;2205;0.016048453070485764
2674;2674;Population 3600;3600;sample_2674;2210;0.006972203099020381
2675;2675;Population 3600;3600;sample_2675;2215;0.027362605774858224
2676;2676;Population 3600;3600;sample_2676;2220;-0.019236376535463614
2677;2677;Population 3600;3600;sample_2677;2225;-0.04134175584416438
2678;2678;Population 3600;3600;sample_2678;2230;0.0035170381730876697
2679;2679;Population 3600;3600;sample_2679;2235;-0.014484174194001088
2680;2680;Population 3600;3600;sample_2680;2240;-0.021326559712360898
2681;2681;Population 3600;3600;sample_2681;2245;-0.015224833692806862
2682;2682;Population 3600;3600;sample_2682;2250;-0.01720089871453665
2683;2683;Population 3600;3600;sample_2683;2255;-0.009130978322881978
2684;2684;Population 3600;3600;sample_2684;2260;-0.05162971590596764
2685;2685;Population 3600;3600;sample_2685;2265;0.004138446097991927
2686;2686;Population 3600;3600;sample_2686;2270;0.020406172317291457
2687;2687;Population 3600;3600;sample_2687;2275;-0.006251390558553601
2688;2688;Population 3600;3600;sample_2688;2280;0.004070720724667792
2689;2689;Population 3600;3600;sample_2689;2285;-0.019967998417820324
2690;2690;Population 3600;3600;sample_2690;2290;0.004299027920913578
2691;2691;Population 3600;3600;sample_2691;2295;0.01871145740992627
2692;2692;Population 3600;3600;sample_2692;2300;-0.006581905095689268
2693;2693;Population 3600;3600;sample_2693;2305;-0.018803581100547556
2694;2694;Population 3600;3600;sample_2694;2310;0.0002788790619441002
2695;2695;Population 3600;3600;sample_2695;2315;0.03743579865234843
2696;2696;Population 3600;3600;sample_2696;2320;-0.01965407853474691
2697;2697;Population 3600;3600;sample_2697;2325;-0.00810356676660662
2698;2698;Population 3600;3600;sample_2698;2330;-0.00015068452524818855
2699;2699;Population 3600;3600;sample_2699;2335;0.005032040117366409
2700;2700;Population 3600;3600;sample_2700;2340;-0.013282990965787082
2701;2701;Population 3600;3600;sample_2701;2345;-0.004775375354047983
2702;2702;Population 3600;3600;sample_2702;2350;-0.026199792166111034
2703;2703;Population 3600;3600;sample_2703;2355;-0.021803405352288925
2704;2704;Population 3600;3600;sample_2704;2360;-0.010810690772566706
2705;2705;Population 3600;3600;sample_2705;2365;-0.04335194690583484
2706;2706;Population 3600;3600;sample_2706;2370;0.0047596843282571855
2707;2707;Population 3600;3600;sample_2707;2375;-0.012552989397694864
2708;2708;Population 3600;3600;sample_2708;2380;-0.010131299975881376
2709;2709;Population 3600;3600;sample_2709;2385;-0.03451730565876661
2710;2710;Population 3600;3600;sample_2710;2390;-0.02208297255755073
2711;2711;Population 3600;3600;sample_2711;2395;0.022802878257549623
2712;2712;Population 3600;3600;sample_2712;2400;0.007945805961748216
2713;2713;Population 3600;3600;sample_2713;2405;0.015891292678439903
2714;2714;Population 3600;3600;sample_2714;2410;-0.037991211427762094
2715;2715;Population 3600;3600;sample_2715;2415;-0.014504329214458862
2716;2716;Population 3600;3600;sample_2716;2420;-0.024091107891601314
2717;2717;Population 3600;3600;sample_2717;2425;-0.007200940917121732
2718;2718;Population 3600;3600;sample_2718;2430;-0.0034663606569456883
2719;2719;Population 3600;3600;sample_2719;2435;0.0024456001600938666
2720;2720;Population 3600;3600;sample_2720;2440;-0.024737253916020493
2721;2721;Population 3600;3600;sample_2721;2445;-0.008790895616328367
2722;2722;Population 3600;3600;sample_2722;2450;-0.002797284783572335
2723;2723;Population 3600;3600;sample_2723;2455;-0.006591805534744721
2724;2724;Population 3600;3600;sample_2724;2460;-0.006660471760965264
2725;2725;Population 3600;3600;sample_2725;2465;-0.003755938186425674
2726;2726;Population 3600;3600;sample_2726;2470;0.0036410067056073746
2727;2727;Population 3600;3600;sample_2727;2475;-0.014267316668313554
2728;2728;Population 3600;3600;sample_2728;2480;0.015399331917193768
2729;2729;Population 3600;3600;sample_2729;2485;0.005426936112551146
2730;2730;Population 3600;3600;sample_2730;2490;-0.010672921704929155
2731;2731;Population 3600;3600;sample_2731;2495;-0.01907109540677845
2732;2732;Population 3600;3600;sample_2732;2500;-0.005726544237967826
2733;2733;Population 3600;3600;sample_2733;2505;0.009572907989081648
2734;2734;Population 3600;3600;sample_2734;2510;-0.002438944096798547
2735;2735;Population 3600;3600;sample_2735;2515;-0.0004821674660301397
2736;2736;Population 3600;3600;sample_2736;2520;-0.025911466665488464
2737;2737;Population 3600;3600;sample_2737;2525;0.002299840881883775
2738;2738;Population 3600;3600;sample_2738;2530;-0.03159487193372975
2739;2739;Population 3600;3600;sample_2739;2535;-0.01130881787443595
2740;2740;Population 3600;3600;sample_2740;2540;-0.01734985756586103
2741;2741;Population 3600;3600;sample_2741;2545;-0.020549367768996987
2742;2742;Population 3600;3600;sample_2742;2550;-0.024014386611834714
2743;2743;Population 3600;3600;sample_2743;2555;0.02252892649587958
2744;2744;Population 3600;3600;sample_2744;2560;-0.004425369655367351
2745;2745;Population 3600;3600;sample_2745;2565;-0.03396283681162145
2746;2746;Population 3600;3600;sample_2746;2570;0.004291175183428794
2747;2747;Population 3600;3600;sample_2747;2575;-0.0033878125037756905
2748;2748;Population 3600;3600;sample_2748;2580;-0.007303126567628147
2749;2749;Population 3600;3600;sample_2749;2585;0.03584781652200369
2750;2750;Population 3600;3600;sample_2750;2590;-0.017899816310913547
2751;2751;Population 3600;3600;sample_2751;2595;0.00021956248408328729
2752;2752;Population 3600;3600;sample_2752;2600;-0.01400508597408099
2753;2753;Population 3600;3600;sample_2753;2605;-0.022403803285365842
2754;2754;Population 3600;3600;sample_2754;2610;0.017657783797379353
2755;2755;Population 3600;3600;sample_2755;2615;0.004359321020922532
2756;2756;Population 3600;3600;sample_2756;2620;-0.01773673533255226
2757;2757;Population 3600;3600;sample_2757;2625;0.002697938096366876
2758;2758;Population 3600;3600;sample_2758;2630;-0.0040132071871144676
2759;2759;Population 3600;3600;sample_2759;2635;-0.010240536916063648
2760;2760;Population 3600;3600;sample_2760;2640;-0.010601407685629418
2761;2761;Population 3600;3600;sample_2761;2645;0.005552350744044409
2762;2762;Population 3600;3600;sample_2762;2650;-0.002182865810144623
2763;2763;Population 3600;3600;sample_2763;2655;0.010726814360634976
2764;2764;Population 3600;3600;sample_2764;2660;-0.00497979338123435
2765;2765;Population 3600;3600;sample_2765;2665;0.0017708676610790307
2766;2766;Population 3600;3600;sample_2766;2670;-0.01977678496119101
2767;2767;Population 3600;3600;sample_2767;2675;-0.007280278065904982
2768;2768;Population 3600;3600;sample_2768;2680;-0.002799587237947158
2769;2769;Population 3600;3600;sample_2769;2685;-0.022118480040770664
2770;2770;Population 3600;3600;sample_2770;2690;-0.0004273093149856498
2771;2771;Population 3600;3600;sample_2771;2695;0.004638524437723479
2772;2772;Population 3600;3600;sample_2772;2700;0.017949037716591242
2773;2773;Population 3600;3600;sample_2773;2705;-0.006161020521377796
2774;2774;Population 3600;3600;sample_2774;2710;-0.016269483332074123
2775;2775;Population 3600;3600;sample_2775;2715;-0.017236788002081144
2776;2776;Population 3600;3600;sample_2776;2720;-0.01629059554279123
2777;2777;Population 3600;3600;sample_2777;2725;-0.01674386373725118
2778;2778;Population 3600;3600;sample_2778;2730;-0.009552352378254782
2779;2779;Population 3600;3600;sample_2779;2735;-0.0093466868185339
2780;2780;Population 3600;3600;sample_2780;2740;0.012680993083936677
2781;2781;Population 3600;3600;sample_2781;2745;-0.0015558164585302077
2782;2782;Population 3600;3600;sample_2782;2750;-0.00962604306261185
2783;2783;Population 3600;3600;sample_2783;2755;-0.016253389337077213
2784;2784;Population 3600;3600;sample_2784;2760;0.015273559995466125
2785;2785;Population 3600;3600;sample_2785;2765;0.002460406741883454
2786;2786;Population 3600;3600;sample_2786;2770;-0.004446579409707962
2787;2787;Population 3600;3600;sample_2787;2775;-0.0013149646814938243
2788;2788;Population 3600;3600;sample_2788;2780;0.012879067205998403
2789;2789;Population 3600;3600;sample_2789;2785;0.020406607557958038
2790;2790;Population 3600;3600;sample_2790;2790;-0.010749940929612053
2791;2791;Population 3600;3600;sample_2791;2795;-0.04147109340074025
2792;2792;Population 3600;3600;sample_2792;2800;-0.008221711970508536
2793;2793;Population 3600;3600;sample_2793;2805;0.0020776163720379348
2794;2794;Population 3600;3600;sample_2794;2810;-0.016728114761767738
2795;2795;Population 3600;3600;sample_2795;2815;0.0016857383639042483
2796;2796;Population 3600;3600;sample_2796;2820;-0.01641725475888059
2797;2797;Population 3600;3600;sample_2797;2825;-0.011880439412992924
2798;2798;Population 3600;3600;sample_2798;2830;-0.007572442532326901
2799;2799;Population 3600;3600;sample_2799;2835;-0.011229315393244024
2800;2800;Population 3600;3600;sample_2800;2840;-0.020046086115000604
2801;2801;Population 3600;3600;sample_2801;2845;0.00489780555692072
2802;2802;Population 3600;3600;sample_2802;2850;-0.0035159827619984977
2803;2803;Population 3600;3600;sample_2803;2855;0.014683424590857301
2804;2804;Population 3600;3600;sample_2804;2860;0.013985030223754575
2805;2805;Population 3600;3600;sample_2805;2865;-0.008385845381784742
2806;2806;Population 3600;3600;sample_2806;2870;0.00552436903220545
2807;2807;Population 3600;3600;sample_2807;2875;1.388243093241153e-05
2808;2808;Population 3600;3600;sample_2808;2880;-0.022502470824528602
2809;2809;Population 3600;3600;sample_2809;2885;0.0011822133052998994
2810;2810;Population 3600;3600;sample_2810;2890;0.00028007653120806845
2811;2811;Population 3600;3600;sample_2811;2895;0.0017472717628080965
2812;2812;Population 3600;3600;sample_2812;2900;-0.002077338337470461
2813;2813;Population 3600;3600;sample_2813;2905;-0.00589468394175542
2814;2814;Population 3600;3600;sample_2814;2910;-0.024398938713219177
2815;2815;Population 3600;3600;sample_2815;2915;-0.009458056977667897
2816;2816;Population 3600;3600;sample_2816;2920;-0.005470103335243489
2817;2817;Population 3600;3600;sample_2817;2925;-0.0068189933329225235
2818;2818;Population 3600;3600;sample_2818;2930;-0.029658158400618344
2819;2819;Population 3600;3600;sample_2819;2935;-0.00481504636593458
2820;2820;Population 3600;3600;sample_2820;2940;0.0002514121081482966
2821;2821;Population 3600;3600;sample_2821;2945;-0.0011433667885658108
2822;2822;Population 3600;3600;sample_2822;2950;-0.02063538537179782
2823;2823;Population 3600;3600;sample_2823;2955;0.014944500090619579
2824;2824;Population 3600;3600;sample_2824;2960;0.005177690555378391
2825;2825;Population 3600;3600;sample_2825;2965;0.01100972330284133
2826;2826;Population 3600;3600;sample_2826;2970;-0.00892142978752563
2827;2827;Population 3600;3600;sample_2827;2975;-0.003343634097208596
2828;2828;Population 3600;3600;sample_2828;2980;0.012832219522180551
2829;2829;Population 3600;3600;sample_2829;2985;0.009603853975053402
2830;2830;Population 3600;3600;sample_2830;2990;-0.005666132091021751
2831;2831;Population 3600;3600;sample_2831;2995;-0.016479768647388184
2832;2832;Population 3600;3600;sample_2832;3000;-0.015400902187228605
2833;2833;Population 3600;3600;sample_2833;3005;-0.0010140517838646038
2834;2834;Population 3600;3600;sample_2834;3010;-0.0044828353973171845
2835;2835;Population 3600;3600;sample_2835;3015;-0.004180084152412188
2836;2836;Population 3600;3600;sample_2836;3020;-0.008493383702767596
2837;2837;Population 3600;3600;sample_2837;3025;-0.013179197751453963
2838;2838;Population 3600;3600;sample_2838;3030;0.0006003861084639689
2839;2839;Population 3600;3600;sample_2839;3035;0.0038743827983941555
2840;2840;Population 3600;3600;sample_2840;3040;0.0046247417108183355
2841;2841;Population 3600;3600;sample_2841;3045;0.0064941320317677565
2842;2842;Population 3600;3600;sample_2842;3050;0.005492659022075797
2843;2843;Population 3600;3600;sample_2843;3055;0.007938807610890799
2844;2844;Population 3600;3600;sample_2844;3060;-0.008808598404144006
2845;2845;Population 3600;3600;sample_2845;3065;-0.015435466319681361
2846;2846;Population 3600;3600;sample_2846;3070;-0.008710854279556568
2847;2847;Population 3600;3600;sample_2847;3075;-0.025666721666454024
2848;2848;Population 3600;3600;sample_2848;3080;-0.014113434033192618
2849;2849;Population 3600;3600;sample_2849;3085;0.0011366291277179223
2850;2850;Population 3600;3600;sample_2850;3090;-0.017211905236497276
2851;2851;Population 3600;3600;sample_2851;3095;0.010373867254646698
2852;2852;Population 3600;3600;sample_2852;3100;0.01158098819770808
2853;2853;Population 3600;3600;sample_2853;3105;-0.019741254757524324
2854;2854;Population 3600;3600;sample_2854;3110;-0.0008135300532816645
2855;2855;Population 3600;3600;sample_2855;3115;-0.004581508130323138
2856;2856;Population 3600;3600;sample_2856;3120;-0.009185644036481897
2857;2857;Population 3600;3600;sample_2857;3125;-0.028936739958884142
2858;2858;Population 3600;3600;sample_2858;3130;0.011217944723320824
2859;2859;Population 3600;3600;sample_2859;3135;-0.012838688701471241
2860;2860;Population 3600;3600;sample_2860;3140;-0.013739024873463741
2861;2861;Population 3600;3600;sample_2861;3145;0.006156916146267275
2862;2862;Population 3600;3600;sample_2862;3150;-0.03003362346808713
2863;2863;Population 3600;3600;sample_2863;3155;0.0023050094549644552
2864;2864;Population 3600;3600;sample_2864;3160;-0.006854903573071256
2865;2865;Population 3600;3600;sample_2865;3165;-0.0009463063732410043
2866;2866;Population 3600;3600;sample_2866;3170;-0.00337583213534565
2867;2867;Population 3600;3600;sample_2867;3175;-0.010409694226688103
2868;2868;Population 3600;3600;sample_2868;3180;-0.009098559799970034
2869;2869;Population 3600;3600;sample_2869;3185;0.023539802035877987
2870;2870;Population 3600;3600;sample_2870;3190;-0.002545151251481459
2871;2871;Population 3600;3600;sample_2871;3195;-0.008944165160283186
2872;2872;Population 3600;3600;sample_2872;3200;-0.009579029613614733
2873;2873;Population 3600;3600;sample_2873;3205;0.006081984613125601
2874;2874;Population 3600;3600;sample_2874;3210;0.004590120774769789
2875;2875;Population 3600;3600;sample_2875;3215;-0.035078830995713434
2876;2876;Population 3600;3600;sample_2876;3220;-0.01567615121745779
2877;2877;Population 3600;3600;sample_2877;3225;-0.006570721463252612
2878;2878;Population 3600;3600;sample_2878;3230;0.008583938294103371
2879;2879;Population 3600;3600;sample_2879;3235;-0.015789138140348626
2880;2880;Population 3600;3600;sample_2880;3240;-0.011448786949461913
2881;2881;Population 3600;3600;sample_2881;3245;-0.00632360442401847
2882;2882;Population 3600;3600;sample_2882;3250;-0.019939225732188433
2883;2883;Population 3600;3600;sample_2883;3255;-0.015489289484597171
2884;2884;Population 3600;3600;sample_2884;3260;-0.0062047731867234885
2885;2885;Population 3600;3600;sample_2885;3265;-0.013386152470208556
2886;2886;Population 3600;3600;sample_2886;3270;-0.009542141448124746
2887;2887;Population 3600;3600;sample_2887;3275;-0.013551388111207383
2888;2888;Population 3600;3600;sample_2888;3280;-0.014461829997851854
2889;2889;Population 3600;3600;sample_2889;3285;0.003315214588033193
2890;2890;Population 3600;3600;sample_2890;3290;-0.006654025771918978
2891;2891;Population 3600;3600;sample_2891;3295;0.00564224253803123
2892;2892;Population 3600;3600;sample_2892;3300;-0.012361559966832606
2893;2893;Population 3600;3600;sample_2893;3305;-3.575735576010855e-05
2894;2894;Population 3600;3600;sample_2894;3310;0.02094781655009737
2895;2895;Population 3600;3600;sample_2895;3315;-0.004986417829163315
2896;2896;Population 3600;3600;sample_2896;3320;-0.003590304597275945
2897;2897;Population 3600;3600;sample_2897;3325;0.010753376174423155
2898;2898;Population 3600;3600;sample_2898;3330;-0.01083193719227456
2899;2899;Population 3600;3600;sample_2899;3335;-0.013288657414129837
2900;2900;Population 3600;3600;sample_2900;3340;-0.004122491881635682
2901;2901;Population 3600;3600;sample_2901;3345;-0.0023950280390114516
2902;2902;Population 3600;3600;sample_2902;3350;0.010470989696919834
2903;2903;Population 3600;3600;sample_2903;3355;-0.00417002578736992
2904;2904;Population 3600;3600;sample_2904;3360;0.011212085478374786
2905;2905;Population 3600;3600;sample_2905;3365;0.002180965133773435
2906;2906;Population 3600;3600;sample_2906;3370;-0.01127062066733602
2907;2907;Population 3600;3600;sample_2907;3375;-0.01218424358617778
2908;2908;Population 3600;3600;sample_2908;3380;-0.006006690607752822
2909;2909;Population 3600;3600;sample_2909;3385;0.006770843710800405
2910;2910;Population 3600;3600;sample_2910;3390;0.008538748080157272
2911;2911;Population 3600;3600;sample_2911;3395;0.000857294973612238
2912;2912;Population 3600;3600;sample_2912;3400;-0.005165179645295769
2913;2913;Population 3600;3600;sample_2913;3405;0.014356493854699432
2914;2914;Population 3600;3600;sample_2914;3410;-0.0016806815181223031
2915;2915;Population 3600;3600;sample_2915;3415;0.015159649755145351
2916;2916;Population 3600;3600;sample_2916;3420;-0.011126472775005714
2917;2917;Population 3600;3600;sample_2917;3425;0.01448614193836795
2918;2918;Population 3600;3600;sample_2918;3430;-0.008622731661099543
2919;2919;Population 3600;3600;sample_2919;3435;-0.0030172521676970817
2920;2920;Population 3600;3600;sample_2920;3440;-0.011040337575048562
2921;2921;Population 3600;3600;sample_2921;3445;-0.00449592779702551
2922;2922;Population 3600;3600;sample_2922;3450;0.0015697746208972485
2923;2923;Population 3600;3600;sample_2923;3455;-0.012328690313804107
2924;2924;Population 3600;3600;sample_2924;3460;-0.006405107715897466
2925;2925;Population 3600;3600;sample_2925;3465;0.005880083110311313
2926;2926;Population 3600;3600;sample_2926;3470;-0.02417200423470265
2927;2927;Population 3600;3600;sample_2927;3475;0.004897994614572943
2928;2928;Population 3600;3600;sample_2928;3480;-0.01508543942568699
2929;2929;Population 3600;3600;sample_2929;3485;-0.0057293351427451945
2930;2930;Population 3600;3600;sample_2930;3490;-0.00138368052490389
2931;2931;Population 3600;3600;sample_2931;3495;-0.0010943038525055438
2932;2932;Population 3600;3600;sample_2932;3500;0.0014709469503202165
2933;2933;Population 3600;3600;sample_2933;3505;-0.014036394659262876
2934;2934;Population 3600;3600;sample_2934;3510;-0.014397801372245212
2935;2935;Population 3600;3600;sample_2935;3515;-0.0019845532502566995
2936;2936;Population 3600;3600;sample_2936;3520;0.0037590120908623697
2937;2937;Population 3600;3600;sample_2937;3525;-0.01620654606683441
2938;2938;Population 3600;3600;sample_2938;3530;-0.0014039610291191533
2939;2939;Population 3600;3600;sample_2939;3535;-0.0020529531448741107
2940;2940;Population 3600;3600;sample_2940;3540;-0.012409158250518554
2941;2941;Population 3600;3600;sample_2941;3545;-0.0015359624886510563
2942;2942;Population 3600;3600;sample_2942;3550;0.00603682348085492
2943;2943;Population 3600;3600;sample_2943;3555;-0.01233804431831092
2944;2944;Population 3600;3600;sample_2944;3560;0.0019102448220149131
2945;2945;Population 3600;3600;sample_2945;3565;-0.03702483436309475
2946;2946;Population 3600;3600;sample_2946;3570;0.001113002988127569
2947;2947;Population 3600;3600;sample_2947;3575;0.0004748609666914949
2948;2948;Population 3600;3600;sample_2948;3580;-0.0048463923093403135
2949;2949;Population 3600;3600;sample_2949;3585;-0.0072539318848173885
2950;2950;Population 3600;3600;sample_2950;3590;0.0007338131435590009
2951;2951;Population 3600;3600;sample_2951;3595;-0.01412226540486004
2952;2952;Population 4100;4100;sample_2952;5;0.44445797474768484
2953;2953;Population 4100;4100;sample_2953;10;-0.10550757894288401
2954;2954;Population 4100;4100;sample_2954;15;-0.36855056743708225
2955;2955;Population 4100;4100;sample_2955;20;-0.3874859873786789
2956;2956;Population 4100;4100;sample_2956;25;0.5341688541575941
2957;2957;Population 4100;4100;sample_2957;30;-0.4518414977270084
2958;2958;Population 4100;4100;sample_2958;35;0.25854587459017364
2959;2959;Population 4100;4100;sample_2959;40;0.14228540485326965
2960;2960;Population 4100;4100;sample_2960;45;0.014292374899776483
2961;2961;Population 4100;4100;sample_2961;50;0.027476770509509252
2962;2962;Population 4100;4100;sample_2962;55;0.05468396906211098
2963;2963;Population 4100;4100;sample_2963;60;0.11213128767583473
2964;2964;Population 4100;4100;sample_2964;65;-0.010813769803991775
2965;2965;Population 4100;4100;sample_2965;70;-0.09298769305723087
2966;2966;Population 4100;4100;sample_2966;75;-0.021857092576737278
2967;2967;Population 4100;4100;sample_2967;80;0.17963079799543707
2968;2968;Population 4100;4100;sample_2968;85;0.13838679748310273
2969;2969;Population 4100;4100;sample_2969;90;0.005601297354335724
2970;2970;Population 4100;4100;sample_2970;95;0.004244705048099133
2971;2971;Population 4100;4100;sample_2971;100;0.055914051509713535
2972;2972;Population 4100;4100;sample_2972;105;-0.28276056729792903
2973;2973;Population 4100;4100;sample_2973;110;-0.12067136229370114
2974;2974;Population 4100;4100;sample_2974;115;0.013700761756272021
2975;2975;Population 4100;4100;sample_2975;120;0.01613849684646996
2976;2976;Population 4100;4100;sample_2976;125;-0.07951927913948843
2977;2977;Population 4100;4100;sample_2977;130;-0.060308530576836446
2978;2978;Population 4100;4100;sample_2978;135;0.2234960878395379
2979;2979;Population 4100;4100;sample_2979;140;0.013287093208749707
2980;2980;Population 4100;4100;sample_2980;145;0.037158035988888984
2981;2981;Population 4100;4100;sample_2981;150;0.0016838519973238952
2982;2982;Population 4100;4100;sample_2982;155;-0.016018996475702926
2983;2983;Population 4100;4100;sample_2983;160;0.06702606548190235
2984;2984;Population 4100;4100;sample_2984;165;-0.15295164502614225
2985;2985;Population 4100;4100;sample_2985;170;0.09094108914861664
2986;2986;Population 4100;4100;sample_2986;175;0.21594341360378647
2987;2987;Population 4100;4100;sample_2987;180;-0.08474002308853215
2988;2988;Population 4100;4100;sample_2988;185;0.006585189809519561
2989;2989;Population 4100;4100;sample_2989;190;-0.06111570835718858
2990;2990;Population 4100;4100;sample_2990;195;0.00970895359638882
2991;2991;Population 4100;4100;sample_2991;200;-0.012619475865453287
2992;2992;Population 4100;4100;sample_2992;205;-0.05746201466491341
2993;2993;Population 4100;4100;sample_2993;210;-0.056226547680550014
2994;2994;Population 4100;4100;sample_2994;215;-0.0803203875669486
2995;2995;Population 4100;4100;sample_2995;220;0.002678835500465284
2996;2996;Population 4100;4100;sample_2996;225;-0.14736468645471526
2997;2997;Population 4100;4100;sample_2997;230;-0.029746457127426556
2998;2998;Population 4100;4100;sample_2998;235;-0.03758902469095324
2999;2999;Population 4100;4100;sample_2999;240;0.037091074031589066
3000;3000;Population 4100;4100;sample_3000;245;0.043552688880804546
3001;3001;Population 4100;4100;sample_3001;250;-0.08660623547572002
3002;3002;Population 4100;4100;sample_3002;255;0.07532786546399142
3003;3003;Population 4100;4100;sample_3003;260;0.035013685176454507
3004;3004;Population 4100;4100;sample_3004;265;0.0298509703112295
3005;3005;Population 4100;4100;sample_3005;270;-0.01021660569543661
3006;3006;Population 4100;4100;sample_3006;275;-0.11899519800490184
3007;3007;Population 4100;4100;sample_3007;280;-0.09264376575676028
3008;3008;Population 4100;4100;sample_3008;285;-0.03413163775025367
3009;3009;Population 4100;4100;sample_3009;290;0.07295327172223712
3010;3010;Population 4100;4100;sample_3010;295;0.007190601379902557
3011;3011;Population 4100;4100;sample_3011;300;-0.09283906710713931
3012;3012;Population 4100;4100;sample_3012;305;-0.05497892466649012
3013;3013;Population 4100;4100;sample_3013;310;-0.04078446876136342
3014;3014;Population 4100;4100;sample_3014;315;-0.013798413528918594
3015;3015;Population 4100;4100;sample_3015;320;-0.061567773467270916
3016;3016;Population 4100;4100;sample_3016;325;-0.022410817412720975
3017;3017;Population 4100;4100;sample_3017;330;0.059352216784569985
3018;3018;Population 4100;4100;sample_3018;335;0.030029377362006778
3019;3019;Population 4100;4100;sample_3019;340;0.04168213089993296
3020;3020;Population 4100;4100;sample_3020;345;-0.04700578649081538
3021;3021;Population 4100;4100;sample_3021;350;0.04057095680282701
3022;3022;Population 4100;4100;sample_3022;355;0.044169529394171604
3023;3023;Population 4100;4100;sample_3023;360;0.04853876417046755
3024;3024;Population 4100;4100;sample_3024;365;0.09185277715592263
3025;3025;Population 4100;4100;sample_3025;370;-0.06907649746930784
3026;3026;Population 4100;4100;sample_3026;375;0.06106043889464355
3027;3027;Population 4100;4100;sample_3027;380;0.010247121381780449
3028;3028;Population 4100;4100;sample_3028;385;-0.029195642295066913
3029;3029;Population 4100;4100;sample_3029;390;-0.04283680835885889
3030;3030;Population 4100;4100;sample_3030;395;-0.020209878283627802
3031;3031;Population 4100;4100;sample_3031;400;0.02064262323715566
3032;3032;Population 4100;4100;sample_3032;405;0.021647720754185227
3033;3033;Population 4100;4100;sample_3033;410;0.03429742577593774
3034;3034;Population 4100;4100;sample_3034;415;-0.021337891587673498
3035;3035;Population 4100;4100;sample_3035;420;-0.00019527479233040794
3036;3036;Population 4100;4100;sample_3036;425;0.09456781700406491
3037;3037;Population 4100;4100;sample_3037;430;-0.035600152628400404
3038;3038;Population 4100;4100;sample_3038;435;0.016117582927616093
3039;3039;Population 4100;4100;sample_3039;440;-0.013465801341748865
3040;3040;Population 4100;4100;sample_3040;445;-0.048794458792900695
3041;3041;Population 4100;4100;sample_3041;450;-0.03523694960090102
3042;3042;Population 4100;4100;sample_3042;455;-0.02284482986647353
3043;3043;Population 4100;4100;sample_3043;460;0.06082842490836673
3044;3044;Population 4100;4100;sample_3044;465;0.0002970005699226179
3045;3045;Population 4100;4100;sample_3045;470;0.03072061298015378
3046;3046;Population 4100;4100;sample_3046;475;-0.01590856654663832
3047;3047;Population 4100;4100;sample_3047;480;0.01826829829309673
3048;3048;Population 4100;4100;sample_3048;485;-0.0022458338002136428
3049;3049;Population 4100;4100;sample_3049;490;0.05880817456155523
3050;3050;Population 4100;4100;sample_3050;495;-0.06547012976631957
3051;3051;Population 4100;4100;sample_3051;500;-0.005628756151818383
3052;3052;Population 4100;4100;sample_3052;505;-0.020924662883520025
3053;3053;Population 4100;4100;sample_3053;510;0.05567007519473089
3054;3054;Population 4100;4100;sample_3054;515;-0.01910153893815318
3055;3055;Population 4100;4100;sample_3055;520;-0.003557898522984262
3056;3056;Population 4100;4100;sample_3056;525;-0.026899333476348177
3057;3057;Population 4100;4100;sample_3057;530;0.011023860563584198
3058;3058;Population 4100;4100;sample_3058;535;-0.017395264411110244
3059;3059;Population 4100;4100;sample_3059;540;0.042849295456352486
3060;3060;Population 4100;4100;sample_3060;545;-0.045044143832569494
3061;3061;Population 4100;4100;sample_3061;550;-0.038430090699578125
3062;3062;Population 4100;4100;sample_3062;555;0.018205091824518908
3063;3063;Population 4100;4100;sample_3063;560;-0.03413532707989886
3064;3064;Population 4100;4100;sample_3064;565;0.003641121579043865
3065;3065;Population 4100;4100;sample_3065;570;-0.02004364630368465
3066;3066;Population 4100;4100;sample_3066;575;0.00017337609598976316
3067;3067;Population 4100;4100;sample_3067;580;-0.01775415693922982
3068;3068;Population 4100;4100;sample_3068;585;-0.046060840964641754
3069;3069;Population 4100;4100;sample_3069;590;0.03446265969670387
3070;3070;Population 4100;4100;sample_3070;595;0.02471090507557022
3071;3071;Population 4100;4100;sample_3071;600;0.007119291958178029
3072;3072;Population 4100;4100;sample_3072;605;-0.061462707616597334
3073;3073;Population 4100;4100;sample_3073;610;0.007382034234521855
3074;3074;Population 4100;4100;sample_3074;615;0.0273732003655546
3075;3075;Population 4100;4100;sample_3075;620;-0.06468647466379461
3076;3076;Population 4100;4100;sample_3076;625;-0.006684041187914053
3077;3077;Population 4100;4100;sample_3077;630;0.04292371124678561
3078;3078;Population 4100;4100;sample_3078;635;0.006411216286913623
3079;3079;Population 4100;4100;sample_3079;640;0.020444838037844054
3080;3080;Population 4100;4100;sample_3080;645;-0.041341698688538514
3081;3081;Population 4100;4100;sample_3081;650;0.01720145414545555
3082;3082;Population 4100;4100;sample_3082;655;0.05614867387016778
3083;3083;Population 4100;4100;sample_3083;660;-0.04682614681346753
3084;3084;Population 4100;4100;sample_3084;665;0.00984127418119191
3085;3085;Population 4100;4100;sample_3085;670;-0.00022637379260930402
3086;3086;Population 4100;4100;sample_3086;675;-0.026753118373330987
3087;3087;Population 4100;4100;sample_3087;680;-0.07483183753606197
3088;3088;Population 4100;4100;sample_3088;685;-0.04043896040816792
3089;3089;Population 4100;4100;sample_3089;690;-0.04219166760963308
3090;3090;Population 4100;4100;sample_3090;695;0.03896717912019036
3091;3091;Population 4100;4100;sample_3091;700;-0.013300289607417005
3092;3092;Population 4100;4100;sample_3092;705;-0.04499253284267962
3093;3093;Population 4100;4100;sample_3093;710;-0.01351967543754969
3094;3094;Population 4100;4100;sample_3094;715;-0.012147613822820577
3095;3095;Population 4100;4100;sample_3095;720;0.002014752815609539
3096;3096;Population 4100;4100;sample_3096;725;0.0422384682034663
3097;3097;Population 4100;4100;sample_3097;730;-0.0016372702494399198
3098;3098;Population 4100;4100;sample_3098;735;0.015453974900923371
3099;3099;Population 4100;4100;sample_3099;740;-0.06349224003326154
3100;3100;Population 4100;4100;sample_3100;745;0.004561346770718058
3101;3101;Population 4100;4100;sample_3101;750;0.005527905625067457
3102;3102;Population 4100;4100;sample_3102;755;0.03338376180102606
3103;3103;Population 4100;4100;sample_3103;760;0.007420551220380744
3104;3104;Population 4100;4100;sample_3104;765;-0.019455457574876073
3105;3105;Population 4100;4100;sample_3105;770;0.02149235370725462
3106;3106;Population 4100;4100;sample_3106;775;0.00708568590282439
3107;3107;Population 4100;4100;sample_3107;780;0.017252462688634333
3108;3108;Population 4100;4100;sample_3108;785;-0.029719242479587665
3109;3109;Population 4100;4100;sample_3109;790;0.04914033076448462
3110;3110;Population 4100;4100;sample_3110;795;-0.04009153283436972
3111;3111;Population 4100;4100;sample_3111;800;0.028447701881625948
3112;3112;Population 4100;4100;sample_3112;805;0.07048324612902254
3113;3113;Population 4100;4100;sample_3113;810;-0.028596830577136488
3114;3114;Population 4100;4100;sample_3114;815;0.07272680461018463
3115;3115;Population 4100;4100;sample_3115;820;-0.033058384823555914
3116;3116;Population 4100;4100;sample_3116;825;-0.039370576053686344
3117;3117;Population 4100;4100;sample_3117;830;0.03483891972743634
3118;3118;Population 4100;4100;sample_3118;835;-0.01145565104752402
3119;3119;Population 4100;4100;sample_3119;840;-0.0007197428948257795
3120;3120;Population 4100;4100;sample_3120;845;0.02975531223258086
3121;3121;Population 4100;4100;sample_3121;850;0.03556387379484014
3122;3122;Population 4100;4100;sample_3122;855;0.01867644685002341
3123;3123;Population 4100;4100;sample_3123;860;-0.06691136956183945
3124;3124;Population 4100;4100;sample_3124;865;-0.006810459511201034
3125;3125;Population 4100;4100;sample_3125;870;0.03605418374107347
3126;3126;Population 4100;4100;sample_3126;875;-0.03239133275348964
3127;3127;Population 4100;4100;sample_3127;880;-0.009742368044985964
3128;3128;Population 4100;4100;sample_3128;885;-0.026307617212581506
3129;3129;Population 4100;4100;sample_3129;890;-0.04128726233463393
3130;3130;Population 4100;4100;sample_3130;895;0.019176247862369017
3131;3131;Population 4100;4100;sample_3131;900;0.030686143145400895
3132;3132;Population 4100;4100;sample_3132;905;-0.02349357647845558
3133;3133;Population 4100;4100;sample_3133;910;-0.017920167121178006
3134;3134;Population 4100;4100;sample_3134;915;0.028787972566971725
3135;3135;Population 4100;4100;sample_3135;920;0.025929174916486174
3136;3136;Population 4100;4100;sample_3136;925;0.04146152188738441
3137;3137;Population 4100;4100;sample_3137;930;-0.0028844445629781163
3138;3138;Population 4100;4100;sample_3138;935;0.01628422196249833
3139;3139;Population 4100;4100;sample_3139;940;0.009434550553512527
3140;3140;Population 4100;4100;sample_3140;945;0.04915425010897076
3141;3141;Population 4100;4100;sample_3141;950;-0.03811034337152889
3142;3142;Population 4100;4100;sample_3142;955;0.00015256181884303478
3143;3143;Population 4100;4100;sample_3143;960;0.022764646165000974
3144;3144;Population 4100;4100;sample_3144;965;0.01249143470204984
3145;3145;Population 4100;4100;sample_3145;970;-0.03919288743252214
3146;3146;Population 4100;4100;sample_3146;975;0.034083214345708504
3147;3147;Population 4100;4100;sample_3147;980;-0.0025833702674081175
3148;3148;Population 4100;4100;sample_3148;985;0.001091574140412661
3149;3149;Population 4100;4100;sample_3149;990;0.004422748333789596
3150;3150;Population 4100;4100;sample_3150;995;-0.045063080133491584
3151;3151;Population 4100;4100;sample_3151;1000;0.026494190376343874
3152;3152;Population 4100;4100;sample_3152;1005;-0.04718973608911674
3153;3153;Population 4100;4100;sample_3153;1010;-0.026009153344511877
3154;3154;Population 4100;4100;sample_3154;1015;0.03070154443803414
3155;3155;Population 4100;4100;sample_3155;1020;0.006266322937640314
3156;3156;Population 4100;4100;sample_3156;1025;-0.0010143159493061521
3157;3157;Population 4100;4100;sample_3157;1030;0.013874598746190354
3158;3158;Population 4100;4100;sample_3158;1035;-0.03324193838983367
3159;3159;Population 4100;4100;sample_3159;1040;-0.0012620731866145813
3160;3160;Population 4100;4100;sample_3160;1045;0.032515413378509474
3161;3161;Population 4100;4100;sample_3161;1050;0.003295924377845139
3162;3162;Population 4100;4100;sample_3162;1055;0.016232441344944604
3163;3163;Population 4100;4100;sample_3163;1060;-0.00877213049937015
3164;3164;Population 4100;4100;sample_3164;1065;0.0003661531583853158
3165;3165;Population 4100;4100;sample_3165;1070;-0.03496240329861224
3166;3166;Population 4100;4100;sample_3166;1075;-0.04457463985188642
3167;3167;Population 4100;4100;sample_3167;1080;-0.036297642408346834
3168;3168;Population 4100;4100;sample_3168;1085;-0.005148947169468282
3169;3169;Population 4100;4100;sample_3169;1090;-0.013141342726002274
3170;3170;Population 4100;4100;sample_3170;1095;0.008650155886673833
3171;3171;Population 4100;4100;sample_3171;1100;-0.03159210983200502
3172;3172;Population 4100;4100;sample_3172;1105;0.024083538124456894
3173;3173;Population 4100;4100;sample_3173;1110;-0.05035783364957511
3174;3174;Population 4100;4100;sample_3174;1115;-0.0047972217933286345
3175;3175;Population 4100;4100;sample_3175;1120;0.021709861825236137
3176;3176;Population 4100;4100;sample_3176;1125;-0.05176729318855826
3177;3177;Population 4100;4100;sample_3177;1130;-0.0013934689178219917
3178;3178;Population 4100;4100;sample_3178;1135;0.03393239008173384
3179;3179;Population 4100;4100;sample_3179;1140;-0.004523196873870791
3180;3180;Population 4100;4100;sample_3180;1145;-0.03135102078989564
3181;3181;Population 4100;4100;sample_3181;1150;-0.019770943768103937
3182;3182;Population 4100;4100;sample_3182;1155;-0.056659427178083074
3183;3183;Population 4100;4100;sample_3183;1160;-0.003592265396125072
3184;3184;Population 4100;4100;sample_3184;1165;-0.014022185073158331
3185;3185;Population 4100;4100;sample_3185;1170;0.0012421142866427723
3186;3186;Population 4100;4100;sample_3186;1175;-0.033124265678827466
3187;3187;Population 4100;4100;sample_3187;1180;0.016541214213546547
3188;3188;Population 4100;4100;sample_3188;1185;-0.0010600069864456303
3189;3189;Population 4100;4100;sample_3189;1190;-0.06207268258770787
3190;3190;Population 4100;4100;sample_3190;1195;-0.040901939145367286
3191;3191;Population 4100;4100;sample_3191;1200;0.004964200380055347
3192;3192;Population 4100;4100;sample_3192;1205;-0.05348326369872998
3193;3193;Population 4100;4100;sample_3193;1210;0.015237921661223203
3194;3194;Population 4100;4100;sample_3194;1215;0.02452502736505046
3195;3195;Population 4100;4100;sample_3195;1220;-0.022045228450816554
3196;3196;Population 4100;4100;sample_3196;1225;0.02277691104114423
3197;3197;Population 4100;4100;sample_3197;1230;-0.02183489307332509
3198;3198;Population 4100;4100;sample_3198;1235;0.012034266420116839
3199;3199;Population 4100;4100;sample_3199;1240;-0.06094094288640541
3200;3200;Population 4100;4100;sample_3200;1245;0.001813585422937406
3201;3201;Population 4100;4100;sample_3201;1250;-0.025818539184971546
3202;3202;Population 4100;4100;sample_3202;1255;-0.03192745860595794
3203;3203;Population 4100;4100;sample_3203;1260;-0.00775706241183204
3204;3204;Population 4100;4100;sample_3204;1265;-0.06602998367834352
3205;3205;Population 4100;4100;sample_3205;1270;-0.0090316203374224
3206;3206;Population 4100;4100;sample_3206;1275;0.0311988082821436
3207;3207;Population 4100;4100;sample_3207;1280;-0.015861189974915226
3208;3208;Population 4100;4100;sample_3208;1285;0.0279025432370419
3209;3209;Population 4100;4100;sample_3209;1290;0.007658706966644729
3210;3210;Population 4100;4100;sample_3210;1295;-0.024886502099697883
3211;3211;Population 4100;4100;sample_3211;1300;0.025718178033934374
3212;3212;Population 4100;4100;sample_3212;1305;-0.014039427221089992
3213;3213;Population 4100;4100;sample_3213;1310;-0.02036586685159645
3214;3214;Population 4100;4100;sample_3214;1315;0.030786569732048755
3215;3215;Population 4100;4100;sample_3215;1320;0.021212258507926563
3216;3216;Population 4100;4100;sample_3216;1325;-0.004137248976415009
3217;3217;Population 4100;4100;sample_3217;1330;0.0070004590887166995
3218;3218;Population 4100;4100;sample_3218;1335;-0.001696615753099754
3219;3219;Population 4100;4100;sample_3219;1340;-0.02193896719844771
3220;3220;Population 4100;4100;sample_3220;1345;-0.006850865399644624
3221;3221;Population 4100;4100;sample_3221;1350;-0.027073745577456995
3222;3222;Population 4100;4100;sample_3222;1355;0.030854084091733413
3223;3223;Population 4100;4100;sample_3223;1360;-0.011086678716163383
3224;3224;Population 4100;4100;sample_3224;1365;-0.009341293500716868
3225;3225;Population 4100;4100;sample_3225;1370;-0.010774514508776577
3226;3226;Population 4100;4100;sample_3226;1375;-0.015389556058650519
3227;3227;Population 4100;4100;sample_3227;1380;-0.02075529882799257
3228;3228;Population 4100;4100;sample_3228;1385;0.023908740406425637
3229;3229;Population 4100;4100;sample_3229;1390;0.023507183010120607
3230;3230;Population 4100;4100;sample_3230;1395;-0.026637545991889004
3231;3231;Population 4100;4100;sample_3231;1400;0.0018308355284866909
3232;3232;Population 4100;4100;sample_3232;1405;-0.0021936726340697635
3233;3233;Population 4100;4100;sample_3233;1410;1.83684888037056e-05
3234;3234;Population 4100;4100;sample_3234;1415;-0.013782661496050808
3235;3235;Population 4100;4100;sample_3235;1420;-0.039002588996147336
3236;3236;Population 4100;4100;sample_3236;1425;0.006997920659208969
3237;3237;Population 4100;4100;sample_3237;1430;0.0033735697063849122
3238;3238;Population 4100;4100;sample_3238;1435;-0.005805693466392182
3239;3239;Population 4100;4100;sample_3239;1440;0.04340993492237055
3240;3240;Population 4100;4100;sample_3240;1445;-0.01200203414552985
3241;3241;Population 4100;4100;sample_3241;1450;0.025371389562485913
3242;3242;Population 4100;4100;sample_3242;1455;-0.00216289257554445
3243;3243;Population 4100;4100;sample_3243;1460;-0.029237355633545875
3244;3244;Population 4100;4100;sample_3244;1465;0.04104406859622249
3245;3245;Population 4100;4100;sample_3245;1470;0.001447377660090848
3246;3246;Population 4100;4100;sample_3246;1475;-0.013783807337464154
3247;3247;Population 4100;4100;sample_3247;1480;-0.008888769782844553
3248;3248;Population 4100;4100;sample_3248;1485;-0.023213698628742018
3249;3249;Population 4100;4100;sample_3249;1490;-0.006691892461708463
3250;3250;Population 4100;4100;sample_3250;1495;0.014732685115019172
3251;3251;Population 4100;4100;sample_3251;1500;-0.026541641436585384
3252;3252;Population 4100;4100;sample_3252;1505;-0.03335621257442632
3253;3253;Population 4100;4100;sample_3253;1510;-0.019798038342318792
3254;3254;Population 4100;4100;sample_3254;1515;0.02166597241817539
3255;3255;Population 4100;4100;sample_3255;1520;-0.02406535954348207
3256;3256;Population 4100;4100;sample_3256;1525;-0.025597847499210447
3257;3257;Population 4100;4100;sample_3257;1530;-0.019318737183546496
3258;3258;Population 4100;4100;sample_3258;1535;-0.014255187848863034
3259;3259;Population 4100;4100;sample_3259;1540;0.005476262623948305
3260;3260;Population 4100;4100;sample_3260;1545;0.03304238174796521
3261;3261;Population 4100;4100;sample_3261;1550;-0.04987376324231901
3262;3262;Population 4100;4100;sample_3262;1555;0.017653812916003032
3263;3263;Population 4100;4100;sample_3263;1560;0.0014653515514904273
3264;3264;Population 4100;4100;sample_3264;1565;-0.022648453452556942
3265;3265;Population 4100;4100;sample_3265;1570;-0.004647122854853391
3266;3266;Population 4100;4100;sample_3266;1575;-0.022764410478222957
3267;3267;Population 4100;4100;sample_3267;1580;-0.000153628261537118
3268;3268;Population 4100;4100;sample_3268;1585;0.013803725854263031
3269;3269;Population 4100;4100;sample_3269;1590;-0.03153785972453376
3270;3270;Population 4100;4100;sample_3270;1595;0.014546979071841448
3271;3271;Population 4100;4100;sample_3271;1600;0.0019488902686131382
3272;3272;Population 4100;4100;sample_3272;1605;-0.022443122572310296
3273;3273;Population 4100;4100;sample_3273;1610;-0.018719930463908338
3274;3274;Population 4100;4100;sample_3274;1615;-0.01810748649973185
3275;3275;Population 4100;4100;sample_3275;1620;-0.014901804484093673
3276;3276;Population 4100;4100;sample_3276;1625;0.0003247937637204053
3277;3277;Population 4100;4100;sample_3277;1630;-0.009809769715564815
3278;3278;Population 4100;4100;sample_3278;1635;-0.0018604506825983984
3279;3279;Population 4100;4100;sample_3279;1640;-0.03823648130238866
3280;3280;Population 4100;4100;sample_3280;1645;-0.004163760249592036
3281;3281;Population 4100;4100;sample_3281;1650;0.0363929210349856
3282;3282;Population 4100;4100;sample_3282;1655;-0.012049735551075372
3283;3283;Population 4100;4100;sample_3283;1660;0.0013665022130583333
3284;3284;Population 4100;4100;sample_3284;1665;-0.00649435765479918
3285;3285;Population 4100;4100;sample_3285;1670;0.020949968394002393
3286;3286;Population 4100;4100;sample_3286;1675;0.0007461891208246459
3287;3287;Population 4100;4100;sample_3287;1680;-0.004833135018234139
3288;3288;Population 4100;4100;sample_3288;1685;0.020235534422206217
3289;3289;Population 4100;4100;sample_3289;1690;-0.0432173280460688
3290;3290;Population 4100;4100;sample_3290;1695;-0.031307314873293274
3291;3291;Population 4100;4100;sample_3291;1700;0.017402240998136
3292;3292;Population 4100;4100;sample_3292;1705;0.006381855509948337
3293;3293;Population 4100;4100;sample_3293;1710;-0.018433060275642045
3294;3294;Population 4100;4100;sample_3294;1715;-0.016315390185793106
3295;3295;Population 4100;4100;sample_3295;1720;-0.0002836166091004633
3296;3296;Population 4100;4100;sample_3296;1725;0.018223941851986072
3297;3297;Population 4100;4100;sample_3297;1730;-0.027426993993019618
3298;3298;Population 4100;4100;sample_3298;1735;0.016370228445343162
3299;3299;Population 4100;4100;sample_3299;1740;0.0021990210852098047
3300;3300;Population 4100;4100;sample_3300;1745;0.021586711468973015
3301;3301;Population 4100;4100;sample_3301;1750;0.0064305213817453305
3302;3302;Population 4100;4100;sample_3302;1755;-0.03754428118401487
3303;3303;Population 4100;4100;sample_3303;1760;0.025254306850688222
3304;3304;Population 4100;4100;sample_3304;1765;0.010580578913274977
3305;3305;Population 4100;4100;sample_3305;1770;-2.7334111894900012e-05
3306;3306;Population 4100;4100;sample_3306;1775;0.03185750485036758
3307;3307;Population 4100;4100;sample_3307;1780;0.011376001444878691
3308;3308;Population 4100;4100;sample_3308;1785;-0.012996607549421868
3309;3309;Population 4100;4100;sample_3309;1790;-0.023706875846090443
3310;3310;Population 4100;4100;sample_3310;1795;-0.004346979655634357
3311;3311;Population 4100;4100;sample_3311;1800;-0.010568624355553457
3312;3312;Population 4100;4100;sample_3312;1805;-0.03807543840979121
3313;3313;Population 4100;4100;sample_3313;1810;0.00795995221779657
3314;3314;Population 4100;4100;sample_3314;1815;-0.01679511779187792
3315;3315;Population 4100;4100;sample_3315;1820;-0.030248771454244584
3316;3316;Population 4100;4100;sample_3316;1825;0.016203122471922068
3317;3317;Population 4100;4100;sample_3317;1830;-0.03620350581292932
3318;3318;Population 4100;4100;sample_3318;1835;0.029267784435541837
3319;3319;Population 4100;4100;sample_3319;1840;0.016288535096360978
3320;3320;Population 4100;4100;sample_3320;1845;-0.025084738436024507
3321;3321;Population 4100;4100;sample_3321;1850;0.01051203401188516
3322;3322;Population 4100;4100;sample_3322;1855;-0.02062293598743532
3323;3323;Population 4100;4100;sample_3323;1860;-0.006038753284688597
3324;3324;Population 4100;4100;sample_3324;1865;-0.02685729129310813
3325;3325;Population 4100;4100;sample_3325;1870;0.014359816466947055
3326;3326;Population 4100;4100;sample_3326;1875;0.020187756676385477
3327;3327;Population 4100;4100;sample_3327;1880;0.019843008987617226
3328;3328;Population 4100;4100;sample_3328;1885;-0.013462601178138764
3329;3329;Population 4100;4100;sample_3329;1890;-0.015537200600884166
3330;3330;Population 4100;4100;sample_3330;1895;-0.012468323703285555
3331;3331;Population 4100;4100;sample_3331;1900;0.016596633211422487
3332;3332;Population 4100;4100;sample_3332;1905;-0.04441548485516112
3333;3333;Population 4100;4100;sample_3333;1910;-0.004844443953746184
3334;3334;Population 4100;4100;sample_3334;1915;0.00272485603553071
3335;3335;Population 4100;4100;sample_3335;1920;-0.02207543984369092
3336;3336;Population 4100;4100;sample_3336;1925;0.006834500321315604
3337;3337;Population 4100;4100;sample_3337;1930;0.016938452057736482
3338;3338;Population 4100;4100;sample_3338;1935;-0.012533617875171689
3339;3339;Population 4100;4100;sample_3339;1940;-0.02264213351232635
3340;3340;Population 4100;4100;sample_3340;1945;-0.013241042585525864
3341;3341;Population 4100;4100;sample_3341;1950;0.022539083172913466
3342;3342;Population 4100;4100;sample_3342;1955;-0.022364344449775826
3343;3343;Population 4100;4100;sample_3343;1960;0.005093310320712714
3344;3344;Population 4100;4100;sample_3344;1965;-0.0020820947182698868
3345;3345;Population 4100;4100;sample_3345;1970;-0.003681782011679632
3346;3346;Population 4100;4100;sample_3346;1975;0.0012896478635278617
3347;3347;Population 4100;4100;sample_3347;1980;-0.005923810527927376
3348;3348;Population 4100;4100;sample_3348;1985;-0.01926807453162035
3349;3349;Population 4100;4100;sample_3349;1990;-0.013779331721008637
3350;3350;Population 4100;4100;sample_3350;1995;-0.003915021263590367
3351;3351;Population 4100;4100;sample_3351;2000;-0.02756091844115178
3352;3352;Population 4100;4100;sample_3352;2005;-0.007082454062638945
3353;3353;Population 4100;4100;sample_3353;2010;-0.004996714177628769
3354;3354;Population 4100;4100;sample_3354;2015;-0.04235493200015361
3355;3355;Population 4100;4100;sample_3355;2020;-0.005280664022069613
3356;3356;Population 4100;4100;sample_3356;2025;0.004806985646614958
3357;3357;Population 4100;4100;sample_3357;2030;-0.00602441526735152
3358;3358;Population 4100;4100;sample_3358;2035;-0.00824986636811032
3359;3359;Population 4100;4100;sample_3359;2040;-0.03728091585968844
3360;3360;Population 4100;4100;sample_3360;2045;-0.011489013232157518
3361;3361;Population 4100;4100;sample_3361;2050;-0.001299229506964883
3362;3362;Population 4100;4100;sample_3362;2055;-0.016175247610602975
3363;3363;Population 4100;4100;sample_3363;2060;-0.017569583593432483
3364;3364;Population 4100;4100;sample_3364;2065;-0.027680690536982584
3365;3365;Population 4100;4100;sample_3365;2070;-0.013357333563423494
3366;3366;Population 4100;4100;sample_3366;2075;0.004819086144519483
3367;3367;Population 4100;4100;sample_3367;2080;0.005776830996508897
3368;3368;Population 4100;4100;sample_3368;2085;-0.031145020749922158
3369;3369;Population 4100;4100;sample_3369;2090;-0.005862103686926854
3370;3370;Population 4100;4100;sample_3370;2095;-0.0010680455172376246
3371;3371;Population 4100;4100;sample_3371;2100;-0.022493112357899008
3372;3372;Population 4100;4100;sample_3372;2105;0.025976694554637948
3373;3373;Population 4100;4100;sample_3373;2110;0.011462251818917997
3374;3374;Population 4100;4100;sample_3374;2115;-0.0011064477088465912
3375;3375;Population 4100;4100;sample_3375;2120;0.00414488477871549
3376;3376;Population 4100;4100;sample_3376;2125;0.007479367573543333
3377;3377;Population 4100;4100;sample_3377;2130;-0.006509466349223647
3378;3378;Population 4100;4100;sample_3378;2135;-0.013464162249089372
3379;3379;Population 4100;4100;sample_3379;2140;0.023477801074341668
3380;3380;Population 4100;4100;sample_3380;2145;0.00950234989423039
3381;3381;Population 4100;4100;sample_3381;2150;0.0036039592415327603
3382;3382;Population 4100;4100;sample_3382;2155;-0.0036897474488097135
3383;3383;Population 4100;4100;sample_3383;2160;0.005136130571915367
3384;3384;Population 4100;4100;sample_3384;2165;-0.005988196913902708
3385;3385;Population 4100;4100;sample_3385;2170;-0.01207280284600324
3386;3386;Population 4100;4100;sample_3386;2175;0.012267078572336172
3387;3387;Population 4100;4100;sample_3387;2180;-0.010166290108276313
3388;3388;Population 4100;4100;sample_3388;2185;0.007632356446435491
3389;3389;Population 4100;4100;sample_3389;2190;0.015362774784237029
3390;3390;Population 4100;4100;sample_3390;2195;0.004352359041760604
3391;3391;Population 4100;4100;sample_3391;2200;0.015041712045190184
3392;3392;Population 4100;4100;sample_3392;2205;0.010447716431166423
3393;3393;Population 4100;4100;sample_3393;2210;-0.009814025866511145
3394;3394;Population 4100;4100;sample_3394;2215;0.007751016923513432
3395;3395;Population 4100;4100;sample_3395;2220;0.0012486620304281435
3396;3396;Population 4100;4100;sample_3396;2225;-0.013963446271204417
3397;3397;Population 4100;4100;sample_3397;2230;-0.016999126131064957
3398;3398;Population 4100;4100;sample_3398;2235;-0.011948865820484699
3399;3399;Population 4100;4100;sample_3399;2240;-0.0032370277611556025
3400;3400;Population 4100;4100;sample_3400;2245;0.006551964287534775
3401;3401;Population 4100;4100;sample_3401;2250;0.0004166994366482063
3402;3402;Population 4100;4100;sample_3402;2255;-0.005272309489899378
3403;3403;Population 4100;4100;sample_3403;2260;-0.006772146116003005
3404;3404;Population 4100;4100;sample_3404;2265;-0.014088017955921727
3405;3405;Population 4100;4100;sample_3405;2270;-0.02488178302136414
3406;3406;Population 4100;4100;sample_3406;2275;-0.027616616504162583
3407;3407;Population 4100;4100;sample_3407;2280;-0.02145812137035584
3408;3408;Population 4100;4100;sample_3408;2285;-0.019808587126636613
3409;3409;Population 4100;4100;sample_3409;2290;0.03667708310013532
3410;3410;Population 4100;4100;sample_3410;2295;-0.008555907367014188
3411;3411;Population 4100;4100;sample_3411;2300;-0.020236845948815318
3412;3412;Population 4100;4100;sample_3412;2305;0.0046154971952789
3413;3413;Population 4100;4100;sample_3413;2310;-0.008309177564116945
3414;3414;Population 4100;4100;sample_3414;2315;0.008449553829612154
3415;3415;Population 4100;4100;sample_3415;2320;-0.0037084765067832343
3416;3416;Population 4100;4100;sample_3416;2325;-0.023465418883965836
3417;3417;Population 4100;4100;sample_3417;2330;-0.00447500790033824
3418;3418;Population 4100;4100;sample_3418;2335;-0.017850713847827115
3419;3419;Population 4100;4100;sample_3419;2340;0.015116791854598133
3420;3420;Population 4100;4100;sample_3420;2345;-0.022331070125499546
3421;3421;Population 4100;4100;sample_3421;2350;-0.014264532269197886
3422;3422;Population 4100;4100;sample_3422;2355;0.01664972090071369
3423;3423;Population 4100;4100;sample_3423;2360;-0.011995572741200018
3424;3424;Population 4100;4100;sample_3424;2365;0.042877701850046704
3425;3425;Population 4100;4100;sample_3425;2370;-0.0048635814965681794
3426;3426;Population 4100;4100;sample_3426;2375;-0.01308556748727099
3427;3427;Population 4100;4100;sample_3427;2380;-0.01860068315878774
3428;3428;Population 4100;4100;sample_3428;2385;0.0022324605960292575
3429;3429;Population 4100;4100;sample_3429;2390;-0.01743782919303067
3430;3430;Population 4100;4100;sample_3430;2395;-0.005134974539051199
3431;3431;Population 4100;4100;sample_3431;2400;0.0020224578522376794
3432;3432;Population 4100;4100;sample_3432;2405;-0.00435738054804211
3433;3433;Population 4100;4100;sample_3433;2410;-0.02479802011326141
3434;3434;Population 4100;4100;sample_3434;2415;-0.03629711729915113
3435;3435;Population 4100;4100;sample_3435;2420;-0.03690132200690313
3436;3436;Population 4100;4100;sample_3436;2425;-0.040561592144217166
3437;3437;Population 4100;4100;sample_3437;2430;-0.02602000663918713
3438;3438;Population 4100;4100;sample_3438;2435;-0.011195358020577481
3439;3439;Population 4100;4100;sample_3439;2440;-0.0033332493904612574
3440;3440;Population 4100;4100;sample_3440;2445;0.0024132635573106426
3441;3441;Population 4100;4100;sample_3441;2450;-0.016069709815280896
3442;3442;Population 4100;4100;sample_3442;2455;-0.01882874118715321
3443;3443;Population 4100;4100;sample_3443;2460;-0.0030084143466857513
3444;3444;Population 4100;4100;sample_3444;2465;-0.005113866767084815
3445;3445;Population 4100;4100;sample_3445;2470;0.01566329217991136
3446;3446;Population 4100;4100;sample_3446;2475;0.013165234721295825
3447;3447;Population 4100;4100;sample_3447;2480;-0.023380591422257287
3448;3448;Population 4100;4100;sample_3448;2485;0.010706156474551493
3449;3449;Population 4100;4100;sample_3449;2490;-0.015138537300429581
3450;3450;Population 4100;4100;sample_3450;2495;-0.013412355727392028
3451;3451;Population 4100;4100;sample_3451;2500;-0.011819091060584555
3452;3452;Population 4100;4100;sample_3452;2505;-0.0010254107317643033
3453;3453;Population 4100;4100;sample_3453;2510;-0.007843940886487473
3454;3454;Population 4100;4100;sample_3454;2515;-0.015482659190586327
3455;3455;Population 4100;4100;sample_3455;2520;-0.01853494388556518
3456;3456;Population 4100;4100;sample_3456;2525;-0.004972555741214695
3457;3457;Population 4100;4100;sample_3457;2530;0.007154064392466954
3458;3458;Population 4100;4100;sample_3458;2535;-0.02073229174551722
3459;3459;Population 4100;4100;sample_3459;2540;-0.010249154585388793
3460;3460;Population 4100;4100;sample_3460;2545;0.01821956481975254
3461;3461;Population 4100;4100;sample_3461;2550;-0.020937382941278983
3462;3462;Population 4100;4100;sample_3462;2555;-0.010499052350795618
3463;3463;Population 4100;4100;sample_3463;2560;-0.00422273341838249
3464;3464;Population 4100;4100;sample_3464;2565;-0.0016121797886911148
3465;3465;Population 4100;4100;sample_3465;2570;0.011589506918686494
3466;3466;Population 4100;4100;sample_3466;2575;-0.0018103593925798262
3467;3467;Population 4100;4100;sample_3467;2580;-0.02157976352527296
3468;3468;Population 4100;4100;sample_3468;2585;0.019815383505932115
3469;3469;Population 4100;4100;sample_3469;2590;0.004375979730936352
3470;3470;Population 4100;4100;sample_3470;2595;-0.021418981718125427
3471;3471;Population 4100;4100;sample_3471;2600;-0.023945196644015627
3472;3472;Population 4100;4100;sample_3472;2605;-0.006568059575345482
3473;3473;Population 4100;4100;sample_3473;2610;0.0064471565604347185
3474;3474;Population 4100;4100;sample_3474;2615;0.013649792140740628
3475;3475;Population 4100;4100;sample_3475;2620;0.006079168846293733
3476;3476;Population 4100;4100;sample_3476;2625;-0.007846346936194012
3477;3477;Population 4100;4100;sample_3477;2630;-0.021803116053079906
3478;3478;Population 4100;4100;sample_3478;2635;0.009447921572108418
3479;3479;Population 4100;4100;sample_3479;2640;-0.03516034085746919
3480;3480;Population 4100;4100;sample_3480;2645;0.007160425366882486
3481;3481;Population 4100;4100;sample_3481;2650;0.007929421634656273
3482;3482;Population 4100;4100;sample_3482;2655;-0.008555069868838762
3483;3483;Population 4100;4100;sample_3483;2660;-0.026000431341222725
3484;3484;Population 4100;4100;sample_3484;2665;-0.027242020372867153
3485;3485;Population 4100;4100;sample_3485;2670;-0.024402949521422017
3486;3486;Population 4100;4100;sample_3486;2675;-0.0009277939176623502
3487;3487;Population 4100;4100;sample_3487;2680;-0.01050570062263131
3488;3488;Population 4100;4100;sample_3488;2685;-0.02119949807499637
3489;3489;Population 4100;4100;sample_3489;2690;0.02044413362771973
3490;3490;Population 4100;4100;sample_3490;2695;-0.010055278780428268
3491;3491;Population 4100;4100;sample_3491;2700;-0.00920974118178495
3492;3492;Population 4100;4100;sample_3492;2705;0.0019485328181088936
3493;3493;Population 4100;4100;sample_3493;2710;-0.007153947751709924
3494;3494;Population 4100;4100;sample_3494;2715;0.000691676263337446
3495;3495;Population 4100;4100;sample_3495;2720;-0.011594217925997454
3496;3496;Population 4100;4100;sample_3496;2725;-0.026086830693768315
3497;3497;Population 4100;4100;sample_3497;2730;-0.00747118935719128
3498;3498;Population 4100;4100;sample_3498;2735;-0.014148779479037171
3499;3499;Population 4100;4100;sample_3499;2740;-0.03394674756884765
3500;3500;Population 4100;4100;sample_3500;2745;-0.009046266790146938
3501;3501;Population 4100;4100;sample_3501;2750;-0.007185566410287864
3502;3502;Population 4100;4100;sample_3502;2755;0.0005727121314488252
3503;3503;Population 4100;4100;sample_3503;2760;0.0021908231447370953
3504;3504;Population 4100;4100;sample_3504;2765;-0.008056957054173006
3505;3505;Population 4100;4100;sample_3505;2770;-0.0030967995844641133
3506;3506;Population 4100;4100;sample_3506;2775;-0.008972619330203626
3507;3507;Population 4100;4100;sample_3507;2780;-0.01280822204265818
3508;3508;Population 4100;4100;sample_3508;2785;0.01719987421433684
3509;3509;Population 4100;4100;sample_3509;2790;-0.01509306214722206
3510;3510;Population 4100;4100;sample_3510;2795;-0.0009303663233967241
3511;3511;Population 4100;4100;sample_3511;2800;0.01688540921350019
3512;3512;Population 4100;4100;sample_3512;2805;-0.013024775105211968
3513;3513;Population 4100;4100;sample_3513;2810;-0.010067826699946531
3514;3514;Population 4100;4100;sample_3514;2815;-0.010171316496489613
3515;3515;Population 4100;4100;sample_3515;2820;-0.018897422629748507
3516;3516;Population 4100;4100;sample_3516;2825;0.013734346425691647
3517;3517;Population 4100;4100;sample_3517;2830;0.016963104411016554
3518;3518;Population 4100;4100;sample_3518;2835;0.009244720199270721
3519;3519;Population 4100;4100;sample_3519;2840;-0.009245390670139431
3520;3520;Population 4100;4100;sample_3520;2845;-0.0115765096373648
3521;3521;Population 4100;4100;sample_3521;2850;-0.028979114107796845
3522;3522;Population 4100;4100;sample_3522;2855;0.005406219173759238
3523;3523;Population 4100;4100;sample_3523;2860;-0.008105149133653063
3524;3524;Population 4100;4100;sample_3524;2865;-0.013423484639683413
3525;3525;Population 4100;4100;sample_3525;2870;0.00011087187566904486
3526;3526;Population 4100;4100;sample_3526;2875;-0.005470737262935203
3527;3527;Population 4100;4100;sample_3527;2880;-0.009097912433138807
3528;3528;Population 4100;4100;sample_3528;2885;0.009004250667411916
3529;3529;Population 4100;4100;sample_3529;2890;-0.011179322814118344
3530;3530;Population 4100;4100;sample_3530;2895;-0.007276040128266417
3531;3531;Population 4100;4100;sample_3531;2900;0.0037087030245906796
3532;3532;Population 4100;4100;sample_3532;2905;-0.003598601304269259
3533;3533;Population 4100;4100;sample_3533;2910;-0.01343139242849734
3534;3534;Population 4100;4100;sample_3534;2915;-0.01638017464040189
3535;3535;Population 4100;4100;sample_3535;2920;0.0007134246175767511
3536;3536;Population 4100;4100;sample_3536;2925;-0.009443667992044285
3537;3537;Population 4100;4100;sample_3537;2930;-0.004288468861482698
3538;3538;Population 4100;4100;sample_3538;2935;-0.01449067040828009
3539;3539;Population 4100;4100;sample_3539;2940;-0.004597997717588587
3540;3540;Population 4100;4100;sample_3540;2945;0.007382309026566404
3541;3541;Population 4100;4100;sample_3541;2950;-0.018075704762013402
3542;3542;Population 4100;4100;sample_3542;2955;-0.008484184430804355
3543;3543;Population 4100;4100;sample_3543;2960;-0.014877420209438797
3544;3544;Population 4100;4100;sample_3544;2965;0.01290568851889512
3545;3545;Population 4100;4100;sample_3545;2970;-0.006521853804820952
3546;3546;Population 4100;4100;sample_3546;2975;-0.015261396732569975
3547;3547;Population 4100;4100;sample_3547;2980;-0.0008647243132018022
3548;3548;Population 4100;4100;sample_3548;2985;-0.0039344364231026436
3549;3549;Population 4100;4100;sample_3549;2990;-0.006742606919858121
3550;3550;Population 4100;4100;sample_3550;2995;0.005172070377556545
3551;3551;Population 4100;4100;sample_3551;3000;-0.02224172433585399
3552;3552;Population 4100;4100;sample_3552;3005;0.001317839008964294
3553;3553;Population 4100;4100;sample_3553;3010;-0.01838338602766829
3554;3554;Population 4100;4100;sample_3554;3015;-0.008999002013103705
3555;3555;Population 4100;4100;sample_3555;3020;0.03126946092403482
3556;3556;Population 4100;4100;sample_3556;3025;0.013889166840879751
3557;3557;Population 4100;4100;sample_3557;3030;0.0013418905751515213
3558;3558;Population 4100;4100;sample_3558;3035;0.019277821884561036
3559;3559;Population 4100;4100;sample_3559;3040;-0.004874898685861651
3560;3560;Population 4100;4100;sample_3560;3045;-0.02246630652325339
3561;3561;Population 4100;4100;sample_3561;3050;0.001061144841306066
3562;3562;Population 4100;4100;sample_3562;3055;0.00025074182976872375
3563;3563;Population 4100;4100;sample_3563;3060;-0.007218986702895907
3564;3564;Population 4100;4100;sample_3564;3065;0.01356303444062342
3565;3565;Population 4100;4100;sample_3565;3070;0.0008088419581628557
3566;3566;Population 4100;4100;sample_3566;3075;-0.003375909092003659
3567;3567;Population 4100;4100;sample_3567;3080;-0.012094217531895579
3568;3568;Population 4100;4100;sample_3568;3085;-0.004688156445637654
3569;3569;Population 4100;4100;sample_3569;3090;-9.934871475674768e-05
3570;3570;Population 4100;4100;sample_3570;3095;0.00981054695312883
3571;3571;Population 4100;4100;sample_3571;3100;-0.003140244774483063
3572;3572;Population 4100;4100;sample_3572;3105;-0.010672801430222787
3573;3573;Population 4100;4100;sample_3573;3110;-0.011549409583271796
3574;3574;Population 4100;4100;sample_3574;3115;-0.0016160747514356241
3575;3575;Population 4100;4100;sample_3575;3120;-0.003924413195534446
3576;3576;Population 4100;4100;sample_3576;3125;-0.0009737028374327553
3577;3577;Population 4100;4100;sample_3577;3130;0.002635284687137237
3578;3578;Population 4100;4100;sample_3578;3135;-0.0041815791185178435
3579;3579;Population 4100;4100;sample_3579;3140;0.005283696689275853
3580;3580;Population 4100;4100;sample_3580;3145;-0.01920363252871357
3581;3581;Population 4100;4100;sample_3581;3150;-0.008837924195903096
3582;3582;Population 4100;4100;sample_3582;3155;-0.0063453610850791025
3583;3583;Population 4100;4100;sample_3583;3160;-0.00249093084323203
3584;3584;Population 4100;4100;sample_3584;3165;0.006766578734348274
3585;3585;Population 4100;4100;sample_3585;3170;0.00031023886606291627
3586;3586;Population 4100;4100;sample_3586;3175;-0.0089665226007025
3587;3587;Population 4100;4100;sample_3587;3180;0.010934155580582005
3588;3588;Population 4100;4100;sample_3588;3185;-0.0006423710350205459
3589;3589;Population 4100;4100;sample_3589;3190;0.0023990139215330714
3590;3590;Population 4100;4100;sample_3590;3195;0.004292327181362429
3591;3591;Population 4100;4100;sample_3591;3200;-0.011717466074903059
3592;3592;Population 4100;4100;sample_3592;3205;-0.00967009027076213
3593;3593;Population 4100;4100;sample_3593;3210;0.01955058268274063
3594;3594;Population 4100;4100;sample_3594;3215;-0.02620032815777112
3595;3595;Population 4100;4100;sample_3595;3220;-0.005288183410892908
3596;3596;Population 4100;4100;sample_3596;3225;0.008128439132949378
3597;3597;Population 4100;4100;sample_3597;3230;-0.008806241315256176
3598;3598;Population 4100;4100;sample_3598;3235;-0.00815206547916541
3599;3599;Population 4100;4100;sample_3599;3240;-0.018607480380176792
3600;3600;Population 4100;4100;sample_3600;3245;-0.03055484491453585
3601;3601;Population 4100;4100;sample_3601;3250;-0.013716858619980276
3602;3602;Population 4100;4100;sample_3602;3255;-0.010675510294399181
3603;3603;Population 4100;4100;sample_3603;3260;0.005665659337072504
3604;3604;Population 4100;4100;sample_3604;3265;0.0033595146044887196
3605;3605;Population 4100;4100;sample_3605;3270;-0.015183977064887853
3606;3606;Population 4100;4100;sample_3606;3275;-0.012396199092578965
3607;3607;Population 4100;4100;sample_3607;3280;-0.005904651388399626
3608;3608;Population 4100;4100;sample_3608;3285;0.013361779992679219
3609;3609;Population 4100;4100;sample_3609;3290;0.006182126786163868
3610;3610;Population 4100;4100;sample_3610;3295;0.0069185320113223404
3611;3611;Population 4100;4100;sample_3611;3300;-0.0037990272633725663
3612;3612;Population 4100;4100;sample_3612;3305;-0.0010385025976059423
3613;3613;Population 4100;4100;sample_3613;3310;-0.016324011643111248
3614;3614;Population 4100;4100;sample_3614;3315;-0.011233436222139372
3615;3615;Population 4100;4100;sample_3615;3320;-0.012637103534305779
3616;3616;Population 4100;4100;sample_3616;3325;-0.006079224338383373
3617;3617;Population 4100;4100;sample_3617;3330;-0.015263487479804239
3618;3618;Population 4100;4100;sample_3618;3335;-0.003842665580377407
3619;3619;Population 4100;4100;sample_3619;3340;-0.015113094564976413
3620;3620;Population 4100;4100;sample_3620;3345;-0.01419331804298282
3621;3621;Population 4100;4100;sample_3621;3350;-0.011604583743369541
3622;3622;Population 4100;4100;sample_3622;3355;0.013792944092254405
3623;3623;Population 4100;4100;sample_3623;3360;-0.004884804687074287
3624;3624;Population 4100;4100;sample_3624;3365;-0.0030894303317783017
3625;3625;Population 4100;4100;sample_3625;3370;-0.008407103881279526
3626;3626;Population 4100;4100;sample_3626;3375;-0.0069690875664320095
3627;3627;Population 4100;4100;sample_3627;3380;-0.008235636985088264
3628;3628;Population 4100;4100;sample_3628;3385;0.005910051401955979
3629;3629;Population 4100;4100;sample_3629;3390;-0.009640985276636234
3630;3630;Population 4100;4100;sample_3630;3395;-0.011935530568202957
3631;3631;Population 4100;4100;sample_3631;3400;-0.00025180253131532694
3632;3632;Population 4100;4100;sample_3632;3405;-0.02480210244377052
3633;3633;Population 4100;4100;sample_3633;3410;-0.011797976661300679
3634;3634;Population 4100;4100;sample_3634;3415;-0.004099029947379622
3635;3635;Population 4100;4100;sample_3635;3420;-0.00668684678516924
3636;3636;Population 4100;4100;sample_3636;3425;-0.00011334843312473562
3637;3637;Population 4100;4100;sample_3637;3430;-0.015764807791797616
3638;3638;Population 4100;4100;sample_3638;3435;-0.004669802516891356
3639;3639;Population 4100;4100;sample_3639;3440;-0.0037593690464322004
3640;3640;Population 4100;4100;sample_3640;3445;-0.021562448613505338
3641;3641;Population 4100;4100;sample_3641;3450;-0.0016313120895792394
3642;3642;Population 4100;4100;sample_3642;3455;0.0011650343291992188
3643;3643;Population 4100;4100;sample_3643;3460;-0.0017401355222026967
3644;3644;Population 4100;4100;sample_3644;3465;-0.017366314645304873
3645;3645;Population 4100;4100;sample_3645;3470;-0.008271183052944976
3646;3646;Population 4100;4100;sample_3646;3475;-0.0023368385973676856
3647;3647;Population 4100;4100;sample_3647;3480;-0.008798290557651658
3648;3648;Population 4100;4100;sample_3648;3485;-0.0068080137226074035
3649;3649;Population 4100;4100;sample_3649;3490;0.0016250991108300832
3650;3650;Population 4100;4100;sample_3650;3495;-0.015956197922448994
3651;3651;Population 4100;4100;sample_3651;3500;-0.018060481834369545
3652;3652;Population 4100;4100;sample_3652;3505;-0.015503137912745938
3653;3653;Population 4100;4100;sample_3653;3510;-0.005892373373960467
3654;3654;Population 4100;4100;sample_3654;3515;-0.005896482619756082
3655;3655;Population 4100;4100;sample_3655;3520;0.0027729738277585654
3656;3656;Population 4100;4100;sample_3656;3525;-0.01676503910792907
3657;3657;Population 4100;4100;sample_3657;3530;-0.011855854667119047
3658;3658;Population 4100;4100;sample_3658;3535;-0.013699455956841432
3659;3659;Population 4100;4100;sample_3659;3540;0.01803852636120145
3660;3660;Population 4100;4100;sample_3660;3545;-0.0025886613051346774
3661;3661;Population 4100;4100;sample_3661;3550;-0.008720367842404396
3662;3662;Population 4100;4100;sample_3662;3555;0.0033377095108352577
3663;3663;Population 4100;4100;sample_3663;3560;0.002541131946299764
3664;3664;Population 4100;4100;sample_3664;3565;-0.0164145492375539
3665;3665;Population 4100;4100;sample_3665;3570;-0.006330438232203142
3666;3666;Population 4100;4100;sample_3666;3575;-0.0003909785365099811
3667;3667;Population 4100;4100;sample_3667;3580;0.0038330640393429826
3668;3668;Population 4100;4100;sample_3668;3585;-0.007888449448522173
3669;3669;Population 4100;4100;sample_3669;3590;-0.020322307426414898
3670;3670;Population 4100;4100;sample_3670;3595;-0.0018277772008258775
3671;3671;Population 4100;4100;sample_3671;3600;0.0016209885554510331
3672;3672;Population 4100;4100;sample_3672;3605;-0.012950025000883261
3673;3673;Population 4100;4100;sample_3673;3610;-0.007389876774831853
3674;3674;Population 4100;4100;sample_3674;3615;-0.011878225954062063
3675;3675;Population 4100;4100;sample_3675;3620;-0.001617659495786214
3676;3676;Population 4100;4100;sample_3676;3625;-0.0032874680116600405
3677;3677;Population 4100;4100;sample_3677;3630;-0.007397502031784289
3678;3678;Population 4100;4100;sample_3678;3635;-0.007983402656410937
3679;3679;Population 4100;4100;sample_3679;3640;0.00026138988227844486
3680;3680;Population 4100;4100;sample_3680;3645;-0.008466532116002755
3681;3681;Population 4100;4100;sample_3681;3650;0.005475954015129368
3682;3682;Population 4100;4100;sample_3682;3655;-0.009859817134819569
3683;3683;Population 4100;4100;sample_3683;3660;-0.004611753209695025
3684;3684;Population 4100;4100;sample_3684;3665;-0.024579021692980412
3685;3685;Population 4100;4100;sample_3685;3670;-0.019653058239610385
3686;3686;Population 4100;4100;sample_3686;3675;0.012080791623472895
3687;3687;Population 4100;4100;sample_3687;3680;-0.011800007266218637
3688;3688;Population 4100;4100;sample_3688;3685;-0.0010570201224178854
3689;3689;Population 4100;4100;sample_3689;3690;-0.0027362844695722867
3690;3690;Population 4100;4100;sample_3690;3695;-0.010128681257772085
3691;3691;Population 4100;4100;sample_3691;3700;-0.003483753693128759
3692;3692;Population 4100;4100;sample_3692;3705;0.007203787325607614
3693;3693;Population 4100;4100;sample_3693;3710;-0.002191498526468244
3694;3694;Population 4100;4100;sample_3694;3715;-0.0008658337201572959
3695;3695;Population 4100;4100;sample_3695;3720;0.008655896427987171
3696;3696;Population 4100;4100;sample_3696;3725;-0.02274287865689858
3697;3697;Population 4100;4100;sample_3697;3730;0.0013677078879867004
3698;3698;Population 4100;4100;sample_3698;3735;-0.027143939533858033
3699;3699;Population 4100;4100;sample_3699;3740;-0.006722435768272168
3700;3700;Population 4100;4100;sample_3700;3745;-0.02026280832188211
3701;3701;Population 4100;4100;sample_3701;3750;0.0023876930093419883
3702;3702;Population 4100;4100;sample_3702;3755;-0.009466210289521104
3703;3703;Population 4100;4100;sample_3703;3760;-0.004195875554938227
3704;3704;Population 4100;4100;sample_3704;3765;-0.005903437568919412
3705;3705;Population 4100;4100;sample_3705;3770;-0.009641372204520894
3706;3706;Population 4100;4100;sample_3706;3775;0.0020597977775401333
3707;3707;Population 4100;4100;sample_3707;3780;-0.0022864378385345782
3708;3708;Population 4100;4100;sample_3708;3785;-0.0036596350210112765
3709;3709;Population 4100;4100;sample_3709;3790;-0.006997000702670301
3710;3710;Population 4100;4100;sample_3710;3795;-0.0022574135104012974
3711;3711;Population 4100;4100;sample_3711;3800;0.0029623501349970963
3712;3712;Population 4100;4100;sample_3712;3805;-0.004829764137902321
3713;3713;Population 4100;4100;sample_3713;3810;0.00789618586902899
3714;3714;Population 4100;4100;sample_3714;3815;-0.01082993132016852
3715;3715;Population 4100;4100;sample_3715;3820;-0.010330919817752112
3716;3716;Population 4100;4100;sample_3716;3825;-0.006604737232666426
3717;3717;Population 4100;4100;sample_3717;3830;0.0013539814803032822
3718;3718;Population 4100;4100;sample_3718;3835;-0.01365781179043506
3719;3719;Population 4100;4100;sample_3719;3840;0.006134835324365489
3720;3720;Population 4100;4100;sample_3720;3845;-0.022010960376602506
3721;3721;Population 4100;4100;sample_3721;3850;-0.0020325769319666765
3722;3722;Population 4100;4100;sample_3722;3855;0.00894743708522074
3723;3723;Population 4100;4100;sample_3723;3860;0.003151924463333465
3724;3724;Population 4100;4100;sample_3724;3865;-0.022526638564813687
3725;3725;Population 4100;4100;sample_3725;3870;0.007157198951742768
3726;3726;Population 4100;4100;sample_3726;3875;-0.002443731797199526
3727;3727;Population 4100;4100;sample_3727;3880;-0.011398017942870507
3728;3728;Population 4100;4100;sample_3728;3885;-0.007991595783220297
3729;3729;Population 4100;4100;sample_3729;3890;-0.013660222957191718
3730;3730;Population 4100;4100;sample_3730;3895;-0.00864637697334058
3731;3731;Population 4100;4100;sample_3731;3900;-0.00471365648888035
3732;3732;Population 4100;4100;sample_3732;3905;0.004498641716277474
3733;3733;Population 4100;4100;sample_3733;3910;0.00280798115062731
3734;3734;Population 4100;4100;sample_3734;3915;-0.0008675159312658105
3735;3735;Population 4100;4100;sample_3735;3920;0.0015821098835781435
3736;3736;Population 4100;4100;sample_3736;3925;-0.016472919156408188
3737;3737;Population 4100;4100;sample_3737;3930;-0.007011781634412566
3738;3738;Population 4100;4100;sample_3738;3935;0.0030183795475033927
3739;3739;Population 4100;4100;sample_3739;3940;0.007348498553826927
3740;3740;Population 4100;4100;sample_3740;3945;-0.01699839692840937
3741;3741;Population 4100;4100;sample_3741;3950;-0.0018555764621826982
3742;3742;Population 4100;4100;sample_3742;3955;-0.014868983551303219
3743;3743;Population 4100;4100;sample_3743;3960;-0.004730506555093437
3744;3744;Population 4100;4100;sample_3744;3965;-0.009560655735233427
3745;3745;Population 4100;4100;sample_3745;3970;-0.009002744179396588
3746;3746;Population 4100;4100;sample_3746;3975;-0.014537194109773164
3747;3747;Population 4100;4100;sample_3747;3980;-0.002874289854128461
3748;3748;Population 4100;4100;sample_3748;3985;0.0036050852448102086
3749;3749;Population 4100;4100;sample_3749;3990;-0.0011431517407950464
3750;3750;Population 4100;4100;sample_3750;3995;-0.00803063559831836
3751;3751;Population 4100;4100;sample_3751;4000;0.0009623329807012233
3752;3752;Population 4100;4100;sample_3752;4005;0.004354228043253001
3753;3753;Population 4100;4100;sample_3753;4010;-0.002927797693451095
3754;3754;Population 4100;4100;sample_3754;4015;-0.003815037884813611
3755;3755;Population 4100;4100;sample_3755;4020;-0.013021549593027393
3756;3756;Population 4100;4100;sample_3756;4025;-0.015444859723049343
3757;3757;Population 4100;4100;sample_3757;4030;-0.0051670397449072765
3758;3758;Population 4100;4100;sample_3758;4035;-0.0006793383672983728
3759;3759;Population 4100;4100;sample_3759;4040;-0.00284000257925173
3760;3760;Population 4100;4100;sample_3760;4045;-0.015019590366132143
3761;3761;Population 4100;4100;sample_3761;4050;-0.00629461585438174
3762;3762;Population 4100;4100;sample_3762;4055;0.004724790899812283
3763;3763;Population 4100;4100;sample_3763;4060;-0.007293183719732432
3764;3764;Population 4100;4100;sample_3764;4065;0.004881436134758364
3765;3765;Population 4100;4100;sample_3765;4070;-0.006295433169925382
3766;3766;Population 4100;4100;sample_3766;4075;-0.004996644787438062
3767;3767;Population 4100;4100;sample_3767;4080;-0.004582368959781527
3768;3768;Population 4100;4100;sample_3768;4085;-0.01405046738828062
3769;3769;Population 4100;4100;sample_3769;4090;-0.01078948776457315
3770;3770;Population 4100;4100;sample_3770;4095;-0.006122477081643934
3771;3771;Population 4600;4600;sample_3771;5;0.6603468865831846
3772;3772;Population 4600;4600;sample_3772;10;0.15535582717727991
3773;3773;Population 4600;4600;sample_3773;15;-0.39644254771456733
3774;3774;Population 4600;4600;sample_3774;20;0.10072520347908369
3775;3775;Population 4600;4600;sample_3775;25;0.29294266365518973
3776;3776;Population 4600;4600;sample_3776;30;-0.09827660660144263
3777;3777;Population 4600;4600;sample_3777;35;-0.10557715319851535
3778;3778;Population 4600;4600;sample_3778;40;-0.1992708711779295
3779;3779;Population 4600;4600;sample_3779;45;-0.007007511958930626
3780;3780;Population 4600;4600;sample_3780;50;0.09812603486395759
3781;3781;Population 4600;4600;sample_3781;55;-0.052009038034653114
3782;3782;Population 4600;4600;sample_3782;60;-0.01892445938845764
3783;3783;Population 4600;4600;sample_3783;65;-0.010948193705638385
3784;3784;Population 4600;4600;sample_3784;70;0.09803023758629714
3785;3785;Population 4600;4600;sample_3785;75;-0.18801852074312245
3786;3786;Population 4600;4600;sample_3786;80;0.06899532638139552
3787;3787;Population 4600;4600;sample_3787;85;0.05374826461557932
3788;3788;Population 4600;4600;sample_3788;90;-0.1584030090466019
3789;3789;Population 4600;4600;sample_3789;95;0.04176750936255124
3790;3790;Population 4600;4600;sample_3790;100;-0.06403794907302046
3791;3791;Population 4600;4600;sample_3791;105;0.21631232766020886
3792;3792;Population 4600;4600;sample_3792;110;-0.008804805214681194
3793;3793;Population 4600;4600;sample_3793;115;0.027452215634759625
3794;3794;Population 4600;4600;sample_3794;120;0.015128671445671708
3795;3795;Population 4600;4600;sample_3795;125;-0.07093352755108544
3796;3796;Population 4600;4600;sample_3796;130;0.0400754253727366
3797;3797;Population 4600;4600;sample_3797;135;0.1349682693187584
3798;3798;Population 4600;4600;sample_3798;140;-0.01777391298309298
3799;3799;Population 4600;4600;sample_3799;145;0.01394588703328097
3800;3800;Population 4600;4600;sample_3800;150;-0.19402488737787574
3801;3801;Population 4600;4600;sample_3801;155;-0.12744286955078196
3802;3802;Population 4600;4600;sample_3802;160;-0.10966253585646837
3803;3803;Population 4600;4600;sample_3803;165;0.10825413038605579
3804;3804;Population 4600;4600;sample_3804;170;0.05003769556597347
3805;3805;Population 4600;4600;sample_3805;175;-0.03392225077201011
3806;3806;Population 4600;4600;sample_3806;180;-0.09762882047307408
3807;3807;Population 4600;4600;sample_3807;185;-0.04018010157891476
3808;3808;Population 4600;4600;sample_3808;190;0.033884649434813306
3809;3809;Population 4600;4600;sample_3809;195;-0.0110307347946978
3810;3810;Population 4600;4600;sample_3810;200;-0.03089698191998513
3811;3811;Population 4600;4600;sample_3811;205;0.02937596687647912
3812;3812;Population 4600;4600;sample_3812;210;-0.03931189363659574
3813;3813;Population 4600;4600;sample_3813;215;-0.020245377050570865
3814;3814;Population 4600;4600;sample_3814;220;0.005421069117945568
3815;3815;Population 4600;4600;sample_3815;225;0.07731912620368013
3816;3816;Population 4600;4600;sample_3816;230;-0.028461409184406244
3817;3817;Population 4600;4600;sample_3817;235;0.06234811837278611
3818;3818;Population 4600;4600;sample_3818;240;-0.03415782031544398
3819;3819;Population 4600;4600;sample_3819;245;0.00040040744836591593
3820;3820;Population 4600;4600;sample_3820;250;-0.0503367598639097
3821;3821;Population 4600;4600;sample_3821;255;0.011197720014687058
3822;3822;Population 4600;4600;sample_3822;260;-0.0622640118527852
3823;3823;Population 4600;4600;sample_3823;265;0.011319561069489923
3824;3824;Population 4600;4600;sample_3824;270;0.01036450900652433
3825;3825;Population 4600;4600;sample_3825;275;-0.028846200315276786
3826;3826;Population 4600;4600;sample_3826;280;-0.11032068136313054
3827;3827;Population 4600;4600;sample_3827;285;-0.01211600253441468
3828;3828;Population 4600;4600;sample_3828;290;-0.08062617902976965
3829;3829;Population 4600;4600;sample_3829;295;-0.09397428085787497
3830;3830;Population 4600;4600;sample_3830;300;-0.014505806472094374
3831;3831;Population 4600;4600;sample_3831;305;-0.020750990921582314
3832;3832;Population 4600;4600;sample_3832;310;0.054274398446200106
3833;3833;Population 4600;4600;sample_3833;315;0.036888957029140496
3834;3834;Population 4600;4600;sample_3834;320;-0.038776020277889414
3835;3835;Population 4600;4600;sample_3835;325;0.05765546542777654
3836;3836;Population 4600;4600;sample_3836;330;-0.028655330081228628
3837;3837;Population 4600;4600;sample_3837;335;0.02775955162393584
3838;3838;Population 4600;4600;sample_3838;340;0.0027797184775485936
3839;3839;Population 4600;4600;sample_3839;345;0.05574736363124449
3840;3840;Population 4600;4600;sample_3840;350;0.04274326376138911
3841;3841;Population 4600;4600;sample_3841;355;-0.07349494767623245
3842;3842;Population 4600;4600;sample_3842;360;-0.019483563537052315
3843;3843;Population 4600;4600;sample_3843;365;-0.08721522008629103
3844;3844;Population 4600;4600;sample_3844;370;-0.010375117783171538
3845;3845;Population 4600;4600;sample_3845;375;0.04288370608390074
3846;3846;Population 4600;4600;sample_3846;380;0.03378409624816231
3847;3847;Population 4600;4600;sample_3847;385;-0.01346059498391599
3848;3848;Population 4600;4600;sample_3848;390;-0.0019388271984813817
3849;3849;Population 4600;4600;sample_3849;395;-0.0724200036573276
3850;3850;Population 4600;4600;sample_3850;400;0.04759228487888225
3851;3851;Population 4600;4600;sample_3851;405;0.048809512376069425
3852;3852;Population 4600;4600;sample_3852;410;0.04238100884039847
3853;3853;Population 4600;4600;sample_3853;415;0.06989256204901877
3854;3854;Population 4600;4600;sample_3854;420;-0.04922315110954962
3855;3855;Population 4600;4600;sample_3855;425;0.033349075239962535
3856;3856;Population 4600;4600;sample_3856;430;0.037777517517322466
3857;3857;Population 4600;4600;sample_3857;435;-0.005383442702395318
3858;3858;Population 4600;4600;sample_3858;440;0.00033485992318233815
3859;3859;Population 4600;4600;sample_3859;445;0.014547230731353777
3860;3860;Population 4600;4600;sample_3860;450;-0.05240400295610101
3861;3861;Population 4600;4600;sample_3861;455;0.040619849984082086
3862;3862;Population 4600;4600;sample_3862;460;-0.02382768684030774
3863;3863;Population 4600;4600;sample_3863;465;0.0013692151043508364
3864;3864;Population 4600;4600;sample_3864;470;-0.04837157282874751
3865;3865;Population 4600;4600;sample_3865;475;0.02871751264717546
3866;3866;Population 4600;4600;sample_3866;480;0.04915728100792801
3867;3867;Population 4600;4600;sample_3867;485;0.04796707744710231
3868;3868;Population 4600;4600;sample_3868;490;0.02470590276192181
3869;3869;Population 4600;4600;sample_3869;495;0.020346497856993696
3870;3870;Population 4600;4600;sample_3870;500;-0.0766250078723266
3871;3871;Population 4600;4600;sample_3871;505;0.021301663601094034
3872;3872;Population 4600;4600;sample_3872;510;0.056647459066699185
3873;3873;Population 4600;4600;sample_3873;515;-0.04104818239317346
3874;3874;Population 4600;4600;sample_3874;520;-0.0880756651443904
3875;3875;Population 4600;4600;sample_3875;525;0.06425649629057247
3876;3876;Population 4600;4600;sample_3876;530;0.01713743669827165
3877;3877;Population 4600;4600;sample_3877;535;-0.011733828710277385
3878;3878;Population 4600;4600;sample_3878;540;-0.0022763088319104406
3879;3879;Population 4600;4600;sample_3879;545;0.03460081620712569
3880;3880;Population 4600;4600;sample_3880;550;0.010535264581218
3881;3881;Population 4600;4600;sample_3881;555;0.02783077951111388
3882;3882;Population 4600;4600;sample_3882;560;-0.011150618441722965
3883;3883;Population 4600;4600;sample_3883;565;-0.012107483440118982
3884;3884;Population 4600;4600;sample_3884;570;0.025700946688748474
3885;3885;Population 4600;4600;sample_3885;575;-0.00849586613248139
3886;3886;Population 4600;4600;sample_3886;580;0.06568734643607656
3887;3887;Population 4600;4600;sample_3887;585;0.0529793918922787
3888;3888;Population 4600;4600;sample_3888;590;-0.015116226428844895
3889;3889;Population 4600;4600;sample_3889;595;0.010237485088420265
3890;3890;Population 4600;4600;sample_3890;600;0.03465017128718313
3891;3891;Population 4600;4600;sample_3891;605;-0.02048197680517275
3892;3892;Population 4600;4600;sample_3892;610;-0.10717678639649882
3893;3893;Population 4600;4600;sample_3893;615;0.04195143128546936
3894;3894;Population 4600;4600;sample_3894;620;0.03732698330955535
3895;3895;Population 4600;4600;sample_3895;625;0.042629346548951876
3896;3896;Population 4600;4600;sample_3896;630;0.0003788890052189127
3897;3897;Population 4600;4600;sample_3897;635;-0.018694566355810006
3898;3898;Population 4600;4600;sample_3898;640;0.027169036170849925
3899;3899;Population 4600;4600;sample_3899;645;-0.0252213002732268
3900;3900;Population 4600;4600;sample_3900;650;0.036761962658776855
3901;3901;Population 4600;4600;sample_3901;655;0.05781837471066642
3902;3902;Population 4600;4600;sample_3902;660;-0.02399986156047983
3903;3903;Population 4600;4600;sample_3903;665;0.014064183785172647
3904;3904;Population 4600;4600;sample_3904;670;-0.02367517432049804
3905;3905;Population 4600;4600;sample_3905;675;-0.028960179173797056
3906;3906;Population 4600;4600;sample_3906;680;0.07616338893749722
3907;3907;Population 4600;4600;sample_3907;685;0.035293022816673514
3908;3908;Population 4600;4600;sample_3908;690;-0.02956399976033507
3909;3909;Population 4600;4600;sample_3909;695;-0.012103987695722492
3910;3910;Population 4600;4600;sample_3910;700;-0.020420895195975935
3911;3911;Population 4600;4600;sample_3911;705;0.011199026586624755
3912;3912;Population 4600;4600;sample_3912;710;-0.017079692637297455
3913;3913;Population 4600;4600;sample_3913;715;0.03265624687425225
3914;3914;Population 4600;4600;sample_3914;720;-0.05547109135866228
3915;3915;Population 4600;4600;sample_3915;725;-0.03265153400896396
3916;3916;Population 4600;4600;sample_3916;730;-0.0246694858863412
3917;3917;Population 4600;4600;sample_3917;735;-0.004430218029843719
3918;3918;Population 4600;4600;sample_3918;740;-0.02377296661619669
3919;3919;Population 4600;4600;sample_3919;745;0.02499801224873521
3920;3920;Population 4600;4600;sample_3920;750;-0.009964540711956845
3921;3921;Population 4600;4600;sample_3921;755;-0.03270925455573075
3922;3922;Population 4600;4600;sample_3922;760;-0.015116215491637228
3923;3923;Population 4600;4600;sample_3923;765;-0.015456518485146403
3924;3924;Population 4600;4600;sample_3924;770;-0.01526342813823306
3925;3925;Population 4600;4600;sample_3925;775;0.033169444878589076
3926;3926;Population 4600;4600;sample_3926;780;-0.05372778110830076
3927;3927;Population 4600;4600;sample_3927;785;-0.01053709625640134
3928;3928;Population 4600;4600;sample_3928;790;0.012673616209260732
3929;3929;Population 4600;4600;sample_3929;795;-0.019765258768469875
3930;3930;Population 4600;4600;sample_3930;800;0.043814484673189505
3931;3931;Population 4600;4600;sample_3931;805;-0.019686283846301403
3932;3932;Population 4600;4600;sample_3932;810;-0.0655244810853612
3933;3933;Population 4600;4600;sample_3933;815;-0.015575977715652299
3934;3934;Population 4600;4600;sample_3934;820;-0.01812418582702499
3935;3935;Population 4600;4600;sample_3935;825;-0.03791040945784014
3936;3936;Population 4600;4600;sample_3936;830;0.02044947788248582
3937;3937;Population 4600;4600;sample_3937;835;-0.031866499564655114
3938;3938;Population 4600;4600;sample_3938;840;0.0070233500587139445
3939;3939;Population 4600;4600;sample_3939;845;0.017152137741056724
3940;3940;Population 4600;4600;sample_3940;850;0.011394407146289644
3941;3941;Population 4600;4600;sample_3941;855;-0.03639951271117569
3942;3942;Population 4600;4600;sample_3942;860;-0.017570545970508323
3943;3943;Population 4600;4600;sample_3943;865;0.0758652264746182
3944;3944;Population 4600;4600;sample_3944;870;0.02554076385486005
3945;3945;Population 4600;4600;sample_3945;875;0.0008325025405868754
3946;3946;Population 4600;4600;sample_3946;880;0.07021555511795119
3947;3947;Population 4600;4600;sample_3947;885;0.02663770052067044
3948;3948;Population 4600;4600;sample_3948;890;-0.0005938877744048455
3949;3949;Population 4600;4600;sample_3949;895;0.0017106748325677065
3950;3950;Population 4600;4600;sample_3950;900;-0.00680755533162756
3951;3951;Population 4600;4600;sample_3951;905;-0.0037271798236726866
3952;3952;Population 4600;4600;sample_3952;910;-0.07555389235776482
3953;3953;Population 4600;4600;sample_3953;915;0.029418496503065474
3954;3954;Population 4600;4600;sample_3954;920;-0.009027621399575797
3955;3955;Population 4600;4600;sample_3955;925;0.017664757639542054
3956;3956;Population 4600;4600;sample_3956;930;-0.007548321671597305
3957;3957;Population 4600;4600;sample_3957;935;0.0035921689600931146
3958;3958;Population 4600;4600;sample_3958;940;0.003266279081261545
3959;3959;Population 4600;4600;sample_3959;945;-0.0053047525780967
3960;3960;Population 4600;4600;sample_3960;950;-0.027919177087252205
3961;3961;Population 4600;4600;sample_3961;955;-0.030126866876364688
3962;3962;Population 4600;4600;sample_3962;960;-0.039691006735623806
3963;3963;Population 4600;4600;sample_3963;965;-0.05739499993871133
3964;3964;Population 4600;4600;sample_3964;970;0.0008625744266075187
3965;3965;Population 4600;4600;sample_3965;975;0.023396208052141647
3966;3966;Population 4600;4600;sample_3966;980;-0.0032088242947143765
3967;3967;Population 4600;4600;sample_3967;985;0.009106095754059544
3968;3968;Population 4600;4600;sample_3968;990;-0.061364066689909104
3969;3969;Population 4600;4600;sample_3969;995;-0.0396533660080947
3970;3970;Population 4600;4600;sample_3970;1000;-0.023578528271864303
3971;3971;Population 4600;4600;sample_3971;1005;-0.039173403210520576
3972;3972;Population 4600;4600;sample_3972;1010;0.034075067084235904
3973;3973;Population 4600;4600;sample_3973;1015;0.013154080138490417
3974;3974;Population 4600;4600;sample_3974;1020;-0.01158861996983428
3975;3975;Population 4600;4600;sample_3975;1025;-0.051447037143235216
3976;3976;Population 4600;4600;sample_3976;1030;-0.03944208295133597
3977;3977;Population 4600;4600;sample_3977;1035;-0.014660811198892882
3978;3978;Population 4600;4600;sample_3978;1040;-0.026600201716221784
3979;3979;Population 4600;4600;sample_3979;1045;-0.015238797764183272
3980;3980;Population 4600;4600;sample_3980;1050;-0.0035216051382524175
3981;3981;Population 4600;4600;sample_3981;1055;0.023299076180026773
3982;3982;Population 4600;4600;sample_3982;1060;0.024888768225295663
3983;3983;Population 4600;4600;sample_3983;1065;-0.007372481378759124
3984;3984;Population 4600;4600;sample_3984;1070;-0.04166855697764308
3985;3985;Population 4600;4600;sample_3985;1075;0.001887598530405208
3986;3986;Population 4600;4600;sample_3986;1080;-0.0039550038928115525
3987;3987;Population 4600;4600;sample_3987;1085;-0.028566691143404738
3988;3988;Population 4600;4600;sample_3988;1090;0.015495036198741416
3989;3989;Population 4600;4600;sample_3989;1095;-0.006477997457896731
3990;3990;Population 4600;4600;sample_3990;1100;-0.010425126270378792
3991;3991;Population 4600;4600;sample_3991;1105;-0.022160403959026548
3992;3992;Population 4600;4600;sample_3992;1110;-0.01879581193205242
3993;3993;Population 4600;4600;sample_3993;1115;-0.034924806068060574
3994;3994;Population 4600;4600;sample_3994;1120;0.0008417790343430345
3995;3995;Population 4600;4600;sample_3995;1125;0.008862568426735872
3996;3996;Population 4600;4600;sample_3996;1130;-0.03491482586635814
3997;3997;Population 4600;4600;sample_3997;1135;-0.015969131620123755
3998;3998;Population 4600;4600;sample_3998;1140;-0.008661898604369321
3999;3999;Population 4600;4600;sample_3999;1145;0.0008266529517505163
4000;4000;Population 4600;4600;sample_4000;1150;-0.007253383717738427
4001;4001;Population 4600;4600;sample_4001;1155;-0.0063971190140227245
4002;4002;Population 4600;4600;sample_4002;1160;-0.018835752776046415
4003;4003;Population 4600;4600;sample_4003;1165;-0.02136889567027284
4004;4004;Population 4600;4600;sample_4004;1170;-0.051560894057648333
4005;4005;Population 4600;4600;sample_4005;1175;0.002754794448489874
4006;4006;Population 4600;4600;sample_4006;1180;-0.024441517296534356
4007;4007;Population 4600;4600;sample_4007;1185;-0.001191758707231899
4008;4008;Population 4600;4600;sample_4008;1190;0.011438834575725986
4009;4009;Population 4600;4600;sample_4009;1195;-0.019199938701542917
4010;4010;Population 4600;4600;sample_4010;1200;-0.0021435211622995707
4011;4011;Population 4600;4600;sample_4011;1205;-0.034334471924716975
4012;4012;Population 4600;4600;sample_4012;1210;-0.03135116745461134
4013;4013;Population 4600;4600;sample_4013;1215;-0.015096835791722942
4014;4014;Population 4600;4600;sample_4014;1220;0.03765544723237415
4015;4015;Population 4600;4600;sample_4015;1225;0.017983283697725342
4016;4016;Population 4600;4600;sample_4016;1230;0.003391551703463019
4017;4017;Population 4600;4600;sample_4017;1235;0.010001060788443551
4018;4018;Population 4600;4600;sample_4018;1240;0.0185666180624548
4019;4019;Population 4600;4600;sample_4019;1245;0.010270716920554201
4020;4020;Population 4600;4600;sample_4020;1250;0.05363028971113439
4021;4021;Population 4600;4600;sample_4021;1255;-0.014372171639260948
4022;4022;Population 4600;4600;sample_4022;1260;-0.022089449385995826
4023;4023;Population 4600;4600;sample_4023;1265;-0.014691449689560114
4024;4024;Population 4600;4600;sample_4024;1270;-0.013494663771590474
4025;4025;Population 4600;4600;sample_4025;1275;-0.03069464108618533
4026;4026;Population 4600;4600;sample_4026;1280;0.03266626656014611
4027;4027;Population 4600;4600;sample_4027;1285;-0.04367880869840661
4028;4028;Population 4600;4600;sample_4028;1290;0.03610524387070679
4029;4029;Population 4600;4600;sample_4029;1295;-0.034709701569161554
4030;4030;Population 4600;4600;sample_4030;1300;-0.014376586907305842
4031;4031;Population 4600;4600;sample_4031;1305;-0.01731575675994044
4032;4032;Population 4600;4600;sample_4032;1310;-0.011251703736837634
4033;4033;Population 4600;4600;sample_4033;1315;0.00282077520285841
4034;4034;Population 4600;4600;sample_4034;1320;0.007818613055094183
4035;4035;Population 4600;4600;sample_4035;1325;-0.034881712811135945
4036;4036;Population 4600;4600;sample_4036;1330;-0.006974245538084629
4037;4037;Population 4600;4600;sample_4037;1335;-0.0030056403391211226
4038;4038;Population 4600;4600;sample_4038;1340;0.033523581752163946
4039;4039;Population 4600;4600;sample_4039;1345;0.03292912771508692
4040;4040;Population 4600;4600;sample_4040;1350;0.01687970412977693
4041;4041;Population 4600;4600;sample_4041;1355;0.013835439554161486
4042;4042;Population 4600;4600;sample_4042;1360;-0.05211502658031527
4043;4043;Population 4600;4600;sample_4043;1365;-0.0033361894623263827
4044;4044;Population 4600;4600;sample_4044;1370;-0.015796203327675628
4045;4045;Population 4600;4600;sample_4045;1375;0.009346400074447333
4046;4046;Population 4600;4600;sample_4046;1380;-0.004679861791511745
4047;4047;Population 4600;4600;sample_4047;1385;-0.03302087759480442
4048;4048;Population 4600;4600;sample_4048;1390;-0.024611290557650104
4049;4049;Population 4600;4600;sample_4049;1395;-0.0025083628089348207
4050;4050;Population 4600;4600;sample_4050;1400;-0.02104209589985019
4051;4051;Population 4600;4600;sample_4051;1405;-0.002430031109315499
4052;4052;Population 4600;4600;sample_4052;1410;-0.018552618615421432
4053;4053;Population 4600;4600;sample_4053;1415;0.004341169239473653
4054;4054;Population 4600;4600;sample_4054;1420;-0.036037587678894555
4055;4055;Population 4600;4600;sample_4055;1425;0.018464697714932806
4056;4056;Population 4600;4600;sample_4056;1430;-0.043000490606011584
4057;4057;Population 4600;4600;sample_4057;1435;-0.02146317728635614
4058;4058;Population 4600;4600;sample_4058;1440;-0.02669955495135975
4059;4059;Population 4600;4600;sample_4059;1445;-0.026379513515238324
4060;4060;Population 4600;4600;sample_4060;1450;0.0031052256297462383
4061;4061;Population 4600;4600;sample_4061;1455;-0.005420155890925798
4062;4062;Population 4600;4600;sample_4062;1460;-0.033866420387661716
4063;4063;Population 4600;4600;sample_4063;1465;-0.013262544809352579
4064;4064;Population 4600;4600;sample_4064;1470;0.0074985991387674835
4065;4065;Population 4600;4600;sample_4065;1475;0.0004379308970079707
4066;4066;Population 4600;4600;sample_4066;1480;-0.017145092664014563
4067;4067;Population 4600;4600;sample_4067;1485;-0.016974355967855844
4068;4068;Population 4600;4600;sample_4068;1490;0.022403410774530372
4069;4069;Population 4600;4600;sample_4069;1495;-0.017494170853576997
4070;4070;Population 4600;4600;sample_4070;1500;-0.0006862054268959572
4071;4071;Population 4600;4600;sample_4071;1505;-0.01226056500052097
4072;4072;Population 4600;4600;sample_4072;1510;-0.022437640767108243
4073;4073;Population 4600;4600;sample_4073;1515;0.01382561505784978
4074;4074;Population 4600;4600;sample_4074;1520;-0.02675591451550282
4075;4075;Population 4600;4600;sample_4075;1525;0.016943101581369788
4076;4076;Population 4600;4600;sample_4076;1530;-0.021819380692507242
4077;4077;Population 4600;4600;sample_4077;1535;0.0044963482815536
4078;4078;Population 4600;4600;sample_4078;1540;0.00926891591022102
4079;4079;Population 4600;4600;sample_4079;1545;0.008704395368611673
4080;4080;Population 4600;4600;sample_4080;1550;0.010560085175763022
4081;4081;Population 4600;4600;sample_4081;1555;0.004992792716158053
4082;4082;Population 4600;4600;sample_4082;1560;2.4957310343759048e-05
4083;4083;Population 4600;4600;sample_4083;1565;-0.027586980924528694
4084;4084;Population 4600;4600;sample_4084;1570;-0.004428460750703115
4085;4085;Population 4600;4600;sample_4085;1575;-0.012770336321640508
4086;4086;Population 4600;4600;sample_4086;1580;-0.024842355585700707
4087;4087;Population 4600;4600;sample_4087;1585;0.03726721605144879
4088;4088;Population 4600;4600;sample_4088;1590;-0.023099101170825604
4089;4089;Population 4600;4600;sample_4089;1595;0.002317371789599755
4090;4090;Population 4600;4600;sample_4090;1600;0.030176015620433604
4091;4091;Population 4600;4600;sample_4091;1605;-0.006127418475518162
4092;4092;Population 4600;4600;sample_4092;1610;-0.05242237173901533
4093;4093;Population 4600;4600;sample_4093;1615;-0.01234803299937585
4094;4094;Population 4600;4600;sample_4094;1620;-0.010335230830133404
4095;4095;Population 4600;4600;sample_4095;1625;-0.00530286311986239
4096;4096;Population 4600;4600;sample_4096;1630;-0.017909759637204047
4097;4097;Population 4600;4600;sample_4097;1635;-0.017120854969972957
4098;4098;Population 4600;4600;sample_4098;1640;0.007058797739927323
4099;4099;Population 4600;4600;sample_4099;1645;0.014053566979990708
4100;4100;Population 4600;4600;sample_4100;1650;-0.04435058214574385
4101;4101;Population 4600;4600;sample_4101;1655;-0.004165329999020523
4102;4102;Population 4600;4600;sample_4102;1660;-0.02672281884707905
4103;4103;Population 4600;4600;sample_4103;1665;0.015552828646703449
4104;4104;Population 4600;4600;sample_4104;1670;0.011957185988874684
4105;4105;Population 4600;4600;sample_4105;1675;0.05370018268575881
4106;4106;Population 4600;4600;sample_4106;1680;-0.035986794524742495
4107;4107;Population 4600;4600;sample_4107;1685;0.011099045228097853
4108;4108;Population 4600;4600;sample_4108;1690;-0.029555682648097877
4109;4109;Population 4600;4600;sample_4109;1695;0.022812050055722982
4110;4110;Population 4600;4600;sample_4110;1700;-0.01429482469276204
4111;4111;Population 4600;4600;sample_4111;1705;-0.031768316650799294
4112;4112;Population 4600;4600;sample_4112;1710;-0.027461452254821425
4113;4113;Population 4600;4600;sample_4113;1715;-0.018524632182894754
4114;4114;Population 4600;4600;sample_4114;1720;-0.029962755514629947
4115;4115;Population 4600;4600;sample_4115;1725;-0.025188596008597786
4116;4116;Population 4600;4600;sample_4116;1730;0.003232589898774479
4117;4117;Population 4600;4600;sample_4117;1735;-0.03547899549743501
4118;4118;Population 4600;4600;sample_4118;1740;-0.02597931893391936
4119;4119;Population 4600;4600;sample_4119;1745;0.010072110255923509
4120;4120;Population 4600;4600;sample_4120;1750;0.01224547315283927
4121;4121;Population 4600;4600;sample_4121;1755;0.014437831316389472
4122;4122;Population 4600;4600;sample_4122;1760;0.00893949540537671
4123;4123;Population 4600;4600;sample_4123;1765;0.0007454824878173017
4124;4124;Population 4600;4600;sample_4124;1770;-0.002986615213148468
4125;4125;Population 4600;4600;sample_4125;1775;-0.029175809743300838
4126;4126;Population 4600;4600;sample_4126;1780;-0.03832683832170406
4127;4127;Population 4600;4600;sample_4127;1785;-0.021156770157919357
4128;4128;Population 4600;4600;sample_4128;1790;-0.015093819574632229
4129;4129;Population 4600;4600;sample_4129;1795;0.002222512854998909
4130;4130;Population 4600;4600;sample_4130;1800;0.01621626828227617
4131;4131;Population 4600;4600;sample_4131;1805;-0.018797135859824114
4132;4132;Population 4600;4600;sample_4132;1810;-0.007669495882510882
4133;4133;Population 4600;4600;sample_4133;1815;-0.03137889610324943
4134;4134;Population 4600;4600;sample_4134;1820;0.030629083551721545
4135;4135;Population 4600;4600;sample_4135;1825;-0.02469246128511598
4136;4136;Population 4600;4600;sample_4136;1830;-0.005974711795079702
4137;4137;Population 4600;4600;sample_4137;1835;0.010175706867128632
4138;4138;Population 4600;4600;sample_4138;1840;0.026468644584772986
4139;4139;Population 4600;4600;sample_4139;1845;-0.01691691655133117
4140;4140;Population 4600;4600;sample_4140;1850;0.01643313659878271
4141;4141;Population 4600;4600;sample_4141;1855;0.02191232039049237
4142;4142;Population 4600;4600;sample_4142;1860;-0.012746446520538883
4143;4143;Population 4600;4600;sample_4143;1865;0.018514529271697715
4144;4144;Population 4600;4600;sample_4144;1870;0.021679492015269478
4145;4145;Population 4600;4600;sample_4145;1875;-0.025639033444246815
4146;4146;Population 4600;4600;sample_4146;1880;-0.02025103163548278
4147;4147;Population 4600;4600;sample_4147;1885;0.015130979384903662
4148;4148;Population 4600;4600;sample_4148;1890;0.003467886285100109
4149;4149;Population 4600;4600;sample_4149;1895;0.015275219079576045
4150;4150;Population 4600;4600;sample_4150;1900;0.006403065828660211
4151;4151;Population 4600;4600;sample_4151;1905;-0.008164062908431873
4152;4152;Population 4600;4600;sample_4152;1910;-0.023591388409866517
4153;4153;Population 4600;4600;sample_4153;1915;-0.021713210670033983
4154;4154;Population 4600;4600;sample_4154;1920;0.01345772965000161
4155;4155;Population 4600;4600;sample_4155;1925;0.010468910698793587
4156;4156;Population 4600;4600;sample_4156;1930;0.011196515024258759
4157;4157;Population 4600;4600;sample_4157;1935;-0.031861551292548924
4158;4158;Population 4600;4600;sample_4158;1940;-0.024184944777900064
4159;4159;Population 4600;4600;sample_4159;1945;-0.03700535587839517
4160;4160;Population 4600;4600;sample_4160;1950;-0.009969759384182635
4161;4161;Population 4600;4600;sample_4161;1955;0.01357900176248172
4162;4162;Population 4600;4600;sample_4162;1960;-0.013135474730916969
4163;4163;Population 4600;4600;sample_4163;1965;0.004421521800460456
4164;4164;Population 4600;4600;sample_4164;1970;0.013219844102090596
4165;4165;Population 4600;4600;sample_4165;1975;0.01606077940982445
4166;4166;Population 4600;4600;sample_4166;1980;-0.03080687348798008
4167;4167;Population 4600;4600;sample_4167;1985;-0.021503875281466623
4168;4168;Population 4600;4600;sample_4168;1990;0.027232269531747195
4169;4169;Population 4600;4600;sample_4169;1995;-0.013142875296258
4170;4170;Population 4600;4600;sample_4170;2000;0.002402268339233264
4171;4171;Population 4600;4600;sample_4171;2005;0.006143973771360067
4172;4172;Population 4600;4600;sample_4172;2010;-0.012280789070899087
4173;4173;Population 4600;4600;sample_4173;2015;0.009512010401739487
4174;4174;Population 4600;4600;sample_4174;2020;0.017673574332801045
4175;4175;Population 4600;4600;sample_4175;2025;-0.025313679198266634
4176;4176;Population 4600;4600;sample_4176;2030;0.0006472379004603373
4177;4177;Population 4600;4600;sample_4177;2035;-0.006426061847116888
4178;4178;Population 4600;4600;sample_4178;2040;-0.012915592012885306
4179;4179;Population 4600;4600;sample_4179;2045;-0.035461216842734115
4180;4180;Population 4600;4600;sample_4180;2050;0.013734752337028457
4181;4181;Population 4600;4600;sample_4181;2055;0.035757467754482755
4182;4182;Population 4600;4600;sample_4182;2060;-0.008205770946061602
4183;4183;Population 4600;4600;sample_4183;2065;-0.03868663170084836
4184;4184;Population 4600;4600;sample_4184;2070;0.004150445727532734
4185;4185;Population 4600;4600;sample_4185;2075;0.016572287656983167
4186;4186;Population 4600;4600;sample_4186;2080;-0.02906547716101243
4187;4187;Population 4600;4600;sample_4187;2085;-0.03460506015508147
4188;4188;Population 4600;4600;sample_4188;2090;0.021841987465836744
4189;4189;Population 4600;4600;sample_4189;2095;0.006093613569772347
4190;4190;Population 4600;4600;sample_4190;2100;-0.004742318315699563
4191;4191;Population 4600;4600;sample_4191;2105;0.015617009345970167
4192;4192;Population 4600;4600;sample_4192;2110;-0.007526876955939289
4193;4193;Population 4600;4600;sample_4193;2115;-4.661875763362983e-05
4194;4194;Population 4600;4600;sample_4194;2120;0.019888808389922522
4195;4195;Population 4600;4600;sample_4195;2125;0.02870879508091472
4196;4196;Population 4600;4600;sample_4196;2130;0.004162077210172156
4197;4197;Population 4600;4600;sample_4197;2135;-0.020986213711907814
4198;4198;Population 4600;4600;sample_4198;2140;-0.010954044805455428
4199;4199;Population 4600;4600;sample_4199;2145;-0.0015054408142705386
4200;4200;Population 4600;4600;sample_4200;2150;-0.006372769839641867
4201;4201;Population 4600;4600;sample_4201;2155;-0.007118205243215642
4202;4202;Population 4600;4600;sample_4202;2160;0.004796757319575863
4203;4203;Population 4600;4600;sample_4203;2165;-0.021797223513370465
4204;4204;Population 4600;4600;sample_4204;2170;-0.015660179226904984
4205;4205;Population 4600;4600;sample_4205;2175;-0.020004671173356216
4206;4206;Population 4600;4600;sample_4206;2180;0.0057421728944961085
4207;4207;Population 4600;4600;sample_4207;2185;-0.0015409449439422545
4208;4208;Population 4600;4600;sample_4208;2190;0.008119261261980421
4209;4209;Population 4600;4600;sample_4209;2195;-0.010043391078401798
4210;4210;Population 4600;4600;sample_4210;2200;0.019182274096762736
4211;4211;Population 4600;4600;sample_4211;2205;0.00936199330043095
4212;4212;Population 4600;4600;sample_4212;2210;-0.020334976506953727
4213;4213;Population 4600;4600;sample_4213;2215;-0.005552047052337486
4214;4214;Population 4600;4600;sample_4214;2220;-0.01045658968325487
4215;4215;Population 4600;4600;sample_4215;2225;-0.0463600514706139
4216;4216;Population 4600;4600;sample_4216;2230;-0.007768611803851868
4217;4217;Population 4600;4600;sample_4217;2235;-0.02536250261520451
4218;4218;Population 4600;4600;sample_4218;2240;0.0006833370327295462
4219;4219;Population 4600;4600;sample_4219;2245;-0.016873545961269366
4220;4220;Population 4600;4600;sample_4220;2250;-0.023205003585905236
4221;4221;Population 4600;4600;sample_4221;2255;-0.02298540027493996
4222;4222;Population 4600;4600;sample_4222;2260;-0.0008494682753280783
4223;4223;Population 4600;4600;sample_4223;2265;0.017252172281175877
4224;4224;Population 4600;4600;sample_4224;2270;-0.005922751333389899
4225;4225;Population 4600;4600;sample_4225;2275;-0.02292345567514872
4226;4226;Population 4600;4600;sample_4226;2280;0.01852859305026285
4227;4227;Population 4600;4600;sample_4227;2285;-0.0016602646541847056
4228;4228;Population 4600;4600;sample_4228;2290;-0.010670375522192504
4229;4229;Population 4600;4600;sample_4229;2295;-0.012586575057606046
4230;4230;Population 4600;4600;sample_4230;2300;0.031420873933835664
4231;4231;Population 4600;4600;sample_4231;2305;0.010735599679255872
4232;4232;Population 4600;4600;sample_4232;2310;0.0012062087152698564
4233;4233;Population 4600;4600;sample_4233;2315;-0.016634718535118966
4234;4234;Population 4600;4600;sample_4234;2320;-0.0070987006155606444
4235;4235;Population 4600;4600;sample_4235;2325;-0.011627594866977245
4236;4236;Population 4600;4600;sample_4236;2330;0.0019467859066152973
4237;4237;Population 4600;4600;sample_4237;2335;-0.0158776108227519
4238;4238;Population 4600;4600;sample_4238;2340;-0.0014500298804204729
4239;4239;Population 4600;4600;sample_4239;2345;3.5405796717138136e-05
4240;4240;Population 4600;4600;sample_4240;2350;-0.007641758232970859
4241;4241;Population 4600;4600;sample_4241;2355;0.02538851043317273
4242;4242;Population 4600;4600;sample_4242;2360;0.010745652578134913
4243;4243;Population 4600;4600;sample_4243;2365;-0.016058813367965146
4244;4244;Population 4600;4600;sample_4244;2370;0.0029506463500435167
4245;4245;Population 4600;4600;sample_4245;2375;0.002546454413486901
4246;4246;Population 4600;4600;sample_4246;2380;-0.005200656354127775
4247;4247;Population 4600;4600;sample_4247;2385;-0.031287943420894186
4248;4248;Population 4600;4600;sample_4248;2390;0.015727501159684843
4249;4249;Population 4600;4600;sample_4249;2395;0.008526770921316668
4250;4250;Population 4600;4600;sample_4250;2400;-0.008927829875224304
4251;4251;Population 4600;4600;sample_4251;2405;-0.003356830691476774
4252;4252;Population 4600;4600;sample_4252;2410;-0.0006870220843192146
4253;4253;Population 4600;4600;sample_4253;2415;-0.031958334937500124
4254;4254;Population 4600;4600;sample_4254;2420;0.0024823870473989445
4255;4255;Population 4600;4600;sample_4255;2425;-0.04713826644801537
4256;4256;Population 4600;4600;sample_4256;2430;0.002527593149943464
4257;4257;Population 4600;4600;sample_4257;2435;-0.02099964028387587
4258;4258;Population 4600;4600;sample_4258;2440;-0.005887108356574593
4259;4259;Population 4600;4600;sample_4259;2445;-0.02429185196935221
4260;4260;Population 4600;4600;sample_4260;2450;0.005498603388266889
4261;4261;Population 4600;4600;sample_4261;2455;-0.008004356092659625
4262;4262;Population 4600;4600;sample_4262;2460;0.0029745209152189952
4263;4263;Population 4600;4600;sample_4263;2465;0.01132269542416726
4264;4264;Population 4600;4600;sample_4264;2470;-0.015985101109206437
4265;4265;Population 4600;4600;sample_4265;2475;-0.00873398835072837
4266;4266;Population 4600;4600;sample_4266;2480;-0.012211038761827922
4267;4267;Population 4600;4600;sample_4267;2485;-0.004158356092590647
4268;4268;Population 4600;4600;sample_4268;2490;-0.020575521154412538
4269;4269;Population 4600;4600;sample_4269;2495;-0.009441062825143584
4270;4270;Population 4600;4600;sample_4270;2500;-0.025024600812109013
4271;4271;Population 4600;4600;sample_4271;2505;-0.01535996451118183
4272;4272;Population 4600;4600;sample_4272;2510;0.008455523384326804
4273;4273;Population 4600;4600;sample_4273;2515;-0.008081121395914895
4274;4274;Population 4600;4600;sample_4274;2520;-0.005364698248791303
4275;4275;Population 4600;4600;sample_4275;2525;0.0010943027794286084
4276;4276;Population 4600;4600;sample_4276;2530;0.009609056818268603
4277;4277;Population 4600;4600;sample_4277;2535;0.002441996282361354
4278;4278;Population 4600;4600;sample_4278;2540;0.006401191061398185
4279;4279;Population 4600;4600;sample_4279;2545;-0.016232796081285954
4280;4280;Population 4600;4600;sample_4280;2550;0.02832486979447435
4281;4281;Population 4600;4600;sample_4281;2555;4.3548149957132856e-05
4282;4282;Population 4600;4600;sample_4282;2560;-0.02734617332838312
4283;4283;Population 4600;4600;sample_4283;2565;0.003912238977598445
4284;4284;Population 4600;4600;sample_4284;2570;-0.027309057786031498
4285;4285;Population 4600;4600;sample_4285;2575;0.014309553202554694
4286;4286;Population 4600;4600;sample_4286;2580;-0.021640105707337792
4287;4287;Population 4600;4600;sample_4287;2585;0.0033382644510489045
4288;4288;Population 4600;4600;sample_4288;2590;-0.010551674490329023
4289;4289;Population 4600;4600;sample_4289;2595;-0.009553348932953483
4290;4290;Population 4600;4600;sample_4290;2600;-0.0002301088469483861
4291;4291;Population 4600;4600;sample_4291;2605;0.0007891321294518499
4292;4292;Population 4600;4600;sample_4292;2610;-0.024682564510798262
4293;4293;Population 4600;4600;sample_4293;2615;-0.019483788536552627
4294;4294;Population 4600;4600;sample_4294;2620;0.0027636699466980774
4295;4295;Population 4600;4600;sample_4295;2625;-0.013419752802962209
4296;4296;Population 4600;4600;sample_4296;2630;0.005427946246905188
4297;4297;Population 4600;4600;sample_4297;2635;-0.01440900213503212
4298;4298;Population 4600;4600;sample_4298;2640;0.011725861280552962
4299;4299;Population 4600;4600;sample_4299;2645;-0.02503041408525106
4300;4300;Population 4600;4600;sample_4300;2650;-0.004604466798212558
4301;4301;Population 4600;4600;sample_4301;2655;0.009983134778387534
4302;4302;Population 4600;4600;sample_4302;2660;0.0007439914476533487
4303;4303;Population 4600;4600;sample_4303;2665;-0.018230975757553544
4304;4304;Population 4600;4600;sample_4304;2670;-0.021838645611168047
4305;4305;Population 4600;4600;sample_4305;2675;-0.014531149975127371
4306;4306;Population 4600;4600;sample_4306;2680;0.0003598606921325031
4307;4307;Population 4600;4600;sample_4307;2685;-0.0271159151828641
4308;4308;Population 4600;4600;sample_4308;2690;-0.002540429778267501
4309;4309;Population 4600;4600;sample_4309;2695;-0.005871551631074054
4310;4310;Population 4600;4600;sample_4310;2700;-0.017818675189564034
4311;4311;Population 4600;4600;sample_4311;2705;-0.002010972426570803
4312;4312;Population 4600;4600;sample_4312;2710;-0.024883243813089657
4313;4313;Population 4600;4600;sample_4313;2715;0.0034480880986929793
4314;4314;Population 4600;4600;sample_4314;2720;-0.0013910991814838636
4315;4315;Population 4600;4600;sample_4315;2725;0.012895853818494627
4316;4316;Population 4600;4600;sample_4316;2730;0.004355745672357855
4317;4317;Population 4600;4600;sample_4317;2735;-0.0031843160166157456
4318;4318;Population 4600;4600;sample_4318;2740;-0.01019860403456378
4319;4319;Population 4600;4600;sample_4319;2745;0.0017149151746519954
4320;4320;Population 4600;4600;sample_4320;2750;0.008715931374005139
4321;4321;Population 4600;4600;sample_4321;2755;-0.008418044034338153
4322;4322;Population 4600;4600;sample_4322;2760;0.014739349961496097
4323;4323;Population 4600;4600;sample_4323;2765;0.00010213268654449707
4324;4324;Population 4600;4600;sample_4324;2770;-0.004202004779251888
4325;4325;Population 4600;4600;sample_4325;2775;-0.015854161670473137
4326;4326;Population 4600;4600;sample_4326;2780;-0.010131907846848436
4327;4327;Population 4600;4600;sample_4327;2785;0.011889379970786335
4328;4328;Population 4600;4600;sample_4328;2790;0.008289747607495197
4329;4329;Population 4600;4600;sample_4329;2795;-0.0017442925104849878
4330;4330;Population 4600;4600;sample_4330;2800;-0.016918504105103836
4331;4331;Population 4600;4600;sample_4331;2805;-0.005215929316168434
4332;4332;Population 4600;4600;sample_4332;2810;0.008705155415991298
4333;4333;Population 4600;4600;sample_4333;2815;-0.00327228815876691
4334;4334;Population 4600;4600;sample_4334;2820;0.020395585300145687
4335;4335;Population 4600;4600;sample_4335;2825;0.01588720824209486
4336;4336;Population 4600;4600;sample_4336;2830;-0.03717808886882811
4337;4337;Population 4600;4600;sample_4337;2835;-0.003827892077489107
4338;4338;Population 4600;4600;sample_4338;2840;0.008783346690726673
4339;4339;Population 4600;4600;sample_4339;2845;-0.013979491710183183
4340;4340;Population 4600;4600;sample_4340;2850;-0.013252906640629442
4341;4341;Population 4600;4600;sample_4341;2855;-0.00631230705329546
4342;4342;Population 4600;4600;sample_4342;2860;-0.013636982293591582
4343;4343;Population 4600;4600;sample_4343;2865;-0.004170275733165616
4344;4344;Population 4600;4600;sample_4344;2870;-0.016149572165688346
4345;4345;Population 4600;4600;sample_4345;2875;0.009844446064773537
4346;4346;Population 4600;4600;sample_4346;2880;-0.0050811855932999285
4347;4347;Population 4600;4600;sample_4347;2885;-0.019686944351577067
4348;4348;Population 4600;4600;sample_4348;2890;-0.005663759708958338
4349;4349;Population 4600;4600;sample_4349;2895;0.008226822211456318
4350;4350;Population 4600;4600;sample_4350;2900;0.006906418950541275
4351;4351;Population 4600;4600;sample_4351;2905;-0.007667404131930588
4352;4352;Population 4600;4600;sample_4352;2910;0.0043675405593518075
4353;4353;Population 4600;4600;sample_4353;2915;0.014947721566150414
4354;4354;Population 4600;4600;sample_4354;2920;0.03242418208771767
4355;4355;Population 4600;4600;sample_4355;2925;-0.005044440082149694
4356;4356;Population 4600;4600;sample_4356;2930;0.006553029118966322
4357;4357;Population 4600;4600;sample_4357;2935;-0.02890997576835185
4358;4358;Population 4600;4600;sample_4358;2940;-0.005987635860775806
4359;4359;Population 4600;4600;sample_4359;2945;-0.011490276648570162
4360;4360;Population 4600;4600;sample_4360;2950;0.0188321060171749
4361;4361;Population 4600;4600;sample_4361;2955;-0.010296182403243854
4362;4362;Population 4600;4600;sample_4362;2960;-0.024206640946162834
4363;4363;Population 4600;4600;sample_4363;2965;0.007330603540980194
4364;4364;Population 4600;4600;sample_4364;2970;-0.014587552251060872
4365;4365;Population 4600;4600;sample_4365;2975;-0.009039749183942214
4366;4366;Population 4600;4600;sample_4366;2980;-0.014584432912728732
4367;4367;Population 4600;4600;sample_4367;2985;-0.0032345716753467697
4368;4368;Population 4600;4600;sample_4368;2990;-0.00448340343034667
4369;4369;Population 4600;4600;sample_4369;2995;0.007334515237496571
4370;4370;Population 4600;4600;sample_4370;3000;-0.008177530851922831
4371;4371;Population 4600;4600;sample_4371;3005;-0.005785727361102163
4372;4372;Population 4600;4600;sample_4372;3010;0.0008844082379324576
4373;4373;Population 4600;4600;sample_4373;3015;0.015995662948358802
4374;4374;Population 4600;4600;sample_4374;3020;0.004857270956842106
4375;4375;Population 4600;4600;sample_4375;3025;-0.009150456273545333
4376;4376;Population 4600;4600;sample_4376;3030;-0.008050691249734357
4377;4377;Population 4600;4600;sample_4377;3035;-0.0008517200758659791
4378;4378;Population 4600;4600;sample_4378;3040;-0.001146808125448494
4379;4379;Population 4600;4600;sample_4379;3045;-0.002183291968043683
4380;4380;Population 4600;4600;sample_4380;3050;-0.005229628818815708
4381;4381;Population 4600;4600;sample_4381;3055;-0.01653070170596429
4382;4382;Population 4600;4600;sample_4382;3060;-0.0038233229101505913
4383;4383;Population 4600;4600;sample_4383;3065;-0.002562304325725458
4384;4384;Population 4600;4600;sample_4384;3070;-0.007565262686100937
4385;4385;Population 4600;4600;sample_4385;3075;-0.0030282496305891003
4386;4386;Population 4600;4600;sample_4386;3080;-0.010432112841553884
4387;4387;Population 4600;4600;sample_4387;3085;-0.019290277601273734
4388;4388;Population 4600;4600;sample_4388;3090;-0.0058595070982796395
4389;4389;Population 4600;4600;sample_4389;3095;-0.004073756096841494
4390;4390;Population 4600;4600;sample_4390;3100;-0.01848416108717187
4391;4391;Population 4600;4600;sample_4391;3105;-0.031590404644728357
4392;4392;Population 4600;4600;sample_4392;3110;-0.00530922961807868
4393;4393;Population 4600;4600;sample_4393;3115;0.018771653460455326
4394;4394;Population 4600;4600;sample_4394;3120;0.008895021238195418
4395;4395;Population 4600;4600;sample_4395;3125;-0.015705433638412786
4396;4396;Population 4600;4600;sample_4396;3130;0.00011681213685383537
4397;4397;Population 4600;4600;sample_4397;3135;0.009232755561269172
4398;4398;Population 4600;4600;sample_4398;3140;-0.0029910764933042604
4399;4399;Population 4600;4600;sample_4399;3145;-0.01685331876759408
4400;4400;Population 4600;4600;sample_4400;3150;0.0038654170583841694
4401;4401;Population 4600;4600;sample_4401;3155;-0.0028082220064945787
4402;4402;Population 4600;4600;sample_4402;3160;-0.032687856157742945
4403;4403;Population 4600;4600;sample_4403;3165;0.007730366431101867
4404;4404;Population 4600;4600;sample_4404;3170;0.004242737079819652
4405;4405;Population 4600;4600;sample_4405;3175;0.010957987718493883
4406;4406;Population 4600;4600;sample_4406;3180;-0.009085387502224627
4407;4407;Population 4600;4600;sample_4407;3185;-0.0068025678907270865
4408;4408;Population 4600;4600;sample_4408;3190;0.007178204732513709
4409;4409;Population 4600;4600;sample_4409;3195;0.005919411358600366
4410;4410;Population 4600;4600;sample_4410;3200;-0.028636207746841436
4411;4411;Population 4600;4600;sample_4411;3205;-0.013149770548586973
4412;4412;Population 4600;4600;sample_4412;3210;-0.011519060790143112
4413;4413;Population 4600;4600;sample_4413;3215;-0.0009308933798924231
4414;4414;Population 4600;4600;sample_4414;3220;0.0059595147973252665
4415;4415;Population 4600;4600;sample_4415;3225;-0.0019237224355630942
4416;4416;Population 4600;4600;sample_4416;3230;-0.000600799786761277
4417;4417;Population 4600;4600;sample_4417;3235;-0.010278478576852757
4418;4418;Population 4600;4600;sample_4418;3240;0.0012886141628020353
4419;4419;Population 4600;4600;sample_4419;3245;0.002881163679699598
4420;4420;Population 4600;4600;sample_4420;3250;-0.01166978896979765
4421;4421;Population 4600;4600;sample_4421;3255;-0.0002855764200868666
4422;4422;Population 4600;4600;sample_4422;3260;-0.008562312620566764
4423;4423;Population 4600;4600;sample_4423;3265;-0.016196822977978295
4424;4424;Population 4600;4600;sample_4424;3270;0.009173394469791077
4425;4425;Population 4600;4600;sample_4425;3275;-0.01199705765649931
4426;4426;Population 4600;4600;sample_4426;3280;0.002039873370209492
4427;4427;Population 4600;4600;sample_4427;3285;0.005922055505165915
4428;4428;Population 4600;4600;sample_4428;3290;0.013361512648136028
4429;4429;Population 4600;4600;sample_4429;3295;0.0022125766048411697
4430;4430;Population 4600;4600;sample_4430;3300;0.001898296182068995
4431;4431;Population 4600;4600;sample_4431;3305;-0.009743090167831408
4432;4432;Population 4600;4600;sample_4432;3310;0.004651402766363051
4433;4433;Population 4600;4600;sample_4433;3315;0.009202970026391366
4434;4434;Population 4600;4600;sample_4434;3320;0.0028900000257096317
4435;4435;Population 4600;4600;sample_4435;3325;-0.012457580307723173
4436;4436;Population 4600;4600;sample_4436;3330;0.0007644811545303226
4437;4437;Population 4600;4600;sample_4437;3335;-0.0011696246908576105
4438;4438;Population 4600;4600;sample_4438;3340;-7.959292384042916e-05
4439;4439;Population 4600;4600;sample_4439;3345;0.007292341014426872
4440;4440;Population 4600;4600;sample_4440;3350;-0.003457188031041636
4441;4441;Population 4600;4600;sample_4441;3355;-0.01075506678254758
4442;4442;Population 4600;4600;sample_4442;3360;0.006649758030727017
4443;4443;Population 4600;4600;sample_4443;3365;-0.0032479576646615082
4444;4444;Population 4600;4600;sample_4444;3370;-0.007480349299027014
4445;4445;Population 4600;4600;sample_4445;3375;-0.009324218546098896
4446;4446;Population 4600;4600;sample_4446;3380;-0.0024753598389147813
4447;4447;Population 4600;4600;sample_4447;3385;-0.003924711413158627
4448;4448;Population 4600;4600;sample_4448;3390;0.0009931722379398237
4449;4449;Population 4600;4600;sample_4449;3395;-0.025199958324874486
4450;4450;Population 4600;4600;sample_4450;3400;-0.01779312876415374
4451;4451;Population 4600;4600;sample_4451;3405;-0.006282408460998622
4452;4452;Population 4600;4600;sample_4452;3410;-0.017831190439619535
4453;4453;Population 4600;4600;sample_4453;3415;-0.012362490595822171
4454;4454;Population 4600;4600;sample_4454;3420;0.008076022031700748
4455;4455;Population 4600;4600;sample_4455;3425;0.01690736252951936
4456;4456;Population 4600;4600;sample_4456;3430;-0.010904194786157423
4457;4457;Population 4600;4600;sample_4457;3435;-0.008765568870444121
4458;4458;Population 4600;4600;sample_4458;3440;0.004897263258058874
4459;4459;Population 4600;4600;sample_4459;3445;-0.013045387890277357
4460;4460;Population 4600;4600;sample_4460;3450;0.011172501405680518
4461;4461;Population 4600;4600;sample_4461;3455;0.001709530690031114
4462;4462;Population 4600;4600;sample_4462;3460;-0.002757300029414837
4463;4463;Population 4600;4600;sample_4463;3465;-0.0018647028834812823
4464;4464;Population 4600;4600;sample_4464;3470;-0.0007650999762484418
4465;4465;Population 4600;4600;sample_4465;3475;-0.004909794578121433
4466;4466;Population 4600;4600;sample_4466;3480;-0.015511067348056866
4467;4467;Population 4600;4600;sample_4467;3485;-0.008239880486231699
4468;4468;Population 4600;4600;sample_4468;3490;-0.00016236840880048232
4469;4469;Population 4600;4600;sample_4469;3495;-0.0021465487207231585
4470;4470;Population 4600;4600;sample_4470;3500;-0.0044219954697865905
4471;4471;Population 4600;4600;sample_4471;3505;4.549309006512418e-05
4472;4472;Population 4600;4600;sample_4472;3510;0.00690021261412722
4473;4473;Population 4600;4600;sample_4473;3515;-0.015182969929125479
4474;4474;Population 4600;4600;sample_4474;3520;-0.010834243948117935
4475;4475;Population 4600;4600;sample_4475;3525;-0.00316608766886605
4476;4476;Population 4600;4600;sample_4476;3530;-0.027372472573028286
4477;4477;Population 4600;4600;sample_4477;3535;-0.003360396264283438
4478;4478;Population 4600;4600;sample_4478;3540;-0.00902658620062792
4479;4479;Population 4600;4600;sample_4479;3545;-0.0006790635244302451
4480;4480;Population 4600;4600;sample_4480;3550;-0.011233206863143714
4481;4481;Population 4600;4600;sample_4481;3555;0.006231416879157607
4482;4482;Population 4600;4600;sample_4482;3560;-0.009087618643392375
4483;4483;Population 4600;4600;sample_4483;3565;-0.0017513570897154341
4484;4484;Population 4600;4600;sample_4484;3570;-0.004063284835710425
4485;4485;Population 4600;4600;sample_4485;3575;-0.011396115693378934
4486;4486;Population 4600;4600;sample_4486;3580;-0.009164310439487589
4487;4487;Population 4600;4600;sample_4487;3585;-0.0037012666966144774
4488;4488;Population 4600;4600;sample_4488;3590;-0.006343913227080504
4489;4489;Population 4600;4600;sample_4489;3595;0.022746264331147292
4490;4490;Population 4600;4600;sample_4490;3600;-0.006200325586631049
4491;4491;Population 4600;4600;sample_4491;3605;-0.01168833603258449
4492;4492;Population 4600;4600;sample_4492;3610;-0.00401111414084542
4493;4493;Population 4600;4600;sample_4493;3615;-0.01593049841403122
4494;4494;Population 4600;4600;sample_4494;3620;-0.013632698506263714
4495;4495;Population 4600;4600;sample_4495;3625;0.007342635039409219
4496;4496;Population 4600;4600;sample_4496;3630;-0.00527800000642091
4497;4497;Population 4600;4600;sample_4497;3635;-0.005797569026290114
4498;4498;Population 4600;4600;sample_4498;3640;-0.003903435496446905
4499;4499;Population 4600;4600;sample_4499;3645;0.00922700063425233
4500;4500;Population 4600;4600;sample_4500;3650;0.003537285984434958
4501;4501;Population 4600;4600;sample_4501;3655;-0.0022759032680695016
4502;4502;Population 4600;4600;sample_4502;3660;0.004610808759697505
4503;4503;Population 4600;4600;sample_4503;3665;-0.004054867776240074
4504;4504;Population 4600;4600;sample_4504;3670;-0.0050480242507358625
4505;4505;Population 4600;4600;sample_4505;3675;0.008475912601320442
4506;4506;Population 4600;4600;sample_4506;3680;-0.009010899716069758
4507;4507;Population 4600;4600;sample_4507;3685;-0.0011227622837306766
4508;4508;Population 4600;4600;sample_4508;3690;0.0037142997761036305
4509;4509;Population 4600;4600;sample_4509;3695;-0.00731528161453562
4510;4510;Population 4600;4600;sample_4510;3700;-0.0029488112390176338
4511;4511;Population 4600;4600;sample_4511;3705;-0.007864379879774362
4512;4512;Population 4600;4600;sample_4512;3710;-0.021536292168077967
4513;4513;Population 4600;4600;sample_4513;3715;-0.009707712208484754
4514;4514;Population 4600;4600;sample_4514;3720;0.006444872498972502
4515;4515;Population 4600;4600;sample_4515;3725;-0.004774698742781611
4516;4516;Population 4600;4600;sample_4516;3730;0.003892497056698116
4517;4517;Population 4600;4600;sample_4517;3735;-0.012450645001449134
4518;4518;Population 4600;4600;sample_4518;3740;0.005197880365791497
4519;4519;Population 4600;4600;sample_4519;3745;-0.003961269290470357
4520;4520;Population 4600;4600;sample_4520;3750;-0.008414734336877429
4521;4521;Population 4600;4600;sample_4521;3755;0.0023924472252393816
4522;4522;Population 4600;4600;sample_4522;3760;-0.01031540987350793
4523;4523;Population 4600;4600;sample_4523;3765;0.00023574053143941002
4524;4524;Population 4600;4600;sample_4524;3770;-0.012247770558387511
4525;4525;Population 4600;4600;sample_4525;3775;-0.02402955323344477
4526;4526;Population 4600;4600;sample_4526;3780;-0.004949656378885378
4527;4527;Population 4600;4600;sample_4527;3785;-0.008679133538103538
4528;4528;Population 4600;4600;sample_4528;3790;-0.015041870782442084
4529;4529;Population 4600;4600;sample_4529;3795;-0.00018016877770460308
4530;4530;Population 4600;4600;sample_4530;3800;-0.0018404529567988975
4531;4531;Population 4600;4600;sample_4531;3805;-0.007386985136508686
4532;4532;Population 4600;4600;sample_4532;3810;-0.005648401855763959
4533;4533;Population 4600;4600;sample_4533;3815;-0.01800574109547564
4534;4534;Population 4600;4600;sample_4534;3820;0.0008567435967563615
4535;4535;Population 4600;4600;sample_4535;3825;-0.009279394643619685
4536;4536;Population 4600;4600;sample_4536;3830;-0.008378696838031297
4537;4537;Population 4600;4600;sample_4537;3835;0.004129690091697206
4538;4538;Population 4600;4600;sample_4538;3840;0.008553025836626397
4539;4539;Population 4600;4600;sample_4539;3845;-0.005312955350950222
4540;4540;Population 4600;4600;sample_4540;3850;-0.007620966587355776
4541;4541;Population 4600;4600;sample_4541;3855;-0.013054591165719819
4542;4542;Population 4600;4600;sample_4542;3860;-0.011635833788971825
4543;4543;Population 4600;4600;sample_4543;3865;-0.009485541926884477
4544;4544;Population 4600;4600;sample_4544;3870;-0.008576073097723944
4545;4545;Population 4600;4600;sample_4545;3875;-0.012961358597941902
4546;4546;Population 4600;4600;sample_4546;3880;-0.0026868623881995445
4547;4547;Population 4600;4600;sample_4547;3885;-0.004590913664968895
4548;4548;Population 4600;4600;sample_4548;3890;0.002073664782217533
4549;4549;Population 4600;4600;sample_4549;3895;-0.009558559916894707
4550;4550;Population 4600;4600;sample_4550;3900;-0.010260009615390654
4551;4551;Population 4600;4600;sample_4551;3905;0.013038564915565558
4552;4552;Population 4600;4600;sample_4552;3910;-0.008577550363846057
4553;4553;Population 4600;4600;sample_4553;3915;-0.0023405119416652466
4554;4554;Population 4600;4600;sample_4554;3920;-0.014133024660135786
4555;4555;Population 4600;4600;sample_4555;3925;0.0032451842785789953
4556;4556;Population 4600;4600;sample_4556;3930;0.015573859465608126
4557;4557;Population 4600;4600;sample_4557;3935;-0.009041442443279462
4558;4558;Population 4600;4600;sample_4558;3940;-0.015531965489899522
4559;4559;Population 4600;4600;sample_4559;3945;-0.016044962913781574
4560;4560;Population 4600;4600;sample_4560;3950;-0.01714446857409104
4561;4561;Population 4600;4600;sample_4561;3955;-0.005264611417463455
4562;4562;Population 4600;4600;sample_4562;3960;-0.010323094259043495
4563;4563;Population 4600;4600;sample_4563;3965;0.004852344237023453
4564;4564;Population 4600;4600;sample_4564;3970;-0.0034626550026913587
4565;4565;Population 4600;4600;sample_4565;3975;-0.013782363300664385
4566;4566;Population 4600;4600;sample_4566;3980;-0.007526334585881032
4567;4567;Population 4600;4600;sample_4567;3985;-0.007888015572781223
4568;4568;Population 4600;4600;sample_4568;3990;-0.004041474392345507
4569;4569;Population 4600;4600;sample_4569;3995;0.003266803898476485
4570;4570;Population 4600;4600;sample_4570;4000;0.002890569154864802
4571;4571;Population 4600;4600;sample_4571;4005;5.291408628643727e-05
4572;4572;Population 4600;4600;sample_4572;4010;-0.006686961599333983
4573;4573;Population 4600;4600;sample_4573;4015;-0.010353972170829527
4574;4574;Population 4600;4600;sample_4574;4020;-0.008771411481085586
4575;4575;Population 4600;4600;sample_4575;4025;0.0059535392024166215
4576;4576;Population 4600;4600;sample_4576;4030;-0.004787463228899717
4577;4577;Population 4600;4600;sample_4577;4035;-0.008455224111323467
4578;4578;Population 4600;4600;sample_4578;4040;-0.0035100994737402432
4579;4579;Population 4600;4600;sample_4579;4045;-0.01122242460926826
4580;4580;Population 4600;4600;sample_4580;4050;-0.008890383564920062
4581;4581;Population 4600;4600;sample_4581;4055;-0.007698443912792215
4582;4582;Population 4600;4600;sample_4582;4060;0.00024861531949927924
4583;4583;Population 4600;4600;sample_4583;4065;-0.004101101274115014
4584;4584;Population 4600;4600;sample_4584;4070;-0.0067822601643416506
4585;4585;Population 4600;4600;sample_4585;4075;0.0037652761613864616
4586;4586;Population 4600;4600;sample_4586;4080;-0.0028815377051558703
4587;4587;Population 4600;4600;sample_4587;4085;-0.004972695606418636
4588;4588;Population 4600;4600;sample_4588;4090;0.0009231978588270656
4589;4589;Population 4600;4600;sample_4589;4095;-0.009312475470608109
4590;4590;Population 4600;4600;sample_4590;4100;-0.008848717269299937
4591;4591;Population 4600;4600;sample_4591;4105;-0.009784535438052442
4592;4592;Population 4600;4600;sample_4592;4110;-0.01420975632798037
4593;4593;Population 4600;4600;sample_4593;4115;-0.016849515148153422
4594;4594;Population 4600;4600;sample_4594;4120;0.00394226314854476
4595;4595;Population 4600;4600;sample_4595;4125;-0.0077292856044858275
4596;4596;Population 4600;4600;sample_4596;4130;-0.0017090865170582756
4597;4597;Population 4600;4600;sample_4597;4135;-0.005223308898482796
4598;4598;Population 4600;4600;sample_4598;4140;-0.007823177970063006
4599;4599;Population 4600;4600;sample_4599;4145;-0.006728562170967277
4600;4600;Population 4600;4600;sample_4600;4150;0.0017479392372676634
4601;4601;Population 4600;4600;sample_4601;4155;-0.014592309047536388
4602;4602;Population 4600;4600;sample_4602;4160;-0.008415851637136975
4603;4603;Population 4600;4600;sample_4603;4165;-0.006836056961010771
4604;4604;Population 4600;4600;sample_4604;4170;-0.008466673679370675
4605;4605;Population 4600;4600;sample_4605;4175;0.0006085781985467044
4606;4606;Population 4600;4600;sample_4606;4180;-0.005468463049156005
4607;4607;Population 4600;4600;sample_4607;4185;-0.002731692268506504
4608;4608;Population 4600;4600;sample_4608;4190;0.002321611236325374
4609;4609;Population 4600;4600;sample_4609;4195;0.0042573547319459506
4610;4610;Population 4600;4600;sample_4610;4200;-0.009066027899869253
4611;4611;Population 4600;4600;sample_4611;4205;0.0006813013633139144
4612;4612;Population 4600;4600;sample_4612;4210;0.0029822309465803495
4613;4613;Population 4600;4600;sample_4613;4215;0.0014595910689959972
4614;4614;Population 4600;4600;sample_4614;4220;0.0009031063477570227
4615;4615;Population 4600;4600;sample_4615;4225;-0.005820483252008698
4616;4616;Population 4600;4600;sample_4616;4230;-0.0029111140162880723
4617;4617;Population 4600;4600;sample_4617;4235;-0.012253891320641036
4618;4618;Population 4600;4600;sample_4618;4240;-0.009414142475391317
4619;4619;Population 4600;4600;sample_4619;4245;-0.006506745169938271
4620;4620;Population 4600;4600;sample_4620;4250;0.009085698601014285
4621;4621;Population 4600;4600;sample_4621;4255;-0.0016101592750168842
4622;4622;Population 4600;4600;sample_4622;4260;-0.0035036907330824956
4623;4623;Population 4600;4600;sample_4623;4265;0.00036317129632631995
4624;4624;Population 4600;4600;sample_4624;4270;-0.012634266409736828
4625;4625;Population 4600;4600;sample_4625;4275;0.0021294551028894714
4626;4626;Population 4600;4600;sample_4626;4280;-0.004138772648555703
4627;4627;Population 4600;4600;sample_4627;4285;-0.000956062721039118
4628;4628;Population 4600;4600;sample_4628;4290;-0.0015032453669191854
4629;4629;Population 4600;4600;sample_4629;4295;-0.010995143267373539
4630;4630;Population 4600;4600;sample_4630;4300;-0.008965939519034669
4631;4631;Population 4600;4600;sample_4631;4305;-0.001292634514546002
4632;4632;Population 4600;4600;sample_4632;4310;-0.0014218855925073402
4633;4633;Population 4600;4600;sample_4633;4315;0.003268774035486043
4634;4634;Population 4600;4600;sample_4634;4320;-0.008472532838544555
4635;4635;Population 4600;4600;sample_4635;4325;-0.004722061726242554
4636;4636;Population 4600;4600;sample_4636;4330;-0.005108382290154379
4637;4637;Population 4600;4600;sample_4637;4335;0.0026458958488989456
4638;4638;Population 4600;4600;sample_4638;4340;-0.004550816980655637
4639;4639;Population 4600;4600;sample_4639;4345;-0.005841801580097539
4640;4640;Population 4600;4600;sample_4640;4350;0.0012714161227672179
4641;4641;Population 4600;4600;sample_4641;4355;-0.01633687756373127
4642;4642;Population 4600;4600;sample_4642;4360;-0.002325170282663623
4643;4643;Population 4600;4600;sample_4643;4365;-0.0006924235627864503
4644;4644;Population 4600;4600;sample_4644;4370;-0.005569799218781784
4645;4645;Population 4600;4600;sample_4645;4375;-0.008899080889801271
4646;4646;Population 4600;4600;sample_4646;4380;-0.008874313222756693
4647;4647;Population 4600;4600;sample_4647;4385;-0.007153221583815827
4648;4648;Population 4600;4600;sample_4648;4390;-0.006063129975917157
4649;4649;Population 4600;4600;sample_4649;4395;0.0004208760667358539
4650;4650;Population 4600;4600;sample_4650;4400;-0.002934296338079325
4651;4651;Population 4600;4600;sample_4651;4405;-0.006361392572392205
4652;4652;Population 4600;4600;sample_4652;4410;-0.007968225784239188
4653;4653;Population 4600;4600;sample_4653;4415;-0.0006018565770360147
4654;4654;Population 4600;4600;sample_4654;4420;-0.004960447337167689
4655;4655;Population 4600;4600;sample_4655;4425;-0.00632683004739023
4656;4656;Population 4600;4600;sample_4656;4430;-0.018300786804562354
4657;4657;Population 4600;4600;sample_4657;4435;-0.0016409601953864276
4658;4658;Population 4600;4600;sample_4658;4440;-0.0042920833039728256
4659;4659;Population 4600;4600;sample_4659;4445;-0.00902438863955709
4660;4660;Population 4600;4600;sample_4660;4450;-0.002397531537624324
4661;4661;Population 4600;4600;sample_4661;4455;-0.009742909683652962
4662;4662;Population 4600;4600;sample_4662;4460;0.0018502958464700894
4663;4663;Population 4600;4600;sample_4663;4465;-0.005221565431955473
4664;4664;Population 4600;4600;sample_4664;4470;-0.0009516203168953146
4665;4665;Population 4600;4600;sample_4665;4475;-0.014950839189606732
4666;4666;Population 4600;4600;sample_4666;4480;-0.0053358124524172604
4667;4667;Population 4600;4600;sample_4667;4485;-0.008571070135047725
4668;4668;Population 4600;4600;sample_4668;4490;-0.004321059785408086
4669;4669;Population 4600;4600;sample_4669;4495;-0.002362132744242165
4670;4670;Population 4600;4600;sample_4670;4500;-0.005264577423153416
4671;4671;Population 4600;4600;sample_4671;4505;0.006495331751467141
4672;4672;Population 4600;4600;sample_4672;4510;-0.006904353032310684
4673;4673;Population 4600;4600;sample_4673;4515;-0.0037377369526710113
4674;4674;Population 4600;4600;sample_4674;4520;-0.0011775886252501895
4675;4675;Population 4600;4600;sample_4675;4525;-0.006555823323497237
4676;4676;Population 4600;4600;sample_4676;4530;0.004330788947071643
4677;4677;Population 4600;4600;sample_4677;4535;-0.01001048100327154
4678;4678;Population 4600;4600;sample_4678;4540;-0.006945421591383776
4679;4679;Population 4600;4600;sample_4679;4545;-0.0025060650373588886
4680;4680;Population 4600;4600;sample_4680;4550;-0.006400727462337905
4681;4681;Population 4600;4600;sample_4681;4555;-0.002289382318131138
4682;4682;Population 4600;4600;sample_4682;4560;-0.006499605587464394
4683;4683;Population 4600;4600;sample_4683;4565;-0.007712358436014675
4684;4684;Population 4600;4600;sample_4684;4570;-0.009236272450105224
4685;4685;Population 4600;4600;sample_4685;4575;-0.00127836719436608
4686;4686;Population 4600;4600;sample_4686;4580;-0.006704454566780754
4687;4687;Population 4600;4600;sample_4687;4585;-0.002825794741043862
4688;4688;Population 4600;4600;sample_4688;4590;-0.006027029110492387
4689;4689;Population 4600;4600;sample_4689;4595;-0.0008930783988070415
